omega_meV,Dcp,A_electronica,B_electronica
0.0,0.0,0.0,0.0
0.022729850680857713,1.1374412187707599e-08,4.0742432934767607e-07,4.6245864299739715e-07
0.04545970136171543,1.4224157908498276e-09,3.824300040225247e-07,4.92723503230031e-07
0.06818955204257314,3.922824813556313e-10,3.5897363123653737e-07,5.249742409693012e-07
0.09091940272343085,1.7005412771401267e-10,3.369605797203772e-07,5.593411580758854e-07
0.11364925340428857,8.922264538402629e-11,3.163020406739895e-07,5.959631054588959e-07
0.13637910408514628,5.103825763725386e-11,2.9691466954576924e-07,6.349880438699437e-07
0.159108954766004,3.153205901707214e-11,2.7872024988013007e-07,6.765736414969052e-07
0.1818388054468617,2.1973494240886743e-11,2.6164537777972853e-07,7.208879107572368e-07
0.2045686561277194,1.6870191489591505e-11,2.456211658369457e-07,7.681098867980373e-07
0.22729850680857713,1.2840978438514026e-11,2.3058296527630985e-07,8.184303505744795e-07
0.25002835748943486,9.994908223808872e-12,2.1647010511129482e-07,8.720525992527474e-07
0.27275820817029256,8.283759770670366e-12,2.0322564747176986e-07,9.291932671441734e-07
0.29548805885115026,6.736544537363748e-12,1.9079615786461592e-07,9.900832005192745e-07
0.318217909532008,5.615179025190877e-12,1.7913148964724158e-07,1.0549683896930771e-06
0.3409477602128657,4.685883309397801e-12,1.681845817472232e-07,1.1241109622546057e-06
0.3636776108937234,3.898086721797362e-12,1.5791126877781072e-07,1.1977902413974883e-06
0.3864074615745811,3.1960083858373263e-12,1.4827010289773257e-07,1.2763038736190074e-06
0.4091373122554388,2.765278371286391e-12,1.392221865994119e-07,1.3599690303106337e-06
0.43186716293629657,2.362541944502653e-12,1.307310157844237e-07,1.4491236881183146e-06
0.45459701361715427,1.9586631916731814e-12,1.2276233251246966e-07,1.5441279931793912e-06
0.47732686429801197,1.644707063698774e-12,1.1528398676568319e-07,1.645365714767152e-06
0.5000567149788697,1.374827608025264e-12,1.0826580679956041e-07,1.7532457941955237e-06
0.5227865656597274,1.1851650748753666e-12,1.016794773642125e-07,1.8682039951066308e-06
0.5455164163405851,1.0405142252451114e-12,9.549842551457013e-08,1.990704661969887e-06
0.5682462670214429,9.11511343452891e-13,8.96977133857771e-08,2.121242593675887e-06
0.5909761177023005,8.072137298503201e-13,8.425393760796292e-08,2.2603450398490546e-06
0.6137059683831583,6.9715651486655e-13,7.91451348394387e-08,2.408573827890725e-06
0.636435819064016,6.003091100267745e-13,7.43506932329624e-08,2.566527629258615e-06
0.6591656697448737,5.520060618668847e-13,6.985126919091567e-08,2.7348443741170005e-06
0.6818955204257314,4.887485816606722e-13,6.562870942269611e-08,2.914203824000456e-06
0.7046253711065891,4.201414140461341e-13,6.166597761571557e-08,3.105330312852202e-06
0.7273552217874468,3.822500215887273e-13,5.794708575732581e-08,3.3089956673827683e-06
0.7500850724683046,3.7115187019561814e-13,5.4457029624558435e-08,3.5260223184444285e-06
0.7728149231491622,3.324418298372151e-13,5.1181728242786576e-08,3.7572866159664564e-06
0.79554477383002,3.1672673948665497e-13,4.8107967080194614e-08,4.0037223605237375e-06
0.8182746245108776,2.9917430467967656e-13,4.5223344717571834e-08,4.266324565887216e-06
0.8410044751917354,2.740182766155264e-13,4.251622284252747e-08,4.5461534673884015e-06
0.8637343258725931,2.458585673237302e-13,3.997567929056062e-08,4.844338792210469e-06
0.8864641765534508,2.2994455466519105e-13,3.7591463937609516e-08,5.162084308611646e-06
0.9091940272343085,2.107991295319703e-13,3.5353957423327456e-08,5.5006726722169926e-06
0.9319238779151663,1.960454852791656e-13,3.325413225638346e-08,5.861470588645681e-06
0.9546537285960239,1.8216274292294166e-13,3.1283516455672156e-08,6.245934313057988e-06
0.9773835792768817,1.696786889681924e-13,2.9434159336961954e-08,6.655615508410531e-06
1.0001134299577394,1.5734917617285632e-13,2.7698599458517427e-08,7.092167485739547e-06
1.0228432806385972,1.4789057656303316e-13,2.6069834492740074e-08,7.557351851183239e-06
1.0455731313194547,1.3331418222953632e-13,2.4541292986027568e-08,8.053045586031609e-06
1.0683029820003125,1.2786423588237525e-13,2.310680786635294e-08,8.581248587876524e-06
1.0910328326811702,1.2262541395205516e-13,2.176059150672634e-08,9.144091702541242e-06
1.113762683362028,1.183530909547253e-13,2.0497212447123827e-08,9.743845278522806e-06
1.1364925340428857,1.0795661820605334e-13,1.9311573418739357e-08,1.038292827764623e-05
1.1592223847237433,1.0394979600192144e-13,1.819889082108631e-08,1.1063917977572147e-05
1.181952235404601,1.0079881423497041e-13,1.715467539167726e-08,1.1789560304461399e-05
1.2046820860854588,9.434670132375557e-14,1.6174714105848432e-08,1.2562780835945353e-05
1.2274119367663165,8.486958253999149e-14,1.5255053193674712e-08,1.3386696517654502e-05
1.2501417874471743,8.028354420107373e-14,1.4391982160929896e-08,1.426462813874278e-05
1.272871638128032,7.958511921263759e-14,1.3582018841402626e-08,1.5200113615027063e-05
1.2956014888088896,7.71504441006135e-14,1.2821895336724384e-08,1.6196922131232615e-05
1.3183313394897473,7.223637668373667e-14,1.2108544816260179e-08,1.7259069196934595e-05
1.341061190170605,6.729048501296811e-14,1.1439089197535633e-08,1.8390832674344272e-05
1.3637910408514629,6.339285575115192e-14,1.0810827457262755e-08,1.959676983950723e-05
1.3865208915323206,5.734845129335914e-14,1.0221224802250346e-08,2.0881735542153016e-05
1.4092507422131781,5.600489386546043e-14,9.667902398925361e-09,2.2250901533642148e-05
1.431980592894036,5.016184658242396e-14,9.148627805181605e-09,2.3709777036310657e-05
1.4547104435748937,5.041471640179206e-14,8.66130593678813e-09,2.5264230632249644e-05
1.4774402942557514,4.5522718567660175e-14,8.203970626504108e-09,2.692051355380069e-05
1.5001701449366092,4.2930846215946166e-14,7.774776697134317e-09,2.8685284463233338e-05
1.5228999956174667,4.2056195692695343e-14,7.371992517683168e-09,3.0565635814055366e-05
1.5456298462983245,4.0829002552714e-14,6.993993001500032e-09,3.256912189168958e-05
1.5683596969791822,3.9015299632124645e-14,6.639253056650882e-09,3.470378863699044e-05
1.59108954766004,3.7504794799802424e-14,6.306341447412101e-09,3.697820536188538e-05
1.6138193983408977,3.557961275883358e-14,5.993914994983207e-09,3.940149847262861e-05
1.6365492490217552,3.3992927974090613e-14,5.700713172153016e-09,4.198338732248863e-05
1.659279099702613,3.22593890762597e-14,5.425553023441205e-09,4.4734222322347444e-05
1.6820089503834708,3.035495119183631e-14,5.167324386734296e-09,4.766502544485498e-05
1.7047388010643285,2.976928646037202e-14,4.92498540270427e-09,5.078753326461157e-05
1.7274686517451863,2.8572933161434225e-14,4.697558322255467e-09,5.4114242684670534e-05
1.750198502426044,2.5512858242108836e-14,4.484125564065553e-09,5.7658459506977854e-05
1.7729283531069016,2.634391388859473e-14,4.283826008512936e-09,6.143435001268294e-05
1.7956582037877593,2.5004295944979814e-14,4.095851524550929e-09,6.545699572586808e-05
1.818388054468617,2.5031172307943345e-14,3.919443708978239e-09,6.974245154290385e-05
1.8411179051494748,2.4418187955480824e-14,3.753890820979307e-09,7.430780741789656e-05
1.8638477558303326,2.3691408012784974e-14,3.598524915342116e-09,7.917125380304866e-05
1.88657760651119,2.3219750520022806e-14,3.4527191572283796e-09,8.435215105145076e-05
1.9093074571920479,2.1608567623563248e-14,3.3158852774180962e-09,8.987110299826295e-05
1.9320373078729056,1.9809309782318656e-14,3.187471202238161e-09,9.575003494447885e-05
1.9547671585537634,1.981103250618837e-14,3.06695882394237e-09,0.00010201227627587141
1.9774970092346211,1.922066878763477e-14,2.9538619320640262e-09,0.00010868264795736467
2.000226859915479,1.794029824442859e-14,2.8477242236036234e-09,0.0001157875551506853
2.0229567105963366,1.7671000999331205e-14,2.748117474170499e-09,0.0001233550852098935
2.0456865612771944,1.6527881665442263e-14,2.6546398153172886e-09,0.00013141511131560248
2.0684164119580517,1.542016274861109e-14,2.5669140975285724e-09,0.000139999402013721
2.0911462626389095,1.534186596199894e-14,2.4845863867619347e-09,0.00014914173692880312
2.113876113319767,1.4618306252256532e-14,2.407324515832011e-09,0.0001588780289244223
2.136605964000625,1.4182320928365177e-14,2.33481677617552e-09,0.00016924645298398836
2.1593358146814827,1.3092560363415729e-14,2.266770623385978e-09,0.0001802875820842872
2.1820656653623405,1.281175805782758e-14,2.2029115231166337e-09,0.00019204453033019194
2.2047955160431982,1.2477741876528984e-14,2.1429818312724433e-09,0.00020456310361278824
2.227525366724056,1.194862248814128e-14,2.0867397598116124e-09,0.00021789195804308232
2.2502552174049137,1.1267148448299731e-14,2.033958387092335e-09,0.00023208276639981527
2.2729850680857715,1.111685600084588e-14,1.984424774347814e-09,0.00024719039281164714
2.2957149187666293,1.0437289862386886e-14,1.937939065110251e-09,0.0002632730758703946
2.3184447694474866,1.0831204455918742e-14,1.8943137249691344e-09,0.00028039262034272475
2.3411746201283443,1.0362239441552155e-14,1.8533727300574708e-09,0.00029861459761117306
2.363904470809202,1.0136458761082614e-14,1.8149509163916065e-09,0.0003180085549314764
2.38663432149006,9.720627132664173e-15,1.778893253984133e-09,0.0003386482335401484
2.4093641721709176,9.610720587447345e-15,1.7450542886440257e-09,0.00036061179558336166
2.4320940228517753,9.182830482968214e-15,1.7132974811759107e-09,0.0003839820597640194
2.454823873532633,8.839119834456271e-15,1.6834947108376995e-09,0.000408846745517196
2.477553724213491,8.49906094176693e-15,1.6555257411972403e-09,0.0004352987254230585
2.5002835748943486,8.217047140055639e-15,1.6292777339183362e-09,0.00046343628544992586
2.5230134255752064,7.87243122478094e-15,1.604644789946178e-09,0.0004933633924859459
2.545743276256064,7.85811195000084e-15,1.5815275317742838e-09,0.0005251899684646235
2.5684731269369214,7.590616307292077e-15,1.5598326857379725e-09,0.0005590321702147868
2.591202977617779,7.364734044660716e-15,1.5394727327535244e-09,0.0005950126739679591
2.613932828298637,7.271815960239629e-15,1.5203655282912373e-09,0.0006332609632329634
2.6366626789794947,7.185769227240568e-15,1.5024339873694388e-09,0.0006739136184971491
2.6593925296603524,6.814598284122105e-15,1.4856057695685087e-09,0.00071711460693388
2.68212238034121,6.4742658837671604e-15,1.46981298458979e-09,0.00076301556998404
2.704852231022068,6.211412650539195e-15,1.4549919149370837e-09,0.0008117761063347835
2.7275820817029257,5.944860449901442e-15,1.4410827694024219e-09,0.0008635640474380376
2.7503119323837835,5.73675528540659e-15,1.4280294297260945e-09,0.0009185557222946944
2.773041783064641,5.60094045557026e-15,1.4157792451621161e-09,0.0009769362077753625
2.7957716337454985,5.687847664767853e-15,1.4042827825885387e-09,0.001038899560255599
2.8185014844263563,5.437541944299533e-15,1.3934936689897016e-09,0.0011046490238122418
2.841231335107214,5.310544514188903e-15,1.3833683792195528e-09,0.001174397209658809
2.863961185788072,5.035768457171796e-15,1.373866064824723e-09,0.0012483662408946216
2.8866910364689295,4.892333461163726e-15,1.3649483897194464e-09,0.001326787856006702
2.9094208871497873,4.794370576814387e-15,1.3565793795527236e-09,0.0014099034639015594
2.932150737830645,4.4245170770439e-15,1.34872527792588e-09,0.001497964142562149
2.954880588511503,4.3520396080711054e-15,1.3413543957785072e-09,0.0015912305727320431
2.9776104391923606,4.488032686189885e-15,1.3344370018280674e-09,0.0016899728973371207
3.0003402898732183,4.544774865186198e-15,1.3279451924946256e-09,0.0017944704966772445
3.023070140554076,4.527228114605362e-15,1.3218527755149303e-09,0.0019050116687759845
3.0457999912349334,4.519128248847103e-15,1.3161351740852732e-09,0.0020218932036851424
3.068529841915791,4.369891214111979e-15,1.3107693310104467e-09,0.002145419840027845
3.091259692596649,4.510969517144573e-15,1.3057335923378309e-09,0.002275903591658472
3.1139895432775067,4.341739460648488e-15,1.301007652561098e-09,0.00241366293205222
3.1367193939583644,4.153369651295409e-15,1.296572451946177e-09,0.0025590218239488764
3.159449244639222,4.225065787783805e-15,1.292410087543948e-09,0.0027123085819056383
3.18217909532008,4.254134301896394e-15,1.2885037857688564e-09,0.002873854555807244
3.2049089460009377,4.272167348291683e-15,1.2848377792198706e-09,0.0030439926240855707
3.2276387966817954,4.193475409009962e-15,1.2813972861075365e-09,0.0032230554864654567
3.250368647362653,4.099948512344395e-15,1.278168428124029e-09,0.0034113737475286207
3.2730984980435105,4.108104445991093e-15,1.2751381825171236e-09,0.0036092737843227223
3.2958283487243683,4.018827445552534e-15,1.2722943273275426e-09,0.003817075393683666
3.318558199405226,3.817693823902461e-15,1.2696254003089744e-09,0.004035089217926709
3.3412880500860838,3.765819105878441e-15,1.2671206236530907e-09,0.004263613951126104
3.3640179007669415,3.8642401853832616e-15,1.2647699107927424e-09,0.004502933332363537
3.3867477514477993,3.70635583386758e-15,1.2625637774534444e-09,0.004753312937083304
3.409477602128657,3.643400008169998e-15,1.2604933211035602e-09,0.005014996783029795
3.432207452809515,3.564260035236385e-15,1.258550200405792e-09,0.005288203773115751
3.4549373034903725,3.4952265868120005e-15,1.2567265736350163e-09,0.005573124003907135
3.4776671541712303,3.5386685899630776e-15,1.2550150986518205e-09,0.005869914975106756
3.500397004852088,3.4597877815163155e-15,1.2534088576468796e-09,0.006178697742335109
3.5231268555329454,3.404889787169476e-15,1.2519013913131914e-09,0.006499553062467315
3.545856706213803,3.413086354217448e-15,1.2504866099164803e-09,0.006832517587576597
3.568586556894661,3.3257558498312956e-15,1.2491588206308112e-09,0.007177580169911794
3.5913164075755186,3.234632518050417e-15,1.2479126659690438e-09,0.007534678346022308
3.6140462582563764,3.3066998020597173e-15,1.2467431169264148e-09,0.007903695072840982
3.636776108937234,3.240822936983771e-15,1.2456454661245588e-09,0.00828445579193344
3.659505959618092,3.2003834369044845e-15,1.2446152867634285e-09,0.008676725899913348
3.6822358102989496,3.1204770561631935e-15,1.2436484257679942e-09,0.00908020870291401
3.7049656609798074,3.0178107158661187e-15,1.242740996935384e-09,0.00949454393074121
3.727695511660665,2.9840773076587285e-15,1.2418893262144278e-09,0.009919306881706053
3.750425362341523,2.965128811335045e-15,1.241089999561939e-09,0.010354008262017537
3.77315521302238,2.8745204216452127e-15,1.2403397877093478e-09,0.010798094773961884
3.795885063703238,2.7594423566151254e-15,1.239635666667132e-09,0.011250950494972004
3.8186149143840957,2.7062438622748816e-15,1.2389748040379398e-09,0.011711899075274857
3.8413447650649535,2.6587822837090766e-15,1.2383545384926593e-09,0.012180206765397416
3.8640746157458112,2.5738927751550755e-15,1.2377723660856475e-09,0.012655086266830474
3.886804466426669,2.396660432503872e-15,1.2372259470841724e-09,0.013135701380122497
3.9095343171075267,2.4528585047083475e-15,1.2367130854465855e-09,0.013621172405220873
3.9322641677883845,2.4293923587976645e-15,1.236231708301798e-09,0.014110582229680672
3.9549940184692423,2.2341539159658153e-15,1.2357798864554481e-09,0.014602983022140721
3.9777238691501,2.1474899404675525e-15,1.2353557933573375e-09,0.015097403431940295
4.000453719830958,2.1158538953284106e-15,1.2349577256082513e-09,0.01559285618159447
4.023183570511815,2.0940952394984276e-15,1.2345840824413912e-09,0.016088345927658256
4.045913421192673,2.0398413489670657e-15,1.2342333657169383e-09,0.016582877257773253
4.068643271873531,1.9465751872348527e-15,1.2339041594050106e-09,0.017075462687742866
4.091373122554389,1.878142575802756e-15,1.233595136418441e-09,0.017565130522500173
4.114102973235246,1.7883591249687788e-15,1.2333050586080642e-09,0.01805093244881119
4.136832823916103,1.7869573717109863e-15,1.233032763084036e-09,0.018531950735323616
4.159562674596962,1.7128522332762094e-15,1.232777155374933e-09,0.019007304926780877
4.182292525277819,1.6266329976539293e-15,1.2325372025872897e-09,0.01947615793339349
4.205022375958677,1.5011321067039445e-15,1.2323119470758674e-09,0.019937721432893442
4.227752226639534,1.4452128709378881e-15,1.23210047909289e-09,0.020391260521014972
4.250482077320393,1.4209339179614036e-15,1.2319019572953716e-09,0.020836097565333413
4.27321192800125,1.404517433897136e-15,1.2317155813952942e-09,0.021271615236828214
4.295941778682108,1.3249959274520721e-15,1.231540598993911e-09,0.021697258712539913
4.3186716293629654,1.2471475483399176e-15,1.2313763192520131e-09,0.022112537060640154
4.341401480043824,1.1861040867505783e-15,1.2312220787050132e-09,0.022517023835609336
4.364131330724681,1.1501189790152762e-15,1.231077254934009e-09,0.02291035692559632
4.386861181405538,1.1175537227101779e-15,1.230941280235984e-09,0.02329223770612601
4.4095910320863965,1.0564103243614582e-15,1.2308135937681107e-09,0.02366242956394167
4.432320882767254,9.928250010097216e-16,1.2306937030717569e-09,0.024020755861861833
4.455050733448112,9.173409252305644e-16,1.2305811088732041e-09,0.024367097420136187
4.477780584128969,8.694469050513784e-16,1.230475380278872e-09,0.02470138959203473
4.5005104348098275,8.1217660540632365e-16,1.2303760864134516e-09,0.025023619011504704
4.523240285490685,7.661476971364983e-16,1.2302828374344154e-09,0.02533382008893498
4.545970136171543,7.591282120750252e-16,1.2301952503514468e-09,0.025632071327673412
4.5686999868524,7.446774611539015e-16,1.2301129832041094e-09,0.02591849152925211
4.5914298375332585,6.942701659972905e-16,1.2300357145530709e-09,0.02619323594960338
4.614159688214116,6.582471669038547e-16,1.2299631229726297e-09,0.026456492462186523
4.636889538894973,6.194001621763145e-16,1.2298949348984395e-09,0.026708477777173247
4.659619389575831,5.625848450530731e-16,1.2298308699424382e-09,0.026949433758898682
4.682349240256689,5.386864898492111e-16,1.229770675069431e-09,0.027179623876888947
4.705079090937547,5.277776225126968e-16,1.229714117760469e-09,0.02739932981910081
4.727808941618404,4.988104036279732e-16,1.229660965506463e-09,0.027608848289691092
4.750538792299262,4.633097331512636e-16,1.2296110199833193e-09,0.027808488007778968
4.77326864298012,4.386089062193379e-16,1.2295640760403995e-09,0.027998566918343605
4.795998493660978,4.214897882709386e-16,1.2295199490404108e-09,0.028179409621656472
4.818728344341835,3.8359688474696486e-16,1.2294784680235092e-09,0.028351345023499633
4.841458195022693,3.6147819643550063e-16,1.2294394757065753e-09,0.028514704204867788
4.864188045703551,3.3981026566250604e-16,1.229402807978495e-09,0.028669818506872363
4.886917896384408,3.1975864710118224e-16,1.2293683212388893e-09,0.028817017824131087
4.909647747065266,2.9900425052427987e-16,1.229335892397028e-09,0.02895662909799538
4.9323775977461235,2.89991595441161e-16,1.229305391532954e-09,0.029088974999495334
4.955107448426982,2.7776060759839303e-16,1.2292766955665947e-09,0.02921437279081844
4.977837299107839,2.60263301201075e-16,1.229249695091701e-09,0.029333133353433388
5.000567149788697,2.4572267152526403e-16,1.2292242875408935e-09,0.029445560370575868
5.0232970004695545,2.314342907136095e-16,1.2292003703511428e-09,0.029551949651680468
5.046026851150413,2.175286372762169e-16,1.2291778546319375e-09,0.029652588586427404
5.06875670183127,2.0114588863994392e-16,1.229156658330549e-09,0.02974775571633524
5.091486552512128,1.9100175074389746e-16,1.2291366925637897e-09,0.029837720412232076
5.1142164031929855,1.747536099734524e-16,1.2291178889538408e-09,0.029922742646446048
5.136946253873843,1.636892318217171e-16,1.2291001722919909e-09,0.03000307284914371
5.159676104554701,1.5364128909668675e-16,1.22908347420644e-09,0.030078951838884406
5.182405955235558,1.4437589806039633e-16,1.2290677331619374e-09,0.030150610818132653
5.205135805916417,1.376046853671196e-16,1.2290528944594186e-09,0.0302182714251582
5.227865656597274,1.2621040618845865e-16,1.2290388965686354e-09,0.030282145834442963
5.250595507278132,1.1707096226480585e-16,1.2290256916288132e-09,0.030342436898391945
5.273325357958989,1.1195523875985304e-16,1.2290132249478482e-09,0.030399338323804342
5.296055208639848,1.0818621549928359e-16,1.229001462335817e-09,0.030453034877193152
5.318785059320705,1.0241133437936741e-16,1.228990349104603e-09,0.030503702613642488
5.341514910001562,9.841399470358347e-17,1.2289798510678351e-09,0.030551509124457706
5.36424476068242,9.151102403714165e-17,1.228969927207523e-09,0.030596613799392592
5.386974611363278,8.434098748944202e-17,1.2289605501734098e-09,0.03063916809972929
5.409704462044136,8.056036326324726e-17,1.2289516721176268e-09,0.030679315838938893
5.432434312724993,7.338410085075733e-17,1.2289432793585922e-09,0.030717193468067297
5.455164163405851,6.903748367055525e-17,1.2289353240514098e-09,0.03075293036336878
5.477894014086709,6.527048215835114e-17,1.228927792516746e-09,0.03078664911405444
5.500623864767567,6.040806805572791e-17,1.2289206574105785e-09,0.030818465808332782
5.523353715448424,5.644034302139037e-17,1.2289138913900466e-09,0.030848490316199375
5.546083566129282,5.446547665258299e-17,1.2289074671134486e-09,0.030876826567681898
5.56881341681014,5.078284434889594e-17,1.2289013709050755e-09,0.030903572825469697
5.591543267490997,4.708989340838177e-17,1.2288955822574546e-09,0.030928821951054425
5.614273118171855,4.4384836380670567e-17,1.228890073831713e-09,0.030952661663682487
5.637002968852713,4.1171678245413564e-17,1.2288848387867335e-09,0.0309751747915731
5.659732819533571,3.85874951494496e-17,1.2288798566174358e-09,0.030996439514989916
5.682462670214428,3.584752652824375e-17,1.2288751068196106e-09,0.0310165296008708
5.705192520895286,3.46494420161371e-17,1.2288705825538802e-09,0.03103551462882073
5.727922371576144,3.22129484911958e-17,1.2288662701492503e-09,0.031053460208360473
5.750652222257002,2.907834985510014e-17,1.2288621491034678e-09,0.03107042818739717
5.773382072937859,2.772514785979883e-17,1.2288582125786788e-09,0.031086476851946335
5.796111923618717,2.6105667584499148e-17,1.2288544469056275e-09,0.031101661117187932
5.818841774299575,2.4859857299516313e-17,1.228850845247257e-09,0.03111603270998321
5.841571624980432,2.3003580350542593e-17,1.2288473939352546e-09,0.03112964034301547
5.86430147566129,2.1555879240606062e-17,1.2288440861333609e-09,0.03114252988074778
5.887031326342147,2.0137970923175584e-17,1.228840915005607e-09,0.03115474449741412
5.909761177023006,1.9183215882154124e-17,1.2288394415062711e-09,0.031166324827278942
5.932491027703863,1.737435741926736e-17,1.2288383061612994e-09,0.031177309107414036
5.955220878384721,1.61325243283785e-17,1.2288371708163279e-09,0.031187733313251836
5.9779507290655785,1.563626578438431e-17,1.2288360354713561e-09,0.031197631287180578
6.000680579746437,1.467855642646465e-17,1.2288349001263846e-09,0.031207034860450858
6.023410430427294,1.3431485532354532e-17,1.2288337647814127e-09,0.03121597396866438
6.046140281108152,1.2593170373770504e-17,1.2288326294364411e-09,0.03122447676111496
6.0688701317890095,1.1426445842300801e-17,1.2288314940914696e-09,0.031232569704249463
6.091599982469867,1.0905111111070953e-17,1.228830358746498e-09,0.03124027767951243
6.114329833150725,9.849349904736454e-18,1.2288292234015264e-09,0.031247624075833282
6.137059683831582,9.260907296289271e-18,1.2288280880565546e-09,0.03125463087700884
6.1597895345124405,8.954350842271431e-18,1.2288269527115829e-09,0.031261318744227225
6.182519385193298,8.140473496455274e-18,1.2288258173666114e-09,0.03126770709397193
6.205249235874156,7.331330645299334e-18,1.2288246820216398e-09,0.03127381417153715
6.227979086555013,6.894258911524589e-18,1.228823546676668e-09,0.0312796571203772
6.2507089372358715,6.692372224434413e-18,1.2288224113316964e-09,0.031285252047504715
6.273438787916729,6.095392322907185e-18,1.2288212759867244e-09,0.031290614085144136
6.296168638597587,5.568339024394549e-18,1.2288201406417529e-09,0.03129575744883808
6.318898489278444,5.225914027952098e-18,1.2288190052967814e-09,0.03130069549219617
6.341628339959302,5.1357789439406485e-18,1.2288178699518098e-09,0.031305440758467695
6.36435819064016,4.447569995286315e-18,1.228816734606838e-09,0.03131000502911075
6.387088041321017,3.989551257799164e-18,1.2288155992618666e-09,0.03131439936952314
6.409817892001875,3.643927908501444e-18,1.2288144639168948e-09,0.03131863417209183
6.432547742682733,3.4211396552084696e-18,1.228813328571923e-09,0.03132271919671083
6.455277593363591,3.3469831055762735e-18,1.2288121932269512e-09,0.031326663608909254
6.478007444044448,3.0798312758621046e-18,1.2288110578819796e-09,0.03133047601572473
6.500737294725306,2.8482797881282464e-18,1.228809922537008e-09,0.03133416449945026
6.523467145406164,2.7812843503660315e-18,1.2288087871920364e-09,0.03133773664937577
6.546196996087021,2.650086262499418e-18,1.2288076518470648e-09,0.031341199591639675
6.568926846767879,2.4357529911269457e-18,1.2288065165020933e-09,0.031344560017299045
6.5916566974487365,2.3694374030371835e-18,1.2288053811571214e-09,0.031347824208722036
6.614386548129595,2.260710792132246e-18,1.2288042458121498e-09,0.031350998064399595
6.637116398810452,2.1401109729153917e-18,1.2288031104671783e-09,0.031354087122268885
6.65984624949131,2.0168574169020347e-18,1.2288019751222066e-09,0.03135709658163546
6.6825761001721675,1.850519580788593e-18,1.2288008397772346e-09,0.03136003132377675
6.705305950853026,1.7142578037862724e-18,1.2287997044322629e-09,0.031362895931303925
6.728035801533883,1.622214568619917e-18,1.2287985690872914e-09,0.03136569470635614
6.750765652214741,1.5852786010807122e-18,1.22879743374232e-09,0.0313684316876958
6.7734955028955985,1.4708210065119353e-18,1.2287962983973483e-09,0.031371110666770355
6.796225353576456,1.3483855544398872e-18,1.2287951630523766e-09,0.03137373520280192
6.818955204257314,1.2850102915701381e-18,1.2287940277074046e-09,0.031376308636962856
6.841685054938171,1.204551089788439e-18,1.228792892362433e-09,0.031378834105691644
6.86441490561903,1.1143112411772156e-18,1.2287917570174614e-09,0.03138131455320077
6.887144756299887,1.031303852847672e-18,1.2287906216724898e-09,0.031383752743224955
6.909874606980745,9.505800157671019e-19,1.2287894863275181e-09,0.03138615127005514
6.932604457661602,8.751536520141874e-19,1.2287883509825466e-09,0.03138851256890153
6.955334308342461,8.068803029409046e-19,1.2287872156375748e-09,0.03139083892562578
6.978064159023318,7.491700429046585e-19,1.2287860802926031e-09,0.03139313248588052
7.000794009704176,6.960949824523336e-19,1.2287849449476316e-09,0.03139539526369192
7.023523860385033,6.37674940235497e-19,1.2287838096026596e-09,0.031397629149519
7.046253711065891,5.672309098963891e-19,1.2287826742576881e-09,0.03139983591782129
7.068983561746749,5.19178658162629e-19,1.2287815389127164e-09,0.03140201723416474
7.091713412427606,5.138727916824629e-19,1.2287804035677448e-09,0.03140417466189358
7.114443263108464,4.601762139173442e-19,1.228779268222773e-09,0.031406309668394826
7.137173113789322,4.1858332326726495e-19,1.2287781328778014e-09,0.03140842363097988
7.15990296447018,3.811413743584559e-19,1.2287769975328294e-09,0.03141051784240663
7.182632815151037,3.5432910768878895e-19,1.228775862187858e-09,0.03141259351606387
7.205362665831895,3.499629529602578e-19,1.2287747268428864e-09,0.03141465179083858
7.228092516512753,3.3327207861694844e-19,1.2287735914979146e-09,0.031416693735685466
7.250822367193611,3.035229686303212e-19,1.228772456152943e-09,0.031418720353916685
7.273552217874468,2.7720509329270476e-19,1.2287713208079714e-09,0.03142073258722901
7.296282068555326,2.6237469768439013e-19,1.2287701854629994e-09,0.031422731319484504
7.319011919236184,2.522922375280028e-19,1.2287690501180277e-09,0.03142471738025932
7.341741769917041,2.3283036864885584e-19,1.228767914773056e-09,0.03142669154817543
7.364471620597899,2.2361031025452523e-19,1.2287667794280842e-09,0.031428654554027956
7.387201471278757,2.1036398943754528e-19,1.2287656440831127e-09,0.03143060708372091
7.409931321959615,1.9256909980066315e-19,1.228764508738141e-09,0.03143254978102302
7.432661172640472,1.9033234664118195e-19,1.2287633733931692e-09,0.03143448325015453
7.45539102332133,1.8367931442154072e-19,1.2287622380481973e-09,0.0314364080582153
7.478120874002188,1.8159634142740147e-19,1.2287611027032256e-09,0.03143832473746425
7.500850724683046,1.7401856961362867e-19,1.2287599673582538e-09,0.031440233787458624
7.523580575363903,1.6371670532030883e-19,1.2287588320132823e-09,0.03144213567706234
7.54631042604476,1.588472619955617e-19,1.2287576966683106e-09,0.03144403084633098
7.569040276725619,1.4592750035683853e-19,1.2287565613233388e-09,0.0314459197082811
7.591770127406476,1.369639287286801e-19,1.2287554259783669e-09,0.03144780265055092
7.614499978087334,1.2918770539404056e-19,1.228754290633395e-09,0.031449680036959304
7.6372298287681915,1.2496505941180113e-19,1.2287531552884232e-09,0.031451552208968725
7.65995967944905,1.1902356502620206e-19,1.2287520199434517e-09,0.03145341948705879
7.682689530129907,1.120187405611391e-19,1.2287508845984793e-09,0.03145528217201507
7.705419380810765,1.0670209523161235e-19,1.2287497492535078e-09,0.0314571405461391
7.7281492314916225,1.0217188906402193e-19,1.228748613908536e-09,0.03145899487438396
7.750879082172481,1.0014492785694123e-19,1.2287474785635641e-09,0.0314608454054201
7.773608932853338,9.500696054061783e-20,1.2287463432185922e-09,0.03146269237263574
7.796338783534195,8.970506476882262e-20,1.2287452078736202e-09,0.03146453599507589
7.8190686342150535,8.341017755979536e-20,1.2287440725286485e-09,0.031466376478323635
7.841798484895911,8.073747996093865e-20,1.2287429371836768e-09,0.0314682140153273
7.864528335576769,7.657149975673987e-20,1.2287418018387046e-09,0.03147004878717682
7.887258186257626,7.519115491556244e-20,1.2287406664937325e-09,0.031471880963832397
7.9099880369384845,7.255685806534746e-20,1.2287395311487605e-09,0.0314737107048085
7.932717887619342,6.74334887534562e-20,1.2287383958037888e-09,0.03147553815981561
7.9554477383002,6.286055657410089e-20,1.2287372604588169e-09,0.031477363469362904
7.978177588981057,6.060278932839398e-20,1.228736125113845e-09,0.03147918676532353
8.000907439661916,5.555515354412248e-20,1.2287349897688724e-09,0.03148100817146539
8.023637290342773,5.458809462752752e-20,1.2287338544239006e-09,0.031482827803949294
8.04636714102363,5.1479150025397765e-20,1.2287327190789283e-09,0.0314846457717964
8.069096991704487,4.9881402495712594e-20,1.2287315837339563e-09,0.031486462177326986
8.091826842385347,4.670573328323941e-20,1.228730448388984e-09,0.031488277116572365
8.114556693066204,4.3840253137947834e-20,1.2287293130440118e-09,0.03149009067966124
8.137286543747061,4.161168803207656e-20,1.2287281776990397e-09,0.03149190295118265
8.160016394427918,4.007643959832487e-20,1.2287270423540673e-09,0.03149371401052635
8.182746245108778,3.8387775770237816e-20,1.228725907009095e-09,0.03149552393220229
8.205476095789635,3.651225239822253e-20,1.2287247716641226e-09,0.031497332786140725
8.228205946470492,3.3056377859364724e-20,1.2287236363191502e-09,0.031499140637973475
8.25093579715135,3.2063474992423997e-20,1.2287225009741779e-09,0.03150094754929824
8.273665647832207,3.15517557268127e-20,1.2287213656292051e-09,0.03150275357792655
8.296395498513066,2.942610505465056e-20,1.2287202302842328e-09,0.03150455877811643
8.319125349193923,2.797593814743876e-20,1.2287190949392598e-09,0.031506363200790845
8.34185519987478,2.6201427092647217e-20,1.2287179595942874e-09,0.031508166893742674
8.364585050555638,2.4739469787218276e-20,1.2287168242493145e-09,0.03150996990182704
8.387314901236497,2.4379132785490648e-20,1.228715688904342e-09,0.031511772267142024
8.410044751917354,2.3753453744676984e-20,1.2287145535593687e-09,0.03151357402919795
8.432774602598212,2.2207183583178112e-20,1.2287134182143957e-09,0.031515375225076595
8.455504453279069,2.1517081362751787e-20,1.2287122828694228e-09,0.03151717588958036
8.478234303959928,2.1447092872239544e-20,1.2287111475244496e-09,0.03151897605537241
8.500964154640785,2.1275467361001153e-20,1.2287100121794762e-09,0.031520775753108195
8.523694005321643,2.0742609141068454e-20,1.228708876834503e-09,0.031522575011558786
8.5464238560025,2.0506791034926635e-20,1.2287077414895292e-09,0.03152437385772673
8.569153706683357,1.9120203748182295e-20,1.2287066061445558e-09,0.03152617231695485
8.591883557364216,1.8022225666373938e-20,1.228705470799582e-09,0.03152797041302807
8.614613408045074,1.7375142084065666e-20,1.228704335454608e-09,0.03152976816826936
8.637343258725931,1.558979974585194e-20,1.228703200109634e-09,0.031531565603629526
8.660073109406788,1.5002821346388693e-20,1.2287020647646598e-09,0.0315333627387715
8.682802960087647,1.394315864640641e-20,1.2287009294196854e-09,0.03153515959214957
8.705532810768505,1.2811288456400815e-20,1.2286997940747107e-09,0.03153695618108369
8.728262661449362,1.2346564711569304e-20,1.228698658729736e-09,0.031538752521829125
8.75099251213022,1.1216332221718272e-20,1.2286975233847608e-09,0.03154054862964196
8.773722362811077,1.0316812664738717e-20,1.2286963880397858e-09,0.031542344518840554
8.796452213491936,9.474547727876275e-21,1.2286952526948105e-09,0.03154414020286304
8.819182064172793,8.950882177972909e-21,1.228694117349835e-09,0.03154593569432155
8.84191191485365,8.471466692576284e-21,1.2286929820048592e-09,0.031547731005052954
8.864641765534508,7.911878962813723e-21,1.2286918466598827e-09,0.03154952614616655
8.887371616215367,7.129070685066558e-21,1.2286907113149062e-09,0.031551321128088713
8.910101466896224,6.826230551056928e-21,1.2286895759699295e-09,0.031553115960604915
8.932831317577081,6.4237784627662565e-21,1.2286884406249526e-09,0.03155491065289916
8.955561168257939,5.968253467203708e-21,1.2286873052799751e-09,0.031556705213590844
8.978291018938796,5.6288536151117254e-21,1.2286861699349972e-09,0.0315584996507696
9.001020869619655,5.049627519246448e-21,1.2286850345900188e-09,0.03156029397202774
9.023750720300512,4.78430261321636e-21,1.2286838992450405e-09,0.03156208818449094
9.04648057098137,4.41015335894058e-21,1.2286827639000613e-09,0.03156388229484679
9.069210421662227,4.2137826746857044e-21,1.2286816285550815e-09,0.03156567630937187
9.091940272343086,3.9526542425101286e-21,1.2286804932101013e-09,0.031567470233956854
9.114670123023943,3.528569583299849e-21,1.2286793578651206e-09,0.031569264074130424
9.1373999737048,3.246573434073892e-21,1.2286782225201394e-09,0.0315710578350813
9.160129824385658,3.0093105760129652e-21,1.2286770871751573e-09,0.031572851521679345
9.182859675066517,2.8179715978967595e-21,1.2286759518301746e-09,0.03157464513849501
9.205589525747374,2.605807061424728e-21,1.2286748164851911e-09,0.03157643868981784
9.228319376428232,2.5396569612746942e-21,1.2286736811402072e-09,0.0315782321796737
9.251049227109089,2.3629746077503865e-21,1.2286725457952224e-09,0.03158002561184094
9.273779077789946,2.161594316240733e-21,1.2286714104502366e-09,0.0315818189898657
9.296508928470805,1.969468624670896e-21,1.2286702751052498e-09,0.031583612317076154
9.319238779151663,1.7613303960852824e-21,1.228669139760262e-09,0.03158540559659582
9.34196862983252,1.6760265623999475e-21,1.2286680044152732e-09,0.03158719883135627
9.364698480513377,1.5296342333824408e-21,1.2286668690702833e-09,0.03158899202410892
9.387428331194236,1.4580027260353167e-21,1.2286657337252923e-09,0.031590785177435916
9.410158181875094,1.33420189594795e-21,1.2286645983803001e-09,0.0315925782937608
9.432888032555951,1.2262077132135899e-21,1.228663463035306e-09,0.03159437137535809
9.455617883236808,1.0974553129135205e-21,1.228662327690311e-09,0.03159616442436251
9.478347733917666,1.0035577491943469e-21,1.2286611923453142e-09,0.03159795744277753
9.501077584598525,9.44702722535627e-22,1.228660057000316e-09,0.03159975043248349
9.523807435279382,8.630187522091422e-22,1.2286589216553157e-09,0.03160154339524518
9.54653728596024,8.147952039257425e-22,1.228657786310314e-09,0.031603336332718834
9.569267136641097,7.834173455172313e-22,1.2286566509653102e-09,0.03160512924645891
9.591996987321956,6.847429364249128e-22,1.2286555156203037e-09,0.031606922137924334
9.614726838002813,6.17552794474969e-22,1.2286543802752958e-09,0.03160871500848433
9.63745668868367,5.8245445134370835e-22,1.228653244930285e-09,0.03161050785942395
9.660186539364528,5.249507184473366e-22,1.2286521095852717e-09,0.031612300691949285
9.682916390045387,4.818164149090702e-22,1.2286509742402555e-09,0.03161409350719224
9.705646240726244,4.362028486626635e-22,1.2286498388952368e-09,0.0316158863062152
9.728376091407101,3.8013594231211198e-22,1.228648703550215e-09,0.031617679090015186
9.751105942087959,3.4202046009433583e-22,1.2286475682051897e-09,0.03161947185952796
9.773835792768816,3.073973371496064e-22,1.2286464328601605e-09,0.03162126461563177
9.796565643449675,2.7992915343946e-22,1.2286452975151282e-09,0.03162305735915087
9.819295494130532,2.493573884058579e-22,1.2286441621700917e-09,0.031624850090858844
9.84202534481139,2.0247030084270457e-22,1.228643026825051e-09,0.03162664281148171
9.864755195492247,1.7869564069947432e-22,1.2286418914800056e-09,0.03162843552170089
9.887485046173106,1.715486363375627e-22,1.2286407561349555e-09,0.0316302282221559
9.910214896853963,2.1249527407060077e-22,1.2286396207899e-09,0.03163202091344696
9.93294474753482,2.412007342943109e-22,1.2286384854448395e-09,0.03163381359613735
9.955674598215678,2.607383000236818e-22,1.228637350099773e-09,0.031635606270755776
9.978404448896535,2.7917127243189554e-22,1.2286362147546998e-09,0.03163739893779841
10.001134299577394,2.98702914438373e-22,1.2286350794096205e-09,0.03163919159773096
10.023864150258252,3.1646724596794065e-22,1.228633944064534e-09,0.03164098425099047
10.046594000939109,3.276105120014413e-22,1.2286328087194403e-09,0.03164277689798714
10.069323851619966,3.4249082428570264e-22,1.228631673374338e-09,0.03164456953910593
10.092053702300825,3.5766576329823554e-22,1.2286305380292274e-09,0.0316463621747082
10.114783552981683,3.6940372945545613e-22,1.2286294026841078e-09,0.03164815480513301
10.13751340366254,3.862645602276908e-22,1.2286282673389787e-09,0.031649947430698634
10.160243254343397,3.9975493080486674e-22,1.228627131993839e-09,0.031651740051703764
10.182973105024256,4.074319849478047e-22,1.2286259966486882e-09,0.03165353266842875
10.205702955705114,4.2084312040550993e-22,1.2286248613035256e-09,0.031655325281136674
10.228432806385971,4.482047406082701e-22,1.2286237259583508e-09,0.03165711789007447
10.251162657066828,4.698125183652741e-22,1.2286225906131627e-09,0.031658910495473896
10.273892507747686,4.703409501208346e-22,1.2286214552679604e-09,0.03166070309755247
10.296622358428545,4.818179160831469e-22,1.2286203199227426e-09,0.03166249569651431
10.319352209109402,5.005353769179156e-22,1.228619184577509e-09,0.031664288292551
10.34208205979026,5.206292384680193e-22,1.2286180492322581e-09,0.03166608088584235
10.364811910471117,5.348382319346503e-22,1.2286169138869895e-09,0.03166787347655712
10.387541761151976,5.800606051229883e-22,1.2286157785417007e-09,0.03166966606485371
10.410271611832833,6.029231133833414e-22,1.2286146431963915e-09,0.031671458650880724
10.43300146251369,6.2581257145698e-22,1.2286135078510601e-09,0.031673251234777725
10.455731313194548,6.572431807763187e-22,1.228612372505705e-09,0.03167504381667561
10.478461163875405,6.494094567039294e-22,1.228611237160325e-09,0.031676836396697286
10.501191014556264,6.573004360527601e-22,1.2286101018149182e-09,0.03167862897495808
10.523920865237121,6.954151324556947e-22,1.2286089664694826e-09,0.03168042155156623
10.546650715917979,7.258358665691528e-22,1.228607831124017e-09,0.031682214126623316
10.569380566598836,7.642090441788128e-22,1.2286066957785193e-09,0.03168400670022469
10.592110417279695,7.779382630506685e-22,1.2286055604329867e-09,0.03168579927245984
10.614840267960552,8.379280781906731e-22,1.2286044250874171e-09,0.031687591843412743
10.63757011864141,8.62590904856914e-22,1.2286032897418087e-09,0.03168938441316222
10.660299969322267,9.291803479846601e-22,1.2286021543961586e-09,0.03169117698178225
10.683029820003124,1.0005041288437281e-21,1.2286010190504641e-09,0.03169296954934226
10.705759670683983,1.0458389794899782e-21,1.2285998837047225e-09,0.03169476211590741
10.72848952136484,1.0402582849316789e-21,1.22859874835893e-09,0.03169655468153886
10.751219372045698,1.106875202445892e-21,1.2285976130130835e-09,0.03169834724629398
10.773949222726555,1.1392921479229384e-21,1.2285964776671804e-09,0.03170013981022666
10.796679073407415,1.1585291877789401e-21,1.228595342321216e-09,0.03170193237338745
10.819408924088272,1.2769944100001073e-21,1.2285942069751868e-09,0.031703724935823796
10.84213877476913,1.3698566735716155e-21,1.228593071629088e-09,0.03170551749758024
10.864868625449986,1.4094640122823935e-21,1.2285919362829156e-09,0.03170731005869857
10.887598476130846,1.4630576413664883e-21,1.2285908009366642e-09,0.03170910261921799
10.910328326811703,1.581946066136153e-21,1.2285896655903295e-09,0.03171089517917538
10.93305817749256,1.6209853311546039e-21,1.2285885302439052e-09,0.03171268773860522
10.955788028173417,1.6999299701507765e-21,1.2285873948973856e-09,0.03171448029753995
10.978517878854275,1.7888985130862265e-21,1.228586259550765e-09,0.03171627285601004
11.001247729535134,1.9291125411148627e-21,1.228585124204036e-09,0.03171806541404402
11.023977580215991,2.0613542649088103e-21,1.2285839888571924e-09,0.0317198579716687
11.046707430896848,2.197200106965554e-21,1.228582853510226e-09,0.03172165052890925
11.069437281577706,2.2885832431036484e-21,1.2285817181631285e-09,0.03172344308578929
11.092167132258565,2.4509533117227066e-21,1.2285805828158922e-09,0.03172523564233096
11.114896982939422,2.6278062956143635e-21,1.2285794474685076e-09,0.03172702819855507
11.13762683362028,2.8689757173076007e-21,1.228578312120965e-09,0.03172882075448114
11.160356684301137,3.209250043581586e-21,1.2285771767732538e-09,0.031730613310127505
11.183086534981994,3.679311370741734e-21,1.2285760414253631e-09,0.03173240586551133
11.205816385662853,4.048770927005393e-21,1.2285749060772816e-09,0.03173419842064878
11.22854623634371,4.517294978882861e-21,1.228573770728996e-09,0.031735990975554976
11.251276087024568,5.3218768421189846e-21,1.2285726353804937e-09,0.03173778353024417
11.274005937705425,6.651358351920976e-21,1.2285715000317601e-09,0.03173957608472964
11.296735788386284,8.638171056786194e-21,1.2285703646827796e-09,0.03174136863902395
11.319465639067142,2.953132142607946e-20,1.2285692293335372e-09,0.03174316119313888
11.342195489747999,0.0,1.2285680939840151e-09,0.03174495374708539
