epsilon_meV,eDcp_epsilon,eDcp_epsilon_prime
-26.24837504946,0.0,1.20726432937736e-19
-26.20459127122904,0.0,1.2750027132513274e-19
-26.16080749299808,1.0568134817272751e-26,1.3468431234376687e-19
-26.117023714767125,4.917356284398437e-26,1.422577752563789e-19
-26.073239936536165,1.6997632775874557e-25,1.5028433184149212e-19
-26.029456158305205,1.3359034383768494e-24,1.5875115157715174e-19
-25.98567238007425,1.3983445557510724e-24,1.6769346495817175e-19
-25.94188860184329,7.496688154671049e-24,1.771352792407802e-19
-25.89810482361233,1.7262521664465616e-23,1.8710883345588708e-19
-25.85432104538137,2.8153772371601155e-23,1.9763058170517219e-19
-25.81053726715041,4.131118192327887e-23,2.0878983305745506e-19
-25.766753488919452,6.064437196505213e-23,2.2052811879104967e-19
-25.722969710688492,6.351778212550537e-23,2.3296297094180323e-19
-25.679185932457532,1.137811142223393e-22,2.4608395625243087e-19
-25.635402154226576,2.0502933643481016e-22,2.599337751561034e-19
-25.591618375995616,3.0092485051682946e-22,2.7458908502457077e-19
-25.547834597764655,4.022174482766855e-22,2.900208482383911e-19
-25.504050819533695,5.158737342879146e-22,3.0635968667617355e-19
-25.460267041302735,5.402231168152216e-22,3.236102035576217e-19
-25.41648326307178,6.967663191761751e-22,3.4184684836542513e-19
-25.37269948484082,9.746675171953473e-22,3.6109007540440344e-19
-25.32891570660986,1.266533606313628e-21,3.8143698780958283e-19
-25.285131928378902,1.5613328132685075e-21,4.029190419263956e-19
-25.241348150147942,1.8914290233070538e-21,4.2559964917601386e-19
-25.197564371916982,1.9823744526963306e-21,4.495657813642584e-19
-25.153780593686022,2.371458439525623e-21,4.748753065842893e-19
-25.109996815455062,2.8801381107596894e-21,5.0163050723917905e-19
-25.066213037224106,3.595557251445092e-21,5.298683892481433e-19
-25.022429258993146,4.3450912190391566e-21,5.597206013637686e-19
-24.978645480762186,5.143801797448374e-21,5.9124092555941955e-19
-24.93486170253123,5.401564903937761e-21,6.245436075057574e-19
-24.89107792430027,6.307990838161843e-21,6.597088687100225e-19
-24.84729414606931,7.336123788966479e-21,6.968655411944234e-19
-24.80351036783835,8.497934816398252e-21,7.360909076608952e-19
-24.75972658960739,1.0061838703380791e-20,7.775563403649052e-19
-24.715942811376433,1.1606259677530471e-20,8.213408699409841e-19
-24.672159033145473,1.2221497955996749e-20,8.675830458380648e-19
-24.628375254914513,1.3865665289607376e-20,9.164553471913295e-19
-24.584591476683556,1.567119702821707e-20,9.680709557983843e-19
-24.540807698452596,1.761428336834312e-20,1.0225780074703807e-18
-24.497023920221636,2.0015106537141515e-20,1.0801561063138387e-18
-24.453240141990676,2.2614969656005762e-20,1.140984443918203e-18
-24.409456363759716,2.3823100640682692e-20,1.2052510511098873e-18
-24.36567258552876,2.670654457150789e-20,1.2731317157836053e-18
-24.3218888072978,2.971400774244658e-20,1.3448156304025735e-18
-24.27810502906684,3.282792955719568e-20,1.4205652699327465e-18
-24.234321250835883,3.649682698628063e-20,1.500555798379961e-18
-24.190537472604923,4.0368900751381e-20,1.585070028645565e-18
-24.146753694373963,4.253666975766992e-20,1.674318975623316e-18
-24.102969916143003,4.676621987216217e-20,1.768609663446226e-18
-24.059186137912043,5.1216062215078896e-20,1.8682126844502696e-18
-24.015402359681087,5.585057641342351e-20,1.9734086512729274e-18
-23.971618581450127,6.104942739466227e-20,2.084551326751158e-18
-23.927834803219167,6.661843598712158e-20,2.2019387570363883e-18
-23.88405102498821,7.029076929994857e-20,2.325933859705724e-18
-23.84026724675725,7.636203446531695e-20,2.456918987634635e-18
-23.79648346852629,8.257796376337743e-20,2.5952816641418436e-18
-23.75269969029533,8.901214068534808e-20,2.7414141822088863e-18
-23.70891591206437,9.60179838773085e-20,2.8957992108437427e-18
-23.665132133833414,1.0347593533548143e-19,3.0588787793549764e-18
-23.621348355602453,1.0918770048642865e-19,3.2311289352091692e-18
-23.577564577371493,1.1750829610914078e-19,3.4130944947042473e-18
-23.533780799140537,1.2602587999176166e-19,3.605301076221037e-18
-23.489997020909577,1.3494351124626554e-19,3.808335437929862e-18
-23.446213242678617,1.4452522172022272e-19,4.022784663532288e-18
-23.402429464447657,1.5460417873093966e-19,4.2493375015377745e-18
-23.358645686216697,1.6315614794353483e-19,4.488615088894438e-18
-23.31486190798574,1.7444531123081095e-19,4.7413971655519365e-18
-23.27107812975478,1.859514487071837e-19,5.008408470212382e-18
-23.22729435152382,1.9814885595723016e-19,5.290443705363663e-18
-23.183510573292864,2.109852077399709e-19,5.5883731926416985e-18
-23.139726795061904,2.2462552018279346e-19,5.903081575020787e-18
-23.095943016830944,2.3714093573740165e-19,6.235487235376828e-18
-23.052159238599984,2.5251080397109264e-19,6.5866455373075605e-18
-23.008375460369024,2.682979957347108e-19,6.95756942333867e-18
-22.964591682138067,2.8503590858080074e-19,7.349387162304779e-18
-22.920807903907107,3.026030027449091e-19,7.763230805191612e-18
-22.877024125676147,3.214110990570026e-19,8.20043107337534e-18
-22.83324034744519,3.393309844990809e-19,8.662224312940929e-18
-22.78945656921423,3.6043338947913266e-19,9.150015813507042e-18
-22.74567279098327,3.82171563240051e-19,9.665296127094253e-18
-22.70188901275231,4.051685561750869e-19,1.0209582574005245e-17
-22.65810523452135,4.2951155318508175e-19,1.0784524411767976e-17
-22.614321456290394,4.550785136969469e-19,1.139184513566709e-17
-22.570537678059434,4.806973921832858e-19,1.2033377616495844e-17
-22.526753899828474,5.09447372500021e-19,1.2710999314063935e-17
-22.482970121597518,5.395127224287677e-19,1.3426808780690831e-17
-22.439186343366558,5.711587626056762e-19,1.418291808603078e-17
-22.395402565135598,6.046271014849751e-19,1.4981609599242308e-17
-22.351618786904638,6.399505278465856e-19,1.5825266103488033e-17
-22.307835008673678,6.760665058985992e-19,1.6716455671940023e-17
-22.26405123044272,7.155900060483805e-19,1.7657820947152996e-17
-22.22026745221176,7.572659821572589e-19,1.8652202505500027e-17
-22.1764836739808,8.010468369616738e-19,1.9702580759995316e-17
-22.132699895749845,8.4727562592079e-19,2.0812094729975027e-17
-22.088916117518885,8.962532414458278e-19,2.1984105974250264e-17
-22.045132339287925,9.46519688028978e-19,2.3222097601840845e-17
-22.001348561056965,1.001365978688794e-18,2.4529828477896095e-17
-21.957564782826005,1.0585383708373699e-18,2.5911186650459033e-17
-21.913781004595048,1.1195268920742794e-18,2.7370323052730522e-17
-21.869997226364088,1.1834980851630973e-18,2.8911663805254844e-17
-21.826213448133128,1.2512794474032542e-18,3.053978248948515e-17
-21.78242966990217,1.3214879236795628e-18,3.2259567795480625e-17
-21.73864589167121,1.3971829193249164e-18,3.4076232531720785e-17
-21.69486211344025,1.4765739537616288e-18,3.599517803130847e-17
-21.65107833520929,1.561020199726583e-18,3.802217482129991e-17
-21.60729455697833,1.6496219434781579e-18,4.016334914376764e-17
-21.563510778747375,1.7434283290553274e-18,4.2425079879533376e-17
-21.519727000516415,1.8415105092315578e-18,4.481417194575437e-17
-21.475943222285455,1.9463105210971355e-18,4.733784289116881e-17
-21.4321594440545,2.0567176354085532e-18,5.000357820548551e-17
-21.38837566582354,2.173550605829199e-18,5.281944833002565e-17
-21.34459188759258,2.2967603601400248e-18,5.579388993418289e-17
-21.30080810936162,2.426693885010883e-18,5.893582934421782e-17
-21.25702433113066,2.563440504649671e-18,6.225472689613413e-17
-21.213240552899702,2.7086971711230552e-18,6.576049692351973e-17
-21.169456774668742,2.861935624297533e-18,6.946367158666207e-17
-21.125672996437782,3.0236079175184608e-18,7.337541791948921e-17
-21.081889218206825,3.194410362602814e-18,7.750742260081108e-17
-21.038105439975865,3.3749909111667948e-18,8.187212237385049e-17
-20.994321661744905,3.565139104065662e-18,8.648262135438556e-17
-20.950537883513945,3.766840022652472e-18,9.135272295886555e-17
-20.906754105282985,3.979732266762731e-18,9.649710265524344e-17
-20.86297032705203,4.204031923151384e-18,1.0193116429007757e-16
-20.81918654882107,4.441530784423028e-18,1.0767123534789923e-16
-20.77540277059011,4.692173358967838e-18,1.137345475862363e-16
-20.731618992359152,4.956192788786852e-18,1.2013933303930906e-16
-20.687835214128192,5.2359194191725156e-18,1.2690475895477213e-16
-20.644051435897232,5.5311771222487645e-18,1.3405116082394386e-16
-20.600267657666272,5.8431820242273114e-18,1.4160002010074653e-16
-20.556483879435312,6.172796362596798e-18,1.4957395372974736e-16
-20.512700101204356,6.521004143209669e-18,1.5799695038126871e-16
-20.468916322973396,6.8881426199318974e-18,1.668942553032537e-16
-20.425132544742436,7.276309684521588e-18,1.7629259106397418e-16
-20.38134876651148,7.686488450986698e-18,1.8622017157196248e-16
-20.33756498828052,8.119868536767359e-18,1.9670680439990294e-16
-20.29378121004956,8.577556115061892e-18,2.077839720432817e-16
-20.2499974318186,9.06076870349705e-18,2.1948492122141912e-16
-20.20621365358764,9.571364561340414e-18,2.318447993679053e-16
-20.162429875356683,1.0110475035431885e-17,2.4490069985199004e-16
-20.118646097125723,1.0680517347565114e-17,2.5869180678366627e-16
-20.074862318894763,1.1282195781104243e-17,2.732595233559273e-16
-20.031078540663806,1.1917514475094328e-17,2.886475959540484e-16
-19.987294762432846,1.2588966846990162e-17,3.0490221216347305e-16
-19.943510984201886,1.3298050728552395e-17,3.220721567165954e-16
-19.899727205970926,1.404705425928414e-17,3.402089989698035e-16
-19.855943427739966,1.4838547268570105e-17,3.5936716441677746e-16
-19.81215964950901,1.5674264365692018e-17,3.796042031134795e-16
-19.76837587127805,1.6557377276288414e-17,4.0098082258407074e-16
-19.72459209304709,1.749010767342832e-17,4.2356122724927895e-16
-19.680808314816133,1.847462760899172e-17,4.474131821584306e-16
-19.637024536585173,1.9515737215794328e-17,4.726083374460064e-16
-19.593240758354213,2.0615066947059125e-17,4.992222381254205e-16
-19.549456980123253,2.1775948556983876e-17,5.273348781407278e-16
-19.505673201892293,2.300240002569633e-17,5.570305987973487e-16
-19.461889423661336,2.429790043462158e-17,5.883985578687106e-16
-19.418105645430376,2.566592826490304e-17,6.215329284168866e-16
-19.374321867199416,2.711205211931185e-17,6.565331803725863e-16
-19.33053808896846,2.863903405003644e-17,6.935043588193159e-16
-19.2867543107375,3.0251882066830146e-17,7.325575165209639e-16
-19.24297053250654,3.195555051803487e-17,7.738098446185394e-16
-19.19918675427558,3.375562191025052e-17,8.173851842813276e-16
-19.15540297604462,3.565623042868467e-17,8.634143400454621e-16
-19.111619197813663,3.7664086619888924e-17,9.120355241929446e-16
-19.067835419582703,3.978535422684156e-17,9.633946669064962e-16
-19.024051641351743,4.2026183483311956e-17,1.0176459499211463e-15
-18.980267863120787,4.439316229995291e-17,1.0749522776962083e-15
-18.936484084889827,4.6893230380562216e-17,1.1354856170217744e-15
-18.892700306658867,4.9534108689610054e-17,1.199427764578952e-15
-18.848916528427907,5.232343266906032e-17,1.2669705937886022e-15
-18.805132750196947,5.527010347814448e-17,1.3383169178704591e-15
-18.76134897196599,5.838291644606983e-17,1.4136808922139797e-15
-18.71756519373503,6.16709481626346e-17,1.4932887845239963e-15
-18.67378141550407,6.514358561405449e-17,1.5773795476966483e-15
-18.629997637273114,6.881212225919784e-17,1.6662056587973937e-15
-18.586213859042154,7.268709888959577e-17,1.7600337065097161e-15
-18.542430080811194,7.678041564807801e-17,1.8591454025446084e-15
-18.498646302580234,8.110449923571406e-17,1.963838284816946e-15
-18.454862524349274,8.567177123619235e-17,2.074426600012645e-15
-18.411078746118317,9.049627197640741e-17,2.191242359696298e-15
-18.367294967887357,9.559247901838618e-17,2.314636206794866e-15
-18.323511189656397,1.0097584948253659e-16,2.4449785820142613e-15
-18.27972741142544,1.0666216693349189e-16,2.5826607810742805e-15
-18.23594363319448,1.1266895584793185e-16,2.728096038168047e-15
-18.19215985496352,1.1901359672912562e-16,2.881721012166722e-15
-18.14837607673256,1.2571550348290168e-16,3.0439968367893763e-15
-18.1045922985016,1.3279513086938634e-16,3.21541066655295e-15
-18.060808520270644,1.4027355355863446e-16,3.3964770301801455e-15
-18.017024742039684,1.4817269391970706e-16,3.5877395163045924e-15
-17.973240963808724,1.5651705549172278e-16,3.789772257658075e-15
-17.929457185577768,1.6533117069225525e-16,4.003181703103631e-15
-17.885673407346808,1.746412422323217e-16,4.22860849319113e-15
-17.841889629115848,1.844762513933015e-16,4.466729339392155e-15
-17.798105850884888,1.9486453835319606e-16,4.718259009856527e-15
-17.754322072653927,2.0583798293665108e-16,4.983952576977617e-15
-17.71053829442297,2.1742966972447662e-16,5.264607619511061e-15
-17.66675451619201,2.296735206710473e-16,5.561066578767845e-15
-17.62297073796105,2.426074535754556e-16,5.874219402443951e-15
-17.579186959730094,2.5626932541937556e-16,6.20500609814845e-15
-17.535403181499134,2.707009581076881e-16,6.554419603578927e-15
-17.491619403268174,2.8594474813062e-16,6.923508792713674e-15
-17.447835625037214,3.020472628990054e-16,7.313381597740358e-15
-17.404051846806254,3.190566409516072e-16,7.725208314305684e-15
-17.360268068575298,3.3702376381655483e-16,8.160225171892686e-15
-17.316484290344338,3.560024305062971e-16,8.61973792037823e-15
-17.272700512113378,3.760502626480638e-16,9.1051259311724e-15
-17.22891673388242,3.972267020621903e-16,9.61784620234245e-15
-17.18513295565146,4.1959612073266192e-16,1.0159437764940047e-14
-17.1413491774205,4.4322457265774383e-16,1.0731526299912295e-14
-17.09756539918954,4.68183929232113e-16,1.1335829062165988e-14
-17.05378162095858,4.945489433690789e-16,1.1974159977075692e-14
-17.009997842727625,5.223982089999629e-16,1.2648435075449042e-14
-16.966214064496665,5.518162990956685e-16,1.3360678304575995e-14
-16.922430286265705,5.828906956005144e-16,1.411302758205841e-14
-16.87864650803475,6.157151971186489e-16,1.49077411581195e-14
-16.83486272980379,6.503877133588368e-16,1.574720446050115e-14
-16.79107895157283,6.870129966612714e-16,1.6633937251658296e-14
-16.74729517334187,7.257009522957763e-16,1.757060112023701e-14
-16.703511395110908,7.665673522517683e-16,1.8560007562630546e-14
-16.65972761687995,8.09734894133797e-16,1.9605126297690753e-14
-16.61594383864899,8.553331237478287e-16,2.070909434388647e-14
-16.57216006041803,9.034995019401457e-16,2.1875225311584405e-14
-16.528376282187075,9.543782717365286e-16,2.3107019381439102e-14
-16.484592503956115,1.0081222089919737e-15,2.4408173787630255e-14
-16.440808725725155,1.0648924559201098e-15,2.5782593953180466e-14
-16.397024947494195,1.1248595239082473e-15,2.7234405200820822e-14
-16.353241169263235,1.1882037044653645e-15,2.876796506123152e-14
-16.30945739103228,1.2551144968407852e-15,3.0387876515061675e-14
-16.26567361280132,1.325793842449721e-15,3.2099001617215425e-14
-16.22188983457036,1.4004528508375892e-15,3.390647618240978e-14
-16.178106056339402,1.4793163093855933e-15,3.5815725235432254e-14
-16.134322278108442,1.562620759431417e-15,3.78324791911303e-14
-16.090538499877482,1.6506165397020926e-15,3.996279109065013e-14
-16.046754721646522,1.7435671418385488e-15,4.221305484626087e-14
-16.002970943415562,1.8417519896467485e-15,4.459002429304761e-14
-15.959187165184606,1.9454663379951624e-15,4.710083353555156e-14
-15.915403386953646,2.055021029431832e-15,4.975301837101501e-14
-15.871619608722686,2.1707448745406693e-15,5.2554538760435865e-14
-15.827835830491727,2.2929852039089978e-15,5.551380298411921e-14
-15.784052052260769,2.422109608688773e-15,5.863969259681462e-14
-15.740268274029809,2.558504968388488e-15,6.194158921665231e-14
-15.696484495798849,2.7025811790491753e-15,6.542940263948878e-14
-15.65270071756789,2.854770567351419e-15,6.91136005864146e-14
-15.608916939336932,3.0155302921594273e-15,7.300524015804849e-14
-15.565133161105972,3.185342921348033e-15,7.711600087278718e-14
-15.521349382875012,3.364717795156147e-15,8.145821981334222e-14
-15.477565604644054,3.554193953849531e-15,8.604492869001196e-14
-15.433781826413096,3.75434012930176e-15,9.088989277876236e-14
-15.389998048182136,3.965756988479231e-15,9.600765235286641e-14
-15.346214269951176,4.189078470375997e-15,1.0141356630473319e-13
-15.302430491720218,4.424976642013214e-15,1.071238580752711e-13
-15.25864671348926,4.674158154756e-15,1.1315566454873495e-13
-15.2148629352583,4.9373721859115205e-15,1.1952708724779746e-13
-15.17107915702734,5.215408126410579e-15,1.2625724678652372e-13
-15.127295378796381,5.509101050023071e-15,1.3336634013231204e-13
-15.083511600565423,5.8193324647395025e-15,1.4087570125704808e-13
-15.039727822334463,6.1470332848221744e-15,1.48807865070464e-13
-14.995944044103503,6.493188374046795e-15,1.5718663506867885e-13
-14.952160265872545,6.85883579856751e-15,1.6603715473627043e-13
-14.908376487641586,7.245074068659448e-15,1.7538598283773896e-13
-14.864592709410626,7.653061969496737e-15,1.8526117322403897e-13
-14.820808931179666,8.084024613329581e-15,1.9569235893243668e-13
-14.777025152948708,8.539255876407418e-15,2.067108409678942e-13
-14.73324137471775,9.02012193724386e-15,2.1834968226874822e-13
-14.68945759648679,9.528066770001392e-15,2.30643806855559e-13
-14.64567381825583,1.0064615395250788e-14,2.4363010446983735e-13
-14.601890040024871,1.0631377874592582e-14,2.573475412562401e-13
-14.558106261793913,1.1230056286817233e-14,2.718372766104082e-13
-14.514322483562953,1.186244727617684e-14,2.871427865296087e-13
-14.470538705331993,1.2530450036545792e-14,3.0330999399874614e-13
-14.426754927101035,1.3236069175714458e-14,3.203874067275597e-13
-14.382971148870077,1.3981423266370124e-14,3.38426262371731e-13
-14.339187370639117,1.4768749900509756e-14,3.574806823535651e-13
-14.295403592408157,1.56004123752442e-14,3.7760783395037504e-13
-14.251619814177198,1.6478907572865905e-14,3.98868101777482e-13
-14.20783603594624,1.740687253208856e-14,4.2132526856201253e-13
-14.16405225771528,1.8387093487793306e-14,4.450467064798737e-13
-14.12026847948432,1.942251250708811e-14,4.701035790430804e-13
-14.076484701253362,2.051623823191456e-14,4.965710542246586e-13
-14.032700923022404,2.1671553917313384e-14,5.245285298340803e-13
-13.988917144791444,2.2891927497400414e-14,5.540598713879034e-13
-13.945133366560484,2.4181023559794126e-14,5.852536632679734e-13
-13.901349588329525,2.5542710125987412e-14,6.182034742018433e-13
-13.857565810098567,2.6981076705322837e-14,6.530081375292247e-13
-13.813782031867607,2.850044063078396e-14,6.897720472002258e-13
-13.769998253636647,3.010536280282829e-14,7.286054705782096e-13
-13.726214475405689,3.180066114875842e-14,7.696248784163702e-13
-13.68243069717473,3.359142512714355e-14,8.12953293907382e-13
-13.63864691894377,3.548303069607633e-14,8.587206608924852e-13
-13.59486314071281,3.748115625251938e-14,9.070642328841071e-13
-13.551079362481852,3.959179973974959e-14,9.581289841360944e-13
-13.507295584250894,4.1821298197045285e-14,1.0120680434004189e-12
-13.463511806019934,4.4176343426081145e-14,1.0690431523728983e-12
-13.419728027788974,4.666400614839639e-14,1.1292251497002614e-12
-13.375944249558016,4.9291753677844634e-14,1.1927944822561303e-12
-13.332160471327057,5.206747458430052e-14,1.2599417449710886e-12
-13.288376693096097,5.4999501512538733e-14,1.330868251048409e-12
-13.244592914865137,5.809663642383195e-14,1.4057866341779595e-12
-13.200809136634179,6.136817651431233e-14,1.4849214845410386e-12
-13.15702535840322,6.482394320120644e-14,1.568510020268757e-12
-13.11324158017226,6.847431021949299e-14,1.6568027969900947e-12
-13.0694578019413,7.233023570793174e-14,1.7500644567380146e-12
-13.025674023710343,7.640329589492767e-14,1.8485745190774618e-12
-12.981890245479384,8.070571694578245e-14,1.9526282164240646e-12
-12.938106467248424,8.525041514647848e-14,2.062537376424591e-12
-12.894322689017464,9.005103304014356e-14,2.178631353461425e-12
-12.850538910786506,9.512198234545821e-14,2.3012580125797622e-12
-12.806755132555548,1.004784859198153e-13,2.4307847684081624e-12
-12.762971354324588,1.0613662258466861e-13,2.567599682343964e-12
-12.719187576093628,1.1211337950803784e-13,2.7121126211200897e-12
-12.67540379786267,1.1842669717695272e-13,2.864756480107615e-12
-12.631620019631711,1.2509552825393833e-13,3.025988475377939e-12
-12.587836241400751,1.321398927124248e-13,3.1962915077870298e-12
-12.544052463169791,1.3958093703028638e-13,3.376175603467161e-12
-12.500268684938833,1.4744099915882711e-13,3.5661794349345164e-12
-12.456484906707875,1.5574367377351877e-13,3.766871927111677e-12
-12.412701128476915,1.6451388546725774e-13,3.978853953312507e-12
-12.368917350245955,1.7377796227221156e-13,4.202760125828878e-12
-12.325133572014996,1.835637138560225e-13,4.439260686638972e-12
-12.281349793784038,1.9390051682377167e-13,4.689063503712912e-12
-12.237566015553078,2.0481940116093182e-13,4.952916178868377e-12
-12.193782237322118,2.1635314511246184e-13,5.231608273031401e-12
-12.14999845909116,2.285363720918075e-13,5.525973656133125e-12
-12.106214680860202,2.414056552647836e-13,5.8368929875065434e-12
-12.062430902629242,2.5499962736322084e-13,6.1652963351105005e-12
-12.018647124398282,2.6935909686500245e-13,6.512165940630382e-12
-11.974863346167323,2.845271692011191e-13,6.878539138433169e-12
-11.931079567936365,3.005493785189245e-13,7.2655114375094215e-12
-11.887295789705405,3.1747382199585813e-13,7.674239774781077e-12
-11.843512011474445,3.353513052859399e-13,8.105945949736675e-12
-11.799728233243487,3.542354954186664e-13,8.56192024977141e-12
-11.755944455012528,3.741830818144996e-13,9.043525277758924e-12
-11.712160676781568,3.9525394475077824e-13,9.552199991931857e-12
-11.668376898550608,4.1751133773434613e-13,1.0089463970522243e-11
-11.62459312031965,4.4102207505875356e-13,1.0656921913263076e-11
-11.580809342088692,4.658567348515507e-13,1.125626839278783e-11
-11.537025563857732,4.920898678615105e-13,1.1889292869729496e-11
-11.493241785626772,5.198002235939667e-13,1.2557884986015084e-11
-11.449458007395814,5.490709866044986e-13,1.3264040151650934e-11
-11.405674229164855,5.799900243758276e-13,1.4009865441020665e-11
-11.361890450933895,6.126501536565124e-13,1.4797585815704873e-11
-11.318106672702935,6.471494165687696e-13,1.562955069195884e-11
-11.274322894471977,6.835913768081891e-13,1.650824087114604e-11
-11.230539116241019,7.220854294635545e-13,1.743627585365596e-11
-11.186755338010059,7.627471294647012e-13,1.8416421556703633e-11
-11.142971559779099,8.056985390850308e-13,1.9451598458499935e-11
-11.09918778154814,8.510685948211929e-13,2.054489019153326e-11
-11.055404003317182,8.989934916557416e-13,2.169955261016288e-11
-11.011620225086222,9.496170950015486e-13,2.2919023357429788e-11
-10.967836446855262,1.0030913722270375e-12,2.420693195906703e-11
-10.924052668624304,1.0595768456282612e-12,2.5567110472824685e-11
-10.880268890393346,1.1192430789336028e-12,2.70036047232701e-11
-10.836485112162386,1.182269182773718e-12,2.8520686154205366e-11
-10.792701333931426,1.2488443543966189e-12,3.0122864331392827e-11
-10.748917555700467,1.3191684432148313e-12,3.1814900131369984e-11
-10.70513377746951,1.3934525537902578e-12,3.360181965329743e-11
-10.66134999923855,1.4719196771974599e-12,3.5488928892134595e-11
-10.61756622100759,1.5548053620243662e-12,3.74818292153717e-11
-10.573782442776631,1.6423584191817049e-12,3.9586433685133414e-11
-10.529998664545673,1.7348416711314757e-12,4.1808984272021e-11
-10.486214886314713,1.8325327399068117e-12,4.41560700080213e-11
-10.442431108083753,1.9357248790795463e-12,4.663464612890979e-11
-10.398647329852794,2.0447278569390714e-12,4.925205425882764e-11
-10.354863551621836,2.15986888371742e-12,5.201604369273437e-11
-10.311079773390876,2.2814935947783197e-12,5.493479383517611e-11
-10.267295995159916,2.409967088993682e-12,5.801693785698438e-11
-10.22351221692896,2.5456750217022374e-12,6.127158763385525e-11
-10.179728438698,2.6890247662622356e-12,6.47083600358529e-11
-10.13594466046704,2.8404466343270848e-12,6.833740463791576e-11
-10.09216088223608,3.000395166786646e-12,7.21694329273479e-11
-10.04837710400512,3.1693505022637614e-12,7.621574908660434e-11
-10.004593325774163,3.34781981207172e-12,8.048828243407784e-11
-9.960809547543203,3.5363388274807098e-12,8.499962161007518e-11
-9.917025769312243,3.73547344588842e-12,8.976305059895595e-11
-9.873241991081287,3.945821429915964e-12,9.479258668349265e-11
-9.829458212850327,4.168014200829686e-12,1.0010302043173062e-10
-9.785674434619366,4.402718734955498e-12,1.0570995782204636e-10
-9.741890656388406,4.6506395635995535e-12,1.1162986461729355e-10
-9.698106878157446,4.9125208892361e-12,1.1788011310361103e-10
-9.65432309992649,5.189148820289413e-12,1.2447903131660714e-10
-9.61053932169553,5.481353727628223e-12,1.3144595488175685e-10
-9.56675554346457,5.790012738508285e-12,1.388012816034883e-10
-9.522971765233613,6.116052369566941e-12,1.4656652894298678e-10
-9.479187987002653,6.460451306957208e-12,1.547643945322001e-10
-9.435404208771693,6.824243343406149e-12,1.6341881987729746e-10
-9.391620430540733,7.2085204804902125e-12,1.725550574137395e-10
-9.347836652309773,7.614436209454033e-12,1.821997410812005e-10
-9.304052874078817,8.043208967692194e-12,1.9238096059541993e-10
-9.260269095847857,8.496125799533442e-12,2.0312833960174852e-10
-9.216485317616897,8.97454621720125e-12,2.1447311790390528e-10
-9.17270153938594,9.479906280733548e-12,2.264482379700522e-10
-9.12891776115498,1.0013722908794062e-11,2.390884359277308e-10
-9.08513398292402,1.0577598430287262e-11,2.524303372684829e-10
-9.04135020469306,1.1173225392489178e-11,2.6651255749282277e-10
-8.9975664264621,1.1802391640341272e-11,2.8137580793630536e-10
-8.953782648231144,1.24669856825666e-11,2.970630070284793e-10
-8.909998870000184,1.3169002357472492e-11,3.136193972463025e-10
-8.866215091769224,1.3910548819851165e-11,3.3109266803612764e-10
-8.822431313538267,1.469385086284736e-11,3.495330849885418e-10
-8.778647535307307,1.552125959838938e-11,3.689936255632745e-10
-8.734863757076347,1.6395258509173536e-11,3.8953012167331153e-10
-8.691079978845387,1.7318470904546008e-11,4.1120140944932944e-10
-8.647296200614427,1.8293667786051864e-11,4.3406948651905905e-10
-8.60351242238347,1.932377616731747e-11,4.581996771492424e-10
-8.55972864415251,2.041188785024748e-11,4.836608056110759e-10
-8.51594486592155,2.1561268704075348e-11,5.105253781435449e-10
-8.472161087690594,2.27753684630309e-11,5.388697739035139e-10
-8.428377309459634,2.4057831075441376e-11,5.687744453053033e-10
-8.384593531228674,2.5412505632333545e-11,6.003241281664642e-10
-8.340809752997714,2.684345791902397e-11,6.336080620916903e-10
-8.297025974766754,2.8354982604839215e-11,6.687202215407969e-10
-8.253242196535798,2.995161613074925e-11,7.057595580413153e-10
-8.209458418304838,3.163815031120542e-11,7.448302540215789e-10
-8.165674640073878,3.3419646710016827e-11,7.860419887535059e-10
-8.121890861842921,3.530145181555733e-11,8.295102169104799e-10
-8.078107083611961,3.728921308003112e-11,8.753564602581714e-10
-8.034323305381001,3.938889585093711e-11,9.237086130117345e-10
-7.990539527150041,4.1606801261539996e-11,9.747012614051325e-10
-7.946755748919081,4.3949585121588506e-11,1.0284760180327195e-09
-7.9029719706881245,4.6424277875375115e-11,1.08518187153517e-09
-7.8591881924571645,4.903830567792693e-11,1.1449755522136771e-09
-7.8154044142262045,5.1799512658451213e-11,1.208021914167926e-09
-7.771620635995248,5.471618443308402e-11,1.2744943345638355e-09
-7.727836857764288,5.779707294012877e-11,1.344575130645032e-09
-7.684053079533328,6.105142266919151e-11,1.4184559951113087e-09
-7.640269301302368,6.448899836880076e-11,1.4963384504930833e-09
-7.596485523071408,6.812011430491149e-11,1.578434323155971e-09
-7.552701744840451,7.195566516414676e-11,1.664966237572777e-09
-7.508917966609491,7.600715869710835e-11,1.7561681315014636e-09
-7.465134188378531,8.028675018834923e-11,1.8522857927067669e-09
-7.421350410147575,8.4807278866333e-11,1.9535774178594024e-09
-7.377566631916615,8.958230635584076e-11,2.0603141942414308e-09
-7.333782853685655,9.462615728941478e-11,2.172780904876473e-09
-7.289999075454695,9.995396219393109e-11,2.2912765576925064e-09
-7.246215297223735,1.0558170279019655e-10,2.4161150393083053e-09
-7.202431518992778,1.1152625982882098e-10,2.5476257940159336e-09
-7.158647740761818,1.1780546360861815e-10,2.686154528507922e-09
-7.114863962530858,1.244381473303185e-10,2.832063942870266e-09
-7.071080184299902,1.314442034404607e-10,2.9857344883288724e-09
-7.027296406068942,1.388446431305923e-10,3.147565152200591e-09
-6.983512627837982,1.4666165917191597e-10,3.31797427045477e-09
-6.939728849607022,1.5491869227165928e-10,3.497400368243754e-09
-6.895945071376062,1.6364050113819416e-10,3.6863030287028568e-09
-6.852161293145105,1.7285323647685265e-10,3.88516379025916e-09
-6.808377514914145,1.8258451911857813e-10,4.094487072616773e-09
-6.764593736683185,1.9286352252645902e-10,4.314801131508621e-09
-6.720809958452229,2.0372105990606163e-10,4.5466590422171194e-09
-6.677026180221269,2.1518967619586994e-10,4.790639711770624e-09
-6.633242401990309,2.2730374518849158e-10,5.047348919614908e-09
-6.589458623759349,2.400995720796786e-10,5.317420386443944e-09
-6.545674845528389,2.5361550174147504e-10,5.60151687074439e-09
-6.501891067297432,2.678920330348775e-10,5.900331292468671e-09
-6.458107289066472,2.8297193949871336e-10,6.214587883098311e-09
-6.414323510835512,2.9890039676144614e-10,6.545043361191405e-09
-6.370539732604556,3.157251170535931e-10,6.892488132326923e-09
-6.326755954373596,3.334964912054918e-10,7.25774751216062e-09
-6.282972176142636,3.5226773854293544e-10,7.64168297109264e-09
-6.239188397911676,3.720950651180368e-10,8.04519339881601e-09
-6.1954046196807155,3.930378307267474e-10,8.469216386763337e-09
-6.151620841449759,4.151587251993796e-10,8.914729526199267e-09
-6.107837063218799,4.385239544640445e-10,9.382751719414998e-09
-6.064053284987839,4.63203436924531e-10,9.874344501166576e-09
-6.0202695067568825,4.892710107037347e-10,1.0390613367164152e-08
-5.9764857285259225,5.168046523559026e-10,1.0932709106057483e-08
-5.9327019502949625,5.458867076525628e-10,1.1501829130977311e-08
-5.8889181720640025,5.766041351149174e-10,1.2099218806281082e-08
-5.8451343938330425,6.090487629626075e-10,1.2726172764711616e-08
-5.801350615602086,6.433175602115531e-10,1.3384036209710349e-08
-5.757566837371126,6.795129226774473e-10,1.4074206197131404e-08
-5.713783059140166,7.177429746836569e-10,1.4798132890075172e-08
-5.6699992809092095,7.581218873076609e-10,1.555732078000687e-08
-5.626215502678249,8.007702140533905e-10,1.6353329866736684e-08
-5.582431724447289,8.458152448630678e-10,1.7187776789221635e-08
-5.538647946216329,8.933913794470901e-10,1.806233589850062e-08
-5.494864167985369,9.436405209423017e-10,1.8978740263394527e-08
-5.451080389754413,9.967124909656909e-10,1.9938782598893005e-08
-5.407296611523453,1.0527654671765074e-09,2.0944316106410086e-08
-5.363512833292493,1.1119664445228082e-09,2.1997255214320032e-08
-5.319729055061536,1.1744917213854324e-09,2.309957620639081e-08
-5.275945276830576,1.2405274119070261e-09,2.42533177249078e-08
-5.232161498599616,1.310269985840527e-09,2.546058113443315e-08
-5.188377720368656,1.3839268373126903e-09,2.6723530731281065e-08
-5.144593942137696,1.4617168839624079e-09,2.8044393782900128e-08
-5.10081016390674,1.5438711979743858e-09,2.942546038045473e-08
-5.05702638567578,1.6306336705972258e-09,3.08690830869871e-08
-5.01324260744482,1.7222617117856066e-09,3.237767636262342e-08
-4.969458829213863,1.8190269866954047e-09,3.3953715747374736e-08
-4.925675050982903,1.921216190811064e-09,3.5599736781174226e-08
-4.881891272751943,2.0291318655473573e-09,3.731833363989528e-08
-4.838107494520983,2.1430932562599797e-09,3.911215746523056e-08
-4.794323716290023,2.263437214638667e-09,4.0983914365466365e-08
-4.750539938059067,2.3905191475355997e-09,4.293636306339564e-08
-4.706756159828107,2.5247140143550947e-09,4.497231216686916e-08
-4.662972381597147,2.666417375172913e-09,4.7094617036807135e-08
-4.61918860336619,2.8160464918327856e-09,4.9306176226904603e-08
-4.57540482513523,2.974041484321026e-09,5.160992746876151e-08
-4.53162104690427,3.1408665447598227e-09,5.400884317578139e-08
-4.48783726867331,3.3170112114279984e-09,5.650592543893442e-08
-4.44405349044235,3.5029917052375764e-09,5.9104200487366574e-08
-4.400269712211394,3.699352331148083e-09,6.180671258690682e-08
-4.356485933980434,3.906666947000984e-09,6.461651734977931e-08
-4.312702155749474,4.125540502290881e-09,6.753667442929465e-08
-4.268918377518517,4.356610649366022e-09,7.057023957401175e-08
-4.225134599287557,4.600549429563404e-09,7.372025601682769e-08
-4.181350821056597,4.8580650367100006e-09,7.698974517571547e-08
-4.137567042825637,5.129903660410696e-09,8.038169664441187e-08
-4.093783264594677,5.4168514114253185e-09,8.389905745326762e-08
-4.0499994863637205,5.719736331359833e-09,8.754472058275798e-08
-4.0062157081327605,6.039430488751631e-09,9.132151271482899e-08
-3.9624319299018005,6.37685216345428e-09,9.523218121033454e-08
-3.918648151670844,6.7329681210222414e-09,9.927938030435657e-08
-3.874864373439884,7.108795978549742e-09,1.0346565651517056e-07
-3.831080595208924,7.505406663098964e-09,1.0779343326707228e-07
-3.787296816977964,7.9239269635144e-09,1.1226499473222548e-07
-3.743513038747004,8.365542175983787e-09,1.1688246890210693e-07
-3.6997292605160474,8.831498843223133e-09,1.2164780990505505e-07
-3.6559454822850874,9.323107586604966e-09,1.2656277959284044e-07
-3.6121617040541274,9.841746029878915e-09,1.316289284260642e-07
-3.568377925823171,1.0388861812411215e-08,1.3684757569555776e-07
-3.524594147592211,1.096597568899695e-08,1.4221978912474515e-07
-3.480810369361251,1.1574684712352397e-08,1.477463639061231e-07
-3.437026591130291,1.2216665493293754e-08,1.534278012335885e-07
-3.393242812899331,1.2893677532377617e-08,1.592642864011988e-07
-3.3494590346683744,1.3607566615409903e-08,1.6525566654807655e-07
-3.3056752564374143,1.436026826367108e-08,1.714014281384741e-07
-3.2618914782064543,1.515381122799413e-08,1.7770067427540754e-07
-3.218107699975498,1.599032101390982e-08,1.8415210195571264e-07
-3.174323921744538,1.6872023422954078e-08,1.9075397938371336e-07
-3.130540143513578,1.7801248092876734e-08,1.9750412346988363e-07
-3.0867563652826178,1.878043201691825e-08,2.0439987764981293e-07
-3.0429725870516577,1.9812123019462327e-08,2.1143809016731717e-07
-2.9991888088207013,2.089898316228273e-08,2.1861509297362021e-07
-2.9554050305897412,2.2043792052184984e-08,2.2592668140202247e-07
-2.911621252358781,2.32494500171703e-08,2.3336809478427974e-07
-2.8678374741278247,2.4518981114236657e-08,2.4093399818097e-07
-2.8240536958968647,2.5855535927622766e-08,2.486184654032871e-07
-2.7802699176659047,2.7262394111636354e-08,2.5641496350792416e-07
-2.7364861394349447,2.87429666272633e-08,2.6431633894993583e-07
-2.6927023612039847,3.030079761642405e-08,2.7231480558057173e-07
-2.648918582973028,3.193956585214954e-08,2.804019346780812e-07
-2.605134804742068,3.366308569700442e-08,2.8856864719931396e-07
-2.561351026511108,3.5475307495882e-08,2.9680520843855814e-07
-2.5175672482801517,3.7380317322840275e-08,3.0510122527749863e-07
-2.4737834700491916,3.938233599496035e-08,3.134456462063674e-07
-2.4299996918182316,4.148571725938695e-08,3.218267642913613e-07
-2.3862159135872716,4.3694945052804213e-08,3.302322232572286e-07
-2.3424321353563116,4.6014629725665206e-08,3.38649026846539e-07
-2.298648357125355,4.8449503116708346e-08,3.47063551608651e-07
-2.254864578894395,5.100441235669544e-08,3.55461563261739e-07
-2.211080800663435,5.36843122741163e-08,3.638282367604648e-07
-2.1672970224324786,5.64942562699485e-08,3.7214818019001487e-07
-2.1235132442015185,5.943938552366175e-08,3.804054625942066e-07
-2.0797294659705585,6.25249163887193e-08,3.8858364583121296e-07
-2.0359456877395985,6.57561258331401e-08,3.966658205351366e-07
-1.9921619095086385,6.913833477947151e-08,4.046346462450213e-07
-1.948378131277682,7.267688919916997e-08,4.1247239574494864e-07
-1.904594353046722,7.637713881916067e-08,4.201610036393996e-07
-1.860810574815762,8.024441330365226e-08,4.2768211916696484e-07
-1.8170267965848055,8.42839957824875e-08,4.350171632325853e-07
-1.7732430183538455,8.85010936088246e-08,4.421473896135537e-07
-1.7294592401228854,9.290080624412764e-08,4.490539502673132e-07
-1.6856754618919254,9.748809018778019e-08,4.5571796463942716e-07
-1.6418916836609654,1.0226772089241109e-07,4.6212059283767063e-07
-1.598107905430009,1.0724425163468638e-07,4.682431125028362e-07
-1.5543241271990489,1.1242196934513386e-07,4.740669991683216e-07
-1.5105403489680889,1.178048474397738e-07,4.795740098586927e-07
-1.4667565707371324,1.2339649574116396e-07,4.847462696321459e-07
-1.4229727925061724,1.2920010762686556e-07,4.895663607230303e-07
-1.3791890142752123,1.3521840459934174e-07,4.940174138884866e-07
-1.3354052360442523,1.4145357853259298e-07,4.980832015080156e-07
-1.2916214578132923,1.479072319170038e-07,5.017482319267572e-07
-1.2478376795823358,1.545803164943226e-07,5.04997844473033e-07
-1.2040539013513758,1.6147307074851356e-07,5.07818304519032e-07
-1.1602701231204158,1.6858495679430115e-07,5.101968978913587e-07
-1.1164863448894593,1.7591459728224918e-07,5.121220238767647e-07
-1.0727025666584993,1.83459713015457e-07,5.135832860091531e-07
-1.0289187884275393,1.912170620466006e-07,5.145715797685919e-07
-0.9851350101965792,1.9918238109296054e-07,5.150791762734568e-07
-0.9413512319656192,2.0735033016887933e-07,5.150998010050263e-07
-0.8975674537346627,2.1571444138738134e-07,5.146287065720824e-07
-0.8537836755037027,2.2426707292281093e-07,5.136627385035944e-07
-0.8099998972727427,2.329993691517733e-07,5.122003930526873e-07
-0.7662161190417862,2.4190122799784745e-07,5.102418660069958e-07
-0.7224323408108262,2.5096127649414736e-07,5.077890915312268e-07
-0.6786485625798662,2.6016685554481514e-07,5.048457701189974e-07
-0.6348647843489061,2.6950401481033617e-07,5.014173848040932e-07
-0.5910810061179461,2.7895751856098743e-07,4.975112048770443e-07
-0.5472972278869896,2.885108632374325e-07,4.931362764714786e-07
-0.5035134496560296,2.981463073276528e-07,4.883033995255805e-07
-0.4597296714250696,3.0784491401617226e-07,4.830250907858457e-07
-0.4159458931941131,3.1758660688689077e-07,4.773155327010517e-07
-0.3721621149631531,3.273502387675374e-07,4.7119050825098917e-07
-0.3283783367321931,3.3711367359551595e-07,4.646673219633056e-07
-0.28459455850123305,3.468538809662211e-07,4.577647075882641e-07
-0.24081078027027303,3.565470428007659e-07,4.505027231203081e-07
-0.19702700203931656,3.661686713462509e-07,4.4290263407142997e-07
-0.15324322380835653,3.7569373750408805e-07,4.3498678610870444e-07
-0.10945944557739651,3.850968082765694e-07,4.2677846836109556e-07
-0.06567566734644004,3.9435219193486406e-07,4.1830176887304394e-07
-0.021891889115480012,4.0343408934837964e-07,4.0958142382918953e-07
0.021891889115480012,4.1231674978108036e-07,4.0064266229118943e-07
0.06567566734644004,4.209746293589968e-07,3.9151104827017114e-07
0.10945944557740006,4.2938255034794667e-07,3.8221232200422006e-07
0.15324322380835653,4.3751585935349674e-07,3.727722423177649e-07
0.19702700203931656,4.4535058256717236e-07,3.63216431908475e-07
0.24081078027027658,4.528635762333904e-07,3.5357022733823676e-07
0.28459455850123305,4.600326705988624e-07,3.4385853539996355e-07
0.3283783367321931,4.668368057273707e-07,3.341056973947931e-07
0.3721621149631531,4.732561577139836e-07,3.243353626887546e-07
0.4159458931941131,4.792722540092481e-07,3.145703727293095e-07
0.45972967142507315,4.848680767602038e-07,3.0483265649593494e-07
0.5035134496560296,4.900281532855776e-07,2.9514313814101053e-07
0.5472972278869896,4.947386330212074e-07,2.85521657353777e-07
0.5910810061179497,4.989873504927966e-07,2.7598690275699357e-07
0.6348647843489061,5.027638740909994e-07,2.6655635842865706e-07
0.6786485625798662,5.060595406334156e-07,2.572462634348737e-07
0.7224323408108262,5.088674758949364e-07,2.4807158406902816e-07
0.7662161190417862,5.111826014683123e-07,2.3904599832033886e-07
0.8099998972727462,5.130016284778487e-07,2.301818919445375e-07
0.8537836755037027,5.14323038808781e-07,2.21490365382552e-07
0.8975674537346627,5.151470546318196e-07,2.1298125067076529e-07
0.9413512319656228,5.154755970961827e-07,2.046631374088711e-07
0.9851350101965792,5.153122351353733e-07,1.9654340679799456e-07
1.0289187884275393,5.146621253788741e-07,1.8862827273149995e-07
1.0727025666584993,5.135319441912306e-07,1.8092282891204788e-07
1.1164863448894593,5.119298128694392e-07,1.7343110097891802e-07
1.1602701231204193,5.098652170222217e-07,1.6615610265707543e-07
1.2040539013513758,5.073489211328989e-07,1.590998949813318e-07
1.2478376795823358,5.043928792735094e-07,1.522636477026868e-07
1.2916214578132958,5.010101428938424e-07,1.4564770204695364e-07
1.3354052360442523,4.972147665574219e-07,1.3925163406556242e-07
1.3791890142752123,4.930217124392527e-07,1.330743178927516e-07
1.4229727925061724,4.884467543392446e-07,1.271139883000424e-07
1.4667565707371324,4.83506381902297e-07,1.213683020160791e-07
1.5105403489680924,4.782177056725695e-07,1.1583439735605608e-07
1.5543241271990489,4.725983635466181e-07,1.105089517786167e-07
1.598107905430009,4.6666642912886156e-07,1.0538823705826744e-07
1.641891683660969,4.604403224340073e-07,1.004681718271507e-07
1.6856754618919254,4.5393872332511e-07,9.574437130081888e-08
1.7294592401228854,4.471804880232968e-07,9.12121940581051e-08
1.7732430183538455,4.4018456897602936e-07,8.686678579502319e-08
1.8170267965848055,4.329699383251489e-07,8.270312001680149e-08
1.8608105748157655,4.2555551517389707e-07,7.871603567075704e-08
1.904594353046722,4.1796009681344375e-07,7.490027175588836e-08
1.948378131277682,4.1020229403403613e-07,7.12504989730899e-08
1.992161909508642,4.023004706135143e-07,6.776134850309293e-08
2.0359456877395985,3.9427268704631936e-07,6.442743801795757e-08
2.0797294659705585,3.8613664854908604e-07,6.124339504661134e-08
2.1235132442015185,3.7790965735415295e-07,5.8203877825920744e-08
2.1672970224324786,3.6960856927961493e-07,5.530359377651066e-08
2.2110808006634386,3.6124975454373945e-07,5.253731574742823e-08
2.254864578894395,3.528490627723845e-07,4.989989617613456e-08
2.298648357125355,3.444217921304185e-07,4.738627931058413e-08
2.342432135356315,3.359826624918956e-07,4.4991511638648816e-08
2.3862159135872716,3.275457925487383e-07,4.2710750667156704e-08
2.4299996918182316,3.191246807439422e-07,4.0539272188650044e-08
2.4737834700491916,3.107321899027181e-07,3.8472476168853955e-08
2.5175672482801517,3.0238053542350485e-07,3.6505891382011453e-08
2.5613510265111117,2.9408127688047145e-07,3.463517891489475e-08
2.605134804742068,2.8584531287990177e-07,3.2856134653593415e-08
2.648918582973028,2.7768287900478134e-07,3.1164690860268024e-08
2.692702361203988,2.696035486749967e-07,2.9556916940063334e-08
2.7364861394349447,2.6161623674479447e-07,2.8029019491391042e-08
2.7802699176659047,2.537292056545986e-07,2.6577341725918747e-08
2.8240536958968647,2.4595007395092826e-07,2.5198362337893034e-08
2.8678374741278247,2.3828582698598619e-07,2.3888693895936353e-08
2.9116212523587848,2.3074282960754328e-07,2.2645080824239136e-08
2.9554050305897412,2.2332684064995763e-07,2.1464397034137466e-08
2.9991888088207013,2.16043029038538e-07,2.03436432614511e-08
3.0429725870516613,2.088959913219578e-07,1.9279944159669138e-08
3.0867563652826178,2.0188977045095195e-07,1.8270545194109805e-08
3.130540143513578,1.950278756260849e-07,1.731280937755825e-08
3.174323921744538,1.8831330304284617e-07,1.6404213883589745e-08
3.218107699975498,1.8174855736861164e-07,1.554234656980728e-08
3.261891478206458,1.7533567379308953e-07,1.4724902439561274e-08
3.3056752564374143,1.6907624050155848e-07,1.3949680067350844e-08
3.3494590346683744,1.6297142142846603e-07,1.321457801002505e-08
3.3932428128993344,1.5702197915767557e-07,1.2517591223092607e-08
3.437026591130291,1.5122829784467994e-07,1.1856807498889164e-08
3.480810369361251,1.4559040604541712e-07,1.1230403941035625e-08
3.524594147592211,1.4010799934575318e-07,1.0636643487524996e-08
3.568377925823171,1.3478046269518257e-07,1.0073871492886963e-08
3.612161704054131,1.2960689235774832e-07,9.54051237818493e-09
3.6559454822850874,1.245861174025032e-07,9.035066356081556e-09
3.6997292605160474,1.197167206649563e-07,8.556106236854046e-09
3.7435130387470075,1.1499705911980942e-07,8.10227432003583e-09
3.787296816977964,1.104252836138101e-07,7.672279375292329e-09
3.831080595208924,1.0599935791571375e-07,7.264893715196087e-09
3.874864373439884,1.0171707704808839e-07,6.878950361737261e-09
3.918648151670844,9.757608487298187e-08,6.513340307678135e-09
3.962431929901804,9.357389091030272e-08,6.167009873228222e-09
4.0062157081327605,8.970788637409829e-08,5.838958157967301e-09
4.0499994863637205,8.597535941775008e-08,5.5282345874704375e-09
4.093783264594681,8.237350958445645e-08,5.23393655368488e-09
4.137567042825637,7.889946146420692e-08,4.955207147763598e-09
4.181350821056597,7.555027756282337e-08,4.691232983771691e-09
4.225134599287557,7.232297039253372e-08,4.441242111440843e-09
4.268918377518517,6.921451379696506e-08,4.204502015948393e-09
4.312702155749477,6.622185352645836e-08,3.980317702539131e-09
4.356485933980434,6.334191708218054e-08,3.768029863681196e-09
4.400269712211394,6.057162284971264e-08,3.5670131263517316e-09
4.444053490442354,5.7907888544629555e-08,3.376674376978069e-09
4.48783726867331,5.534763899407422e-08,3.1964511615123213e-09
4.53162104690427,5.288781327952523e-08,3.0258101580905357e-09
4.57540482513523,5.0525371266852416e-08,2.8642457197169933e-09
4.61918860336619,4.825729955039357e-08,2.7112784844186107e-09
4.66297238159715,4.608061683819697e-08,2.5664540503320245e-09
4.706756159828107,4.399237880576584e-08,2.4293417132136403e-09
4.750539938059067,4.198968244564988e-08,2.2995332639001606e-09
4.794323716290027,4.006966994007204e-08,2.1766418432919273e-09
4.838107494520983,3.8229532083471254e-08,2.060300852482138e-09
4.881891272751943,3.6466511281413056e-08,1.950162915711347e-09
4.925675050982903,3.4777904151782505e-08,1.8458988938868584e-09
4.969458829213863,3.316106375353602e-08,1.747196946469723e-09
5.013242607444823,3.1613401467584394e-08,1.6537616395980444e-09
5.05702638567578,3.013238855360383e-08,1.5653130983826367e-09
5.10081016390674,2.8715557405746518e-08,1.4815862013794826e-09
5.1445939421377,2.7360502529361568e-08,1.4023298153127325e-09
5.188377720368656,2.606488125993948e-08,1.3273060681908982e-09
5.232161498599616,2.4826414244582255e-08,1.2562896590279994e-09
5.275945276830576,2.3642885705376413e-08,1.1890672024497509e-09
5.319729055061536,2.2512143503111236e-08,1.1254366065321239e-09
5.363512833292496,2.1432099018860295e-08,1.0652064822861956e-09
5.407296611523453,2.0400726870019265e-08,1.0081955832680856e-09
5.451080389754413,1.941606447648357e-08,9.54232273856395e-10
5.494864167985373,1.8476211491757343e-08,9.031540248016648e-10
5.538647946216329,1.75793291129076e-08,8.548069347125126e-10
5.582431724447289,1.672363928242924e-08,8.090452762018504e-10
5.626215502678249,1.5907423794259083e-08,7.657310654732859e-10
5.6699992809092095,1.5129023315376657e-08,7.24733654182651e-10
5.7137830591401695,1.4386836333661203e-08,6.859293424627624e-10
5.7575668373711295,1.3679318041931807e-08,6.492010120505731e-10
5.801350615602082,1.3004979167389226e-08,6.144377785052385e-10
5.8451343938330425,1.2362384754997587e-08,5.815346615529402e-10
5.8889181720640025,1.1750152912700308e-08,5.503922726400564e-10
5.9327019502949625,1.1166953525744794e-08,5.209165188197882e-10
5.9764857285259225,1.0611506946810506e-08,4.930183221395493e-10
6.0202695067568825,1.0082582668080168e-08,4.666133537365396e-10
6.064053284987843,9.578997980871508e-09,4.416217818874733e-10
6.107837063218803,9.099616627955284e-09,4.179680332953212e-10
6.151620841449763,8.643347453221307e-09,3.9558056693116835e-10
6.1954046196807155,8.20914305291943e-09,3.743916597829976e-10
6.239188397911676,7.795998432294357e-09,3.5433720389537386e-10
6.282972176142636,7.402949671052702e-09,3.353565141147898e-10
6.326755954373596,7.029072600742557e-09,3.173921459846404e-10
6.370539732604556,6.673481496795736e-09,3.0038972326185815e-10
6.414323510835516,6.3353277876728545e-09,2.8429777455382587e-10
6.458107289066476,6.013798783264451e-09,2.690675785995885e-10
6.501891067297429,5.708116424435577e-09,2.546530177435772e-10
6.545674845528389,5.417536055354057e-09,2.410104391730535e-10
6.589458623759349,5.141345220016353e-09,2.2809852351245713e-10
6.633242401990309,4.878862484172789e-09,2.158781603885975e-10
6.677026180221269,4.629436283662216e-09,2.0431233060054724e-10
6.720809958452229,4.392443799987093e-09,1.933659945468968e-10
6.764593736683189,4.167289863797278e-09,1.830059865809828e-10
6.808377514914149,3.953405886800859e-09,1.7320091498172507e-10
6.852161293145109,3.750248822483859e-09,1.6392106724389652e-10
6.895945071376062,3.5573001558960273e-09,1.5513832040703666e-10
6.939728849607022,3.3740649226461705e-09,1.4682605615680446e-10
6.983512627837982,3.200070757148184e-09,1.3895908044646494e-10
7.027296406068942,3.034866970064899e-09,1.3151354739932718e-10
7.071080184299902,2.8780236548137187e-09,1.244668872654891e-10
7.114863962530862,2.7291308229220407e-09,1.1779773821808193e-10
7.158647740761822,2.5877975679529545e-09,1.1148588178546635e-10
7.202431518992775,2.453651257661674e-09,1.0551218172651659e-10
7.246215297223735,2.32633675398951e-09,9.985852616624628e-11
7.289999075454695,2.205515660455678e-09,9.450777281865907e-11
7.333782853685655,2.0908655964655198e-09,8.94436971327911e-11
7.377566631916615,1.9820794980187185e-09,8.465094320658029e-11
7.421350410147575,1.8788649442702293e-09,8.011497732137676e-11
7.465134188378535,1.7809435093708458e-09,7.582204395767968e-11
7.508917966609495,1.6880501389929374e-09,7.175912416005364e-11
7.552701744840455,1.599932550929233e-09,6.791389612615496e-11
7.596485523071408,1.516350659138769e-09,6.427469790141629e-11
7.640269301302368,1.4370760206035722e-09,6.08304920672078e-11
7.684053079533328,1.3618913043524905e-09,5.757083231624484e-11
7.727836857764288,1.2905897820035376e-09,5.4485831814624077e-11
7.771620635995248,1.2229748391746638e-09,5.156613325522918e-11
7.815404414226208,1.1588595071127965e-09,4.880288051228742e-11
7.859188192457168,1.098066013893582e-09,4.618769181165573e-11
7.902971970688121,1.0404253545485012e-09,4.3712634335949795e-11
7.946755748919081,9.857768794820334e-10,4.137020018792953e-11
7.990539527150041,9.339679005491832e-10,3.9153283639632295e-11
8.034323305381001,8.848533141721824e-10,3.70551595985886e-11
8.078107083611961,8.382952408855665e-10,3.506946322612538e-11
8.121890861842921,7.941626807095578e-10,3.3190170646210896e-11
8.165674640073881,7.523311837637003e-10,3.1411580686578054e-11
8.209458418304841,7.126825355452468e-10,2.972829759696403e-11
8.253242196535801,6.751044563101121e-10,2.8135214692246868e-11
8.297025974766754,6.394903140079146e-10,2.6627498871040575e-11
8.340809752997714,6.057388502367616e-10,2.5200575962946174e-11
8.384593531228674,5.737539186980665e-10,2.3850116860157828e-11
8.428377309459634,5.434442356461447e-10,2.2572024391476975e-11
8.472161087690594,5.147231418424306e-10,2.136242089903542e-11
8.515944865921554,4.875083755389479e-10,2.0217636480141027e-11
8.559728644152514,4.6172185603069597e-10,1.913419785866919e-11
8.603512422383467,4.3728947733150816e-10,1.8108817852322142e-11
8.647296200614427,4.1414091154274075e-10,1.7138385403875144e-11
8.691079978845387,3.9220942149895967e-10,1.6219956146236544e-11
8.734863757076347,3.714316822891548e-10,1.535074347275361e-11
8.778647535307307,3.517476112664736e-10,1.452811008572861e-11
8.822431313538267,3.331002061734882e-10,1.374955999755176e-11
8.866215091769227,3.154353910238364e-10,1.3012730960225843e-11
8.909998870000187,2.987018693946331e-10,1.2315387300352843e-11
8.953782648231147,2.828509847972711e-10,1.165541313787828e-11
8.9975664264621,2.678365878071793e-10,1.1030805968050409e-11
9.04135020469306,2.536149096456683e-10,1.0439670587148729e-11
9.08513398292402,2.401444419193064e-10,9.88021334357815e-12
9.12891776115498,2.2738582223411203e-10,9.35073669690724e-12
9.17270153938594,2.1530172541348857e-10,8.849634068362905e-12
9.2164853176169,2.038567600600004e-10,8.375384967175132e-12
9.26026909584786,1.9301737021196192e-10,7.926550378000241e-12
9.304052874078813,1.8275174185633548e-10,7.501768395442199e-12
9.347836652309773,1.730297140695708e-10,7.0997500924385574e-12
9.391620430540733,1.638226945678703e-10,6.719275609987838e-12
9.435404208771693,1.5510357945778477e-10,6.359190456362507e-12
9.479187987002653,1.468466769872207e-10,6.018402004589057e-12
9.522971765233613,1.3902763510571469e-10,5.695876177575698e-12
9.566755543464573,1.3162337265130246e-10,5.390634310836912e-12
9.610539321695533,1.2461201398946956e-10,5.101750183302242e-12
9.654323099926494,1.1797282693749928e-10,4.828347207206575e-12
9.698106878157446,1.1168616381506723e-10,4.5695957685397e-12
9.741890656388406,1.0573340546916388e-10,4.324710709990737e-12
9.785674434619366,1.000969081283842e-10,4.092948948754454e-12
9.829458212850327,9.475995294825274e-11,3.873607221974666e-12
9.873241991081287,8.970669811567901e-11,3.666019952986221e-12
9.917025769312247,8.492213338673653e-11,3.469557231887385e-12
9.960809547543207,8.039203693783665e-11,3.2836229043135536e-12
10.00459332577416,7.61029344159823e-11,3.1076527626184027e-12
10.04837710400512,7.204206007916866e-11,2.941112833975046e-12
10.09216088223608,6.819731992315284e-11,2.7834977602056247e-12
10.13594466046704,6.455725669571746e-11,2.6343292644224838e-12
10.179728438698,6.11110167042889e-11,2.493154699834605e-12
10.22351221692896,5.7848318327253256e-11,2.3595456763113324e-12
10.26729599515992,5.475942214362427e-11,2.2330967605415687e-12
10.31107977339088,5.183510259982246e-11,2.1134242458435864e-12
10.35486355162184,4.906662113625412e-11,2.000164987894339e-12
10.398647329852793,4.644570070012381e-11,1.8929753028443433e-12
10.442431108083753,4.3964501574488396e-11,1.791529924480189e-12
10.486214886314713,4.1615598456985635e-11,1.6955210172649018e-12
10.529998664545673,3.939195872490949e-11,1.6046572422663982e-12
10.573782442776633,3.72869218264259e-11,1.518662873138659e-12
10.617566221007593,3.529417974067748e-11,1.4372769594743696e-12
10.661349999238553,3.340775845234971e-11,1.3602525349880698e-12
10.705133777469506,3.162200038896441e-11,1.2873558681342336e-12
10.748917555700466,2.993154777172702e-11,1.2183657528778766e-12
10.792701333931426,2.8331326833205645e-11,1.1530728374726349e-12
10.836485112162386,2.681653285743524e-11,1.0912789892069983e-12
10.880268890393346,2.538261600026713e-11,1.0327966931925115e-12
10.924052668624306,2.4025267849889636e-11,9.774484833666586e-13
10.967836446855266,2.2740408689454462e-11,9.25066403991896e-13
11.011620225086226,2.1524175425657343e-11,8.754915000065739e-13
11.055404003317186,2.0372910148939368e-11,8.285733346891994e-13
11.099187781548139,1.9283149292708715e-11,7.841695331694991e-13
11.142971559779099,1.8251613360627223e-11,7.421453504023351e-13
11.186755338010059,1.7275197192576685e-11,7.023732622900384e-13
11.230539116241019,1.6350960741404793e-11,6.647325787216312e-13
11.274322894471979,1.547612033397208e-11,6.291090773427316e-13
11.318106672702939,1.4648040391366124e-11,5.953946569539956e-13
11.361890450933899,1.3864225584429688e-11,5.634870094833333e-13
11.405674229164852,1.3122313401968183e-11,5.332893095335676e-13
11.449458007395812,1.242006711015667e-11,5.04709920572993e-13
11.493241785626772,1.1755369082768718e-11,4.776621168646256e-13
11.537025563857732,1.1126214482890416e-11,4.5206382029990996e-13
11.580809342088692,1.0530705277778549e-11,4.2783735133458237e-13
11.624593120319652,9.967044569462423e-12,4.049091932722188e-13
11.668376898550612,9.433531224585324e-12,3.832097691765502e-13
11.712160676781572,8.928554787831349e-12,3.626732307447239e-13
11.755944455012532,8.450590664091324e-12,3.432372584888149e-13
11.799728233243485,7.998195555287909e-12,3.2484287262829123e-13
11.843512011474445,7.570003138508105e-12,3.0743425411601813e-13
11.887295789705405,7.1647199727835665e-12,2.9095857525595483e-13
11.931079567936365,6.781121622512664e-12,2.753658393949143e-13
11.974863346167325,6.418048986144029e-12,2.6060872921100414e-13
12.018647124398285,6.07440481933016e-12,2.4664246312641756e-13
12.062430902629245,5.749150442321618e-12,2.33424659417791e-13
12.106214680860198,5.4413026219041434e-12,2.2091520760826105e-13
12.149998459091158,5.14993061868616e-12,2.0907614675220455e-13
12.193782237322118,4.874153391024012e-12,1.9787155023944135e-13
12.237566015553078,4.6131369473251545e-12,1.8726741677899906e-13
12.281349793784038,4.366091838902829e-12,1.7723156721883344e-13
12.325133572014998,4.132270785963409e-12,1.677335468979737e-13
12.368917350245958,3.910966429696067e-12,1.5874453323100112e-13
12.412701128476918,3.701509203802573e-12,1.502372482456867e-13
12.456484906707878,3.503265319153705e-12,1.421858758044237e-13
12.500268684938831,3.3156348555900507e-12,1.3456598326825047e-13
12.544052463169791,3.1380499551983207e-12,1.2735444735242703e-13
12.587836241400751,2.9699731116928336e-12,1.205293839586301e-13
12.631620019631711,2.8108955508126483e-12,1.1407008176675664e-13
12.675403797862671,2.660335696913486e-12,1.0795693938625795e-13
12.719187576093631,2.5178377211866437e-12,1.0217140587193984e-13
12.762971354324591,2.3829701671775484e-12,9.669592443458394e-14
12.806755132555544,2.2553246495046388e-12,9.151387916115913e-14
12.850538910786504,2.1345146218950033e-12,8.660954459370497e-14
12.894322689017464,2.020174210858557e-12,8.196803800961788e-14
12.938106467248424,1.9119571115156238e-12,7.757527426011694e-14
12.981890245479384,1.8095355422777714e-12,7.341792302462075e-14
13.025674023710344,1.712599255255246e-12,6.948336836424111e-14
13.069457801941304,1.6208545994299352e-12,6.575967043461097e-14
13.113241580172264,1.5340236337892686e-12,6.223552925452863e-14
13.157025358403224,1.4518432877646096e-12,5.890025041548716e-14
13.200809136634177,1.37406456645844e-12,5.574371262987749e-14
13.244592914865137,1.300451798277666e-12,5.2756337013014214e-14
13.288376693096097,1.2307819227167174e-12,4.992905802168322e-14
13.332160471327057,1.1648438161533091e-12,4.7253295939993724e-14
13.375944249558017,1.1024376536333696e-12,4.472093084465069e-14
13.419728027788977,1.043374304728727e-12,4.232427796446323e-14
13.463511806019937,9.874747616527558e-13,4.005606436168113e-14
13.50729558425089,9.34569597915566e-13,3.790940685645622e-14
13.55107936248185,8.844984558914614e-13,3.58777911471139e-14
13.59486314071281,8.371095617578762e-13,3.3955052036882904e-14
13.63864691894377,7.922592663466314e-13,3.213535472635887e-14
13.68243069717473,7.498116105261018e-13,3.0413177107347355e-14
13.72621447540569,7.096379138061861e-13,2.8783293007221705e-14
13.76999825363665,6.716163849274745e-13,2.7240756323213528e-14
13.81378203186761,6.356317532619345e-13,2.57808860225769e-14
13.85756581009857,6.015749199148114e-13,2.4399251931348103e-14
13.901349588329523,5.693426274764406e-13,2.3091661292106866e-14
13.945133366560484,5.388371474286627e-13,2.185414604070612e-14
13.988917144791444,5.099659842635716e-13,2.0682950766863196e-14
14.032700923022404,4.826415954223416e-13,1.957452130995166e-14
14.076484701253364,4.567811262095377e-13,1.8525493985494313e-14
14.120268479484324,4.3230615888323275e-13,1.7532685369932372e-14
14.164052257715284,4.091424751638919e-13,1.6593082642127604e-14
14.207836035946237,3.8721983144528994e-13,1.5703834440675757e-14
14.251619814177197,3.664717460289449e-13,1.4862242213718048e-14
14.295403592408157,3.4683529773977444e-13,1.4065752019861583e-14
14.339187370639117,3.282509353148221e-13,1.3311946792872762e-14
14.382971148870077,3.1066229698942595e-13,1.2598538997016799e-14
14.426754927101037,2.940160397358642e-13,1.1923363687740357e-14
14.470538705331997,2.7826167763860273e-13,1.1284371941947285e-14
14.514322483562957,2.6335142891776633e-13,1.0679624643499466e-14
14.558106261793917,2.4924007113854743e-13,1.0107286586130615e-14
14.60189004002487,2.3588480416893616e-13,9.565620922964087e-15
14.64567381825583,2.2324512047147569e-13,9.05298388358916e-15
14.68945759648679,2.112826823369488e-13,8.567819788926928e-15
14.73324137471775,1.9996120568872464e-13,8.108656330316056e-15
14.77702515294871,1.892463501064305e-13,7.674100105528066e-15
14.82080893117967,1.7910561473630003e-13,7.262832374887598e-15
14.86459270941063,1.6950823977335503e-13,6.873605082284092e-15
14.908376487641583,1.604251132173944e-13,6.505237052735195e-15
14.952160265872543,1.5182868262065738e-13,6.156610411692268e-15
14.995944044103503,1.4369287156016148e-13,5.826667192719381e-15
15.039727822334463,1.3599300058190495e-13,5.5144061318766515e-15
15.083511600565423,1.2870571237771138e-13,5.218879609792555e-15
15.127295378796383,1.2180890096822408e-13,4.939190804856246e-15
15.171079157027343,1.1528164467769318e-13,4.6744909527352574e-15
15.214862935258303,1.0910414269765169e-13,4.423976775258613e-15
15.258646713489263,1.0325765504741573e-13,4.186888042933459e-15
15.302430491720216,9.772444574962337e-14,3.962505274028052e-15
15.346214269951176,9.248772904874051e-14,3.750147526666081e-15
15.389998048182136,8.753161850967418e-14,3.5491703688349226e-15
15.433781826413096,8.284107884231913e-14,3.3589638988424706e-15
15.477565604644056,7.840188030613739e-14,3.178950900290691e-15
15.521349382875016,7.42005555566589e-14,3.00858509054701e-15
15.565133161105976,7.02243588031773e-14,2.8473494708880816e-15
15.608916939336929,6.646122715391514e-14,2.6947547263205857e-15
15.652700717567889,6.289974403154574e-14,2.550337786806408e-15
15.696484495798849,5.952910454823352e-14,2.4136603917363757e-15
15.740268274029809,5.633908273526712e-14,2.2843077674712443e-15
15.784052052260769,5.332000052799309e-14,2.161887368701295e-15
15.827835830491729,5.046269841206159e-14,2.0460276969931642e-15
15.871619608722689,4.7758507642022715e-14,1.9363771342972435e-15
15.915403386953649,4.519922394807854e-14,1.8326029338745997e-15
15.95918716518461,4.277708265130026e-14,1.7343901724801757e-15
16.002970943415562,4.0484735111882136e-14,1.6414408039209925e-15
16.046754721646522,3.831522643904255e-14,1.5534727546680437e-15
16.090538499877482,3.626197439500952e-14,1.4702190806526814e-15
16.134322278108442,3.431874942913251e-14,1.3914271073264409e-15
16.178106056339402,3.247965578159726e-14,1.316857736292163e-15
16.221889834570362,3.0739113599454694e-14,1.2462846714843384e-15
16.265673612801322,2.9091842010744855e-14,1.1794937443405161e-15
16.309457391032275,2.75328431053966e-14,1.116282263947894e-15
16.353241169263235,2.6057386774333008e-14,1.056458417918981e-15
16.397024947494195,2.466099636081654e-14,9.99840627024996e-16
16.440808725725155,2.333943508052151e-14,9.462570878278875e-16
16.484592503956115,2.208869316915853e-14,8.955451896778128e-16
16.528376282187075,2.0904975718676877e-14,8.475510364496563e-16
16.572160060418035,1.9784691165159882e-14,8.021289794473841e-16
16.615943838648995,1.8724440393501036e-14,7.591411961346253e-16
16.659727616879955,1.7721006425820756e-14,7.184571909719e-16
16.703511395110908,1.677134466235297e-14,6.799535189574897e-16
16.74729517334187,1.587257364520249e-14,6.435133321184422e-16
16.79107895157283,1.502196631696557e-14,6.090260443165331e-16
16.83486272980379,1.421694174769801e-14,5.763869962818998e-16
16.87864650803475,1.3455057305143318e-14,5.454971634843912e-16
16.92243028626571,1.2734001244471509e-14,5.162627534109291e-16
16.96621406449667,1.2051585695054087e-14,4.885950720965654e-16
17.00999784272762,1.140574002300433e-14,4.62410155615691e-16
17.05378162095858,1.0794504549349406e-14,4.3762853998179106e-16
17.09756539918954,1.0216024604783396e-14,4.1417501980604703e-16
17.1413491774205,9.668544902965459e-15,3.9197845206957244e-16
17.18513295565146,9.150404215298811e-15,3.7097141334251955e-16
17.22891673388242,8.660030331036556e-15,3.510901830887652e-16
17.27270051211338,8.195935287427628e-15,3.322744272776367e-16
17.31648429034434,7.756710855434927e-15,3.144670448209552e-16
17.3602680685753,7.341024267331934e-15,2.976139951996632e-16
17.404051846806254,6.9476141732187175e-15,2.816641742249533e-16
17.447835625037214,6.575286814191838e-15,2.6656909965967483e-16
17.491619403268174,6.22291240056075e-15,2.522829999291468e-16
17.535403181499134,5.88942168412338e-15,2.3876252028898746e-16
17.579186959730094,5.573802714104206e-15,2.259666294799549e-16
17.622970737961055,5.2750977669142196e-15,2.138564956771703e-16
17.666754516192015,4.992400440419159e-15,2.023954181722303e-16
17.710538294422967,4.724852903902006e-15,1.9154851709317173e-16
17.754322072653927,4.4716432953775705e-15,1.8128292249849022e-16
17.798105850884888,4.232003258364492e-15,1.7156748079898791e-16
17.841889629115848,4.0052056106418696e-15,1.6237270863297462e-16
17.885673407346808,3.7905621379193496e-15,1.536707014032864e-16
17.929457185577768,3.587421505727818e-15,1.454351132935036e-16
17.973240963808728,3.3951672831961686e-15,1.3764082977226648e-16
18.017024742039688,3.2132160727194872e-15,1.3026425598324478e-16
18.060808520270648,3.0410157398450723e-15,1.23283005977246e-16
18.1045922985016,2.8780437380064237e-15,1.1667589327609544e-16
18.14837607673256,2.7238055230232258e-15,1.1042286719445101e-16
18.19215985496352,2.5778330525580043e-15,1.045050287405393e-16
18.23594363319448,2.439683365976948e-15,9.890426783856342e-17
18.27972741142544,2.308937240307135e-15,9.36036608327864e-17
18.3235111896564,2.1851979182127367e-15,8.858712107921425e-17
18.36729496788736,2.068089904131509e-15,8.383942516806776e-17
18.411078746118314,1.9572578249193305e-15,7.934616541646327e-17
18.454862524349274,1.8523653515463896e-15,7.509380006110187e-17
18.498646302580234,1.7530941785740425e-15,7.106923937139588e-17
18.542430080811194,1.6591430583160512e-15,6.726035965102293e-17
18.586213859042154,1.5702268867543241e-15,6.365560215945506e-17
18.629997637273114,1.4860758384360095e-15,6.02440274802138e-17
18.673781415504074,1.406434547727487e-15,5.70152818454757e-17
18.717565193735034,1.3310613339412658e-15,5.3959682235152445e-17
18.761348971965994,1.2597274679850251e-15,5.106773102871168e-17
18.805132750196947,1.1922164783079948e-15,4.833076111089963e-17
18.848916528427907,1.1283234940388455e-15,4.574046618636866e-17
18.892700306658867,1.0678546233225342e-15,4.3288984961099575e-17
18.936484084889827,1.0106263649697094e-15,4.0969011453462194e-17
18.980267863120787,9.564650516339495e-16,3.877324499543604e-17
19.024051641351747,9.052063228272963e-16,3.6695148595292256e-17
19.067835419582707,8.56694626175284e-16,3.4728415691548954e-17
19.11161919781366,8.107827453983201e-16,3.28670784590825e-17
19.15540297604462,7.673313535871804e-16,3.1105488774602335e-17
19.19918675427558,7.262085904174355e-16,2.943845961492432e-17
19.24297053250654,6.872896620198321e-16,2.7860619266949695e-17
19.2867543107375,6.504564622927884e-16,2.6367332829635344e-17
19.33053808896846,6.155972145079167e-16,2.4954069158176608e-17
19.37432186719942,5.826061321212034e-16,2.3616538425688167e-17
19.41810564543038,5.513830977607094e-16,2.235068191477672e-17
19.46188942366134,5.218333594167573e-16,2.1152845563436218e-17
19.505673201892293,4.938672429128087e-16,2.001902620609619e-17
19.549456980123253,4.673998797846049e-16,1.8945963967471863e-17
19.593240758354213,4.42350949741932e-16,1.7930402039222584e-17
19.637024536585173,4.186444369315084e-16,1.696925853006591e-17
19.680808314816133,3.962083992614907e-16,1.6059616691165612e-17
19.724592093047093,3.7497475008766196e-16,1.5198935264455496e-17
19.768375871278053,3.548790515988477e-16,1.438417397053577e-17
19.812159649509006,3.358603192746526e-16,1.3613068441303998e-17
19.855943427739966,3.178608368221652e-16,1.2883279507005644e-17
19.899727205970926,3.0082598103011847e-16,1.2192593237420884e-17
19.943510984201886,2.8470405600900036e-16,1.1538913444108468e-17
19.987294762432846,2.694461363141805e-16,1.0920508835927179e-17
20.031078540663806,2.5500591847602464e-16,1.033500795608703e-17
20.074862318894766,2.413395804864644e-16,9.78087538233819e-18
20.118646097125726,2.2840564881566044e-16,9.256428212187689e-18
20.162429875356686,2.1616487255523792e-16,8.760072638609732e-18
20.20621365358764,2.0458010430617942e-16,8.290304731246311e-18
20.2499974318186,1.936161874499354e-16,7.84600214301451e-18
20.29378121004956,1.8323984946070897e-16,7.42522553323523e-18
20.33756498828052,1.734196009351402e-16,7.026983702481602e-18
20.38134876651148,1.6412564003302082e-16,6.650067543932549e-18
20.42513254474244,1.5532976203905952e-16,6.2933320175062996e-18
20.4689163229734,1.4700527377127209e-16,5.9556976430416045e-18
20.512700101204352,1.391269125762581e-16,5.6365133296873645e-18
20.556483879435312,1.3167076966555684e-16,5.334081224538764e-18
20.600267657666272,1.2461421756046172e-16,5.047840729646966e-18
20.644051435897232,1.1793584142509942e-16,4.7769214453396375e-18
20.687835214128192,1.1161537407941697e-16,4.520500934618352e-18
20.731618992359152,1.0563363449486682e-16,4.277797909438404e-18
20.775402770590112,9.997246958615665e-17,4.048537156831312e-18
20.819186548821072,9.461469912242136e-17,3.83112718092889e-18
20.862970327052032,8.954406359065093e-17,3.625349957110288e-18
20.906754105282985,8.474517485316628e-17,3.430576392195129e-18
20.950537883513945,8.020346944939777e-17,3.2462143908369795e-18
20.994321661744905,7.59051644002763e-17,3.0717106698215906e-18
21.038105439975865,7.183721538110004e-17,2.907087745571536e-18
21.081889218206825,6.798727713596662e-17,2.7507610388144493e-18
21.125672996437785,6.434366601363461e-17,2.6027885752010215e-18
21.169456774668745,6.089532451112855e-17,2.4627249239259915e-18
21.2132405528997,5.76317877174951e-17,2.3301460319828442e-18
21.25702433113066,5.4543151555870944e-17,2.2046458684606762e-18
21.30080810936162,5.162004272750372e-17,2.0864916025129915e-18
21.34459188759258,4.8853590266501646e-17,1.9740598761417224e-18
21.38837566582354,4.623539861900449e-17,1.867626206050443e-18
21.4321594440545,4.3757522165073576e-17,1.7668605473801263e-18
21.47594322228546,4.141244110598671e-17,1.671464209810116e-18
21.51972700051642,3.9193038643766416e-17,1.5811448800444318e-18
21.56351077874738,3.70925793836864e-17,1.496405983428613e-18
21.60729455697833,3.510468889421793e-17,1.415476993211733e-18
21.65107833520929,3.322333436238648e-17,1.3388613657351827e-18
21.69486211344025,3.1442806285837784e-17,1.2663301898048464e-18
21.73864589167121,2.9757701146049435e-17,1.1976619373155327e-18
21.78242966990217,2.8162905010111717e-17,1.1326457287055279e-18
21.82621344813313,2.665357801131417e-17,1.0719433352637892e-18
21.86999722636409,2.5225139661439886e-17,1.0136792639505843e-18
21.913781004595045,2.3873254950196782e-17,9.584988237555874e-19
21.957564782826005,2.25938211896015e-17,9.062388579484171e-19
22.001348561056965,2.138295556339503e-17,8.56746312144938e-19
22.045132339287925,2.0236983343702954e-17,8.098694862542499e-19
22.088916117518885,1.9152426739184663e-17,7.664657248565625e-19
22.132699895749845,1.81259943408289e-17,7.244478297230042e-19
22.176483673980805,1.715457113336581e-17,6.846465886229343e-19
22.220267452211765,1.6235209041984168e-17,6.469503960998252e-19
22.264051230442725,1.536511798566641e-17,6.112429147517363e-19
22.307835008673678,1.4541657409990273e-17,5.774010110057088e-19
22.351618786904638,1.3762328273701656e-17,5.464560092201476e-19
22.395402565135598,1.302476546474222e-17,5.161032281071566e-19
22.439186343366558,1.2326730622714286e-17,4.873445487893712e-19
22.482970121597518,1.1666105346002845e-17,4.60103393256304e-19
22.526753899828478,1.1040884762939885e-17,4.342918317011134e-19
22.570537678059438,1.0449171447501985e-17,4.0982888040982194e-19
22.61432145629039,9.889169661076376e-18,3.8786463824828817e-19
22.65810523452135,9.359179902821036e-18,3.659169829110205e-19
22.70188901275231,8.857593752081866e-18,3.451069922112213e-19
22.74567279098327,8.382888987213629e-18,3.2537826567998594e-19
22.78945656921423,7.933624965992615e-18,3.0666697806383214e-19
22.83324034744519,7.508438253601689e-18,2.888950223901459e-19
22.87702412567615,7.106038484920136e-18,2.7341204476186147e-19
22.92080790390711,6.725204448561114e-18,2.5745900782783254e-19
22.96459168213807,6.3647803807731125e-18,2.423521090161661e-19
23.008375460369024,6.023672457958727e-18,2.2803536187421054e-19
23.052159238599984,5.7008454771656475e-18,2.1445476072021507e-19
23.095943016830944,5.395319714477495e-18,2.015831614493937e-19
23.139726795061904,5.106167951768952e-18,1.9077953510598066e-19
23.183510573292864,4.832512662803559e-18,1.7923685038265055e-19
23.227294351523824,4.5735233501339506e-18,1.682605534546643e-19
23.271078129754784,4.328414024723023e-18,1.5781157627186255e-19
23.314861907985737,4.096440820637529e-18,1.4789331181490256e-19
23.358645686216697,3.876899737574771e-18,1.3848008475925837e-19
23.402429464447657,3.669124504372462e-18,1.310583784679928e-19
23.446213242678617,3.472484557017042e-18,1.2256302390054258e-19
23.489997020909577,3.286383125015078e-18,1.144579938878578e-19
23.533780799140537,3.1102554203199137e-18,1.0677182892768131e-19
23.577564577371497,2.9435669233175556e-18,9.947377154105478e-20
23.621348355602457,2.7858117606703386e-18,9.252228321422645e-20
23.665132133833417,2.636511170095322e-18,8.756362551790683e-20
23.70891591206437,2.495212047418536e-18,8.133011018275115e-20
23.75269969029533,2.3614855714957163e-18,7.54415989788487e-20
23.79648346852629,2.2349259028266727e-18,6.986698364210057e-20
23.84026724675725,2.1151489519135726e-18,6.456142203270759e-20
23.88405102498821,2.0017912136256984e-18,5.945685251404474e-20
23.92783480321917,1.8945086640332205e-18,5.627029693280368e-20
23.97161858145013,1.7929757163620457e-18,5.164424241330752e-20
24.015402359681083,1.6968842329013954e-18,4.7314659270008045e-20
24.059186137912043,1.605942589865454e-18,4.327978011480843e-20
24.102969916143003,1.5198747923713126e-18,3.9488974646334954e-20
24.146753694373963,1.4384196368471048e-18,3.592200127819137e-20
24.190537472604923,1.3613299183286772e-18,3.3996773723267236e-20
24.234321250835883,1.2883716802390722e-18,3.079622076231779e-20
24.278105029066843,1.219323504374023e-18,2.7802734285287213e-20
24.321888807297803,1.1539758389387728e-18,2.507868632200938e-20
24.365672585528763,1.0921303625970076e-18,2.252869777808641e-20
24.409456363759716,1.0335993826018658e-18,2.0097699004820488e-20
24.453240141990676,9.782052651824939e-19,1.9020564415059333e-20
24.497023920221636,9.257798964576226e-19,1.6871908117319205e-20
24.540807698452596,8.761641722399933e-19,1.4912910292112212e-20
24.584591476683556,8.292075151834076e-19,1.320737418914711e-20
24.628375254914516,7.847674178070151e-19,1.1687452124709761e-20
24.672159033145476,7.427090100100643e-19,1.0301408123819677e-20
24.71594281137643,7.029046497645582e-19,9.749301283231337e-21
24.75972658960739,6.652335357436711e-19,8.466583695659973e-21
24.80351036783835,6.29581340710417e-19,7.194763106613592e-21
24.84729414606931,5.958398645538668e-19,6.162537282229662e-21
24.89107792430027,5.639067059200313e-19,5.312018631643911e-21
24.93486170253123,5.336849514408514e-19,4.552101212205159e-21
24.97864548076219,5.050828816182008e-19,4.308128332321034e-21
25.02242925899315,4.780136924702835e-19,3.651910590896455e-21
25.06621303722411,4.523952320957026e-19,3.025144277019034e-21
25.109996815455062,4.2814975135574576e-19,2.4168373639794902e-21
25.153780593686022,4.0520366791819964e-19,1.9950666061307707e-21
25.197564371916982,3.8348734294671555e-19,1.6710266616005012e-21
25.241348150147942,3.629348697579081e-19,1.5814661156730179e-21
25.285131928378902,3.4348387380490083e-19,1.311159909372925e-21
25.328915706609862,3.2507532338025336e-19,1.0637675096712904e-21
25.372699484840822,3.076533504638118e-19,8.190994799524509e-22
25.416483263071775,2.9116508117180227e-19,5.854961932913319e-22
25.460267041302735,2.755604752925747e-19,4.553374605394569e-22
25.504050819533695,2.60792174422086e-19,4.3093281222627725e-22
25.547834597764655,2.468153582381673e-19,3.369887034604432e-22
25.591618375995616,2.33587608477458e-19,2.522478618419279e-22
25.635402154226576,2.210687802021677e-19,1.7019148559626814e-22
25.679185932457536,2.0922087996600088e-19,9.533679166498609e-23
25.722969710688496,1.9800795050949016e-19,5.347635180000418e-23
25.766753488919456,1.8739596163483175e-19,5.0610163640435925e-23
25.81053726715041,1.7735270692902065e-19,3.455859554720843e-23
25.85432104538137,1.6784770602187532e-19,2.355441326844897e-23
25.89810482361233,1.5885211208233375e-19,1.4320952451221587e-23
25.94188860184329,1.503386242722583e-19,6.250533951885844e-24
25.98567238007425,1.422814048921009e-19,1.1723929041565209e-24
26.02945615830521,1.3465568758420135e-19,1.1095529007973012e-24
26.07323993653617,1.2743853254142107e-19,1.4187211156267262e-25
26.11702371476712,1.2060819460351465e-19,4.1481551581019603e-26
26.16080749299808,1.141439416552897e-19,8.670655306317322e-27
26.20459127122904,1.0802615274951066e-19,0.0
26.24837504946,1.0223625855196507e-19,0.0
