frecuencia_THz,energia_meV,DOS_fonones
-4.987284428834462e-08,-2.0625751102178917e-07,0.0
0.0240141796989317,0.0993146672224024,6.593979662323098e-08
0.0480284092701376,0.1986295406999579,2.643848230503296e-07
0.0720426388419431,0.2979444141799932,5.9649014824387e-07
0.0960568684137486,0.3972592876600284,1.0527327096568288e-06
0.120071097985554,0.4965741611400636,1.6596743774237971e-06
0.1440853275573595,0.5958890346200988,2.370418052511538e-06
0.168099557129165,0.6952039081001341,3.2517743330762515e-06
0.1921137867009704,0.7945187815801693,4.231335582625911e-06
0.2161280162727759,0.8938336550602045,6.854918609083227e-06
0.2401422458445814,0.9931485285402396,1.3987310896979244e-05
0.2641564754163868,1.0924634020202748,1.8089999477078102e-05
0.2881707049881923,1.19177827550031,1.965062283027752e-05
0.3121849345569999,1.291093148967947,2.31279732229559e-05
0.3361991641318033,1.3904080224603803,2.686906996364344e-05
0.3602133937066067,1.4897228959528144,3.058544173932962e-05
0.3842276232814101,1.5890377694452478,3.483048179240852e-05
0.4082418528562135,1.6883526429376816,4.041205134314108e-05
0.4322560824310169,1.787667516430115,4.865474101590624e-05
0.4562703119758411,1.8869823897985645,5.222124580839614e-05
0.4802845415506445,1.986297263290998,5.839620256430751e-05
0.5042987711254479,2.0856121367834315,6.810596723813255e-05
0.5283130007002513,2.1849270102758656,7.29057646578585e-05
0.5523272302750547,2.284241883768299,7.534882658605531e-05
0.5763414598498581,2.383556757260733,8.159998252043852e-05
0.6003556894246616,2.4828716307531664,8.798032669692771e-05
0.6243699189994649,2.5821865042456,9.837854626670574e-05
0.6483841485742683,2.6815013777380337,0.0001075412989542
0.6723983781190924,2.780816251106483,0.000113484514893
0.6964126076938959,2.880131124598917,0.0001215018486334
0.7204268372686993,2.9794459980913506,0.0001274581134761
0.7444410668435026,3.078760871583784,0.0001349127959418
0.768455296418306,3.1780757450762174,0.0001427719527774
0.7924695259931095,3.2773906185686514,0.0001501259099032
0.8164837555679129,3.376705492061085,0.0001601852132914
0.8404979851427162,3.4760203655535182,0.000171012111871
0.8645122147175196,3.575335239045952,0.0001826947650144
0.8885264442923231,3.674650112538386,0.0001894186828713
0.9125406738371472,3.773964985906835,0.0001993594184434
0.9365549034119506,3.8732798593992688,0.0002078070789097
0.960569132986754,3.972594732891703,0.0002155880038756
0.9845833625615574,4.0719096063841365,0.0002261652370647
1.0085975921363608,4.17122447987657,0.0002347042001243
1.0326118217111642,4.270539353369003,0.0002467892537059
1.0566260512859675,4.369854226861436,0.0002583052657219
1.080640280860771,4.46916910035387,0.0002679128357771
1.1046545104355745,4.568483973846305,0.0002783927227874
1.128668740010378,4.667798847338738,0.0002897454866727
1.152682969555202,4.767113720707187,0.000300102237482
1.1766971991300057,4.866428594199621,0.0003107471480512
1.2007114287048088,4.965743467692055,0.0003217687195822
1.2247256582796122,5.065058341184488,0.0003358175780482
1.2487398878544156,5.164373214676922,0.0003476391428365
1.272754117429219,5.263688088169356,0.0003590857247587
1.2967683470040223,5.363002961661789,0.000373062156841
1.3207825765788257,5.462317835154223,0.0003852688232475
1.344796806153629,5.561632708646656,0.0003958426324829
1.3688110356984533,5.660947582015106,0.000410615493482
1.392825265273257,5.760262455507539,0.0004216792850455
1.41683949484806,5.859577328999973,0.0004365099448846
1.4408537244228636,5.958892202492407,0.0004498310601364
1.464867953997667,6.058207075984841,0.0004666230841363
1.4888821835724704,6.157521949477275,0.0004756811448088
1.5128964131472735,6.256836822969707,0.00048909249592
1.5369106427220771,6.356151696462141,0.0005059577485646
1.5609248722968805,6.455466569954575,0.0005231437358271
1.584939101871684,6.554781443447008,0.0005371028747992
1.608953331416508,6.654096316815458,0.0005638567453045
1.6329675609913117,6.753411190307892,0.0006168029105643
1.6569817905661148,6.852726063800325,0.0006650161544389
1.6809960201409182,6.952040937292758,0.0007191579661381
1.7050102497157216,7.051355810785192,0.0007640403637681
1.7290244792905252,7.150670684277626,0.0007780196478973
1.7530387088653283,7.24998555777006,0.0007896982343608
1.777052938440132,7.349300431262494,0.0008155952481356
1.8010671680149353,7.448615304754927,0.0008277389213435
1.8250813975597595,7.547930178123376,0.0008520369137426
1.8490956271345629,7.64724505161581,0.0008662519059816
1.8731098567093665,7.746559925108244,0.0008842965815888
1.8971240862841696,7.845874798600677,0.0009078446555438
1.921138315858973,7.945189672093111,0.0009253302050902
1.9451525454337764,8.044504545585545,0.0009486902439391
1.96916677500858,8.143819419077978,0.0009676756022428
1.993181004583383,8.243134292570412,0.0009885176411982
2.0171952341581862,8.342449166062845,0.0010112621007461
2.0412094637329896,8.441764039555279,0.0010283843296109
2.0652236932778143,8.541078912923728,0.0010495727776785
2.0892379228526177,8.640393786416162,0.0010768726235044
2.113252152427421,8.739708659908596,0.0011057805932767
2.1372663820022244,8.83902353340103,0.0011524027757788
2.161280611577028,8.938338406893463,0.0011957407198268
2.185294841151831,9.037653280385896,0.0012308910285842
2.2093090707266345,9.13696815387833,0.0012689939075247
2.233323300301438,9.236283027370764,0.0013195174126405
2.2573375298762413,9.335597900863196,0.0013625314442025
2.281351759421065,9.434912774231648,0.0014097159936553
2.305365988995869,9.534227647724082,0.0014480314396428
2.329380218570672,9.633542521216516,0.0015074903279599
2.353394448145476,9.73285739470895,0.0015778986314348
2.377408677720279,9.83217226820138,0.0016443026564486
2.4014229072950823,9.931487141693816,0.0017090160189028
2.4254371368698857,10.030802015186248,0.00174929125653
2.449451366444689,10.130116888678682,0.0017938765524997
2.4734655960194925,10.229431762171115,0.0018479524310394
2.497479825594296,10.32874663566355,0.0019034209360571
2.5214940551391205,10.428061509032,0.0019462372834509
2.545508284713924,10.527376382524434,0.0019914442068691
2.5695225142887272,10.626691256016867,0.0020539453129416
2.5935367438635306,10.7260061295093,0.0021070267167174
2.617550973438334,10.825321003001736,0.0021505687987306
2.6415652030131374,10.924635876494168,0.0021904561316442
2.6655794325879407,11.023950749986602,0.0022183867296428
2.689593662162744,11.123265623479035,0.0022567606130386
2.7136078917375475,11.222580496971467,0.0023191559704776
2.7376221212823717,11.321895370339917,0.0023895107584207
2.761636350857174,11.42121024383235,0.0024834658835095
2.7856505804319784,11.520525117324786,0.0025496985338444
2.809664810006782,11.61983999081722,0.0026159366131325
2.833679039581585,11.719154864309653,0.0026979805094628
2.8576932691563885,11.818469737802086,0.0027998368218993
2.881707498731192,11.91778461129452,0.0028644701026878
2.9057217283059957,12.017099484786954,0.0029406754963315
2.9297359578807987,12.116414358279387,0.002978777256744
2.953750187455602,12.21572923177182,0.0030468284154447
2.9777644170004263,12.31504410514027,0.0030940229315867
3.001778646485292,12.41435897826075,0.0031404498072917
3.025792876180012,12.513673852249122,0.0032670994918207
3.0498071058747325,12.612988726237491,0.0033571142054387
3.0738213352696606,12.71230359898602,0.003472605621459
3.097835564964381,12.811618472974391,0.0035722773002554
3.121849794359309,12.91093334572292,0.0036704501934696
3.145864024054029,13.01024821971129,0.0037413247671248
3.169878253448957,13.109563092459815,0.0038123317548077
3.193892483143677,13.208877966448188,0.0038993408888581
3.217906712838398,13.308192840436558,0.0039893417800892
3.241920942233326,13.407507713185089,0.0040950192366943
3.2659351719280463,13.506822587173458,0.0041798162274785
3.289949401322974,13.606137459921984,0.0043050296830289
3.3139636310176948,13.705452333910358,0.0043976930464923
3.337977860712415,13.804767207898728,0.0045169965626946
3.361992090107343,13.904082080647257,0.0045803495310166
3.386006319802063,14.003396954635626,0.0047073643762407
3.4100205491969917,14.102711827384155,0.0048431674136583
3.434034778891712,14.202026701372525,0.0049201125724788
3.458049008586432,14.301341575360896,0.0050373464487288
3.48206323798136,14.400656448109425,0.0051719466924517
3.5060774676760804,14.499971322097794,0.0053068080546955
3.530091697071008,14.599286194846322,0.0054094211703587
3.5541059267657285,14.698601068834693,0.005545701687934
3.5781201561606566,14.797915941583222,0.0056809800268188
3.602134385855377,14.897230815571591,0.0058735012700254
3.626148615550097,14.996545689559962,0.0059724505681592
3.6501628449450254,15.095860562308491,0.006132452537225
3.6741770746397457,15.195175436296864,0.0062742901175997
3.6981913040346734,15.29449030904539,0.0064338110113592
3.722205533729394,15.39380518303376,0.0066214774540386
3.746219763424114,15.49312005702213,0.0068021040405334
3.770233992819042,15.59243492977066,0.0069490583470314
3.7942482225137626,15.691749803759029,0.0070978045964192
3.8182624519086894,15.791064676507556,0.007332235085384
3.84227668160341,15.890379550495927,0.0074808899351002
3.8662909112981314,15.9896944244843,0.0077193716176758
3.89030514069306,16.089009297232828,0.0079296668159809
3.914319370387779,16.188324171221197,0.0082631716378602
3.938333599782708,16.287639043969726,0.0085462916856173
3.962347829477428,16.386953917958095,0.0088683750430244
3.986362059172148,16.48626879194647,0.0091325711334372
4.010376288567077,16.585583664694997,0.0095191108804524
4.034390518261796,16.684898538683363,0.0099149572234318
4.058404747656724,16.784213411431892,0.0103416902515507
4.082418977351446,16.883528285420265,0.0107886701671713
4.106433206746373,16.98284315816879,0.0111640508582706
4.130447436441093,17.082158032157164,0.0117346957988246
4.154461666135814,17.181472906145533,0.0127278344098862
4.178475895530742,17.280787778894062,0.0159929311051054
4.202490125225462,17.380102652882435,0.0158578806845753
4.22650435462039,17.479417525630964,0.0162593219830755
4.250518584315111,17.57873239961933,0.0163108049640286
4.274532814009831,17.678047273607703,0.0166214834772201
4.298547043404758,17.77736214635623,0.0168890333784672
4.322561273099479,17.8766770203446,0.0171306302041494
4.346575502494408,17.97599189309313,0.0171101096075665
4.370589732189127,18.0753067670815,0.0173511752620862
4.394603961883848,18.17462164106987,0.0175551426403885
4.418618191278776,18.2739365138184,0.0176228688357582
4.442632420973496,18.373251387806768,0.0178514025822982
4.466646650368424,18.472566260555297,0.0179168150191711
4.490660880063144,18.571881134543663,0.0180689885036371
4.514675109458072,18.671196007292195,0.0181016116282838
4.538689339152793,18.77051088128057,0.0182536631621923
4.562703568847513,18.869825755268938,0.0182410495129167
4.586717798242441,18.969140628017467,0.0182805765836794
4.6107320279371615,19.06845550200584,0.0183147829519818
4.634746257332089,19.16777037475436,0.0184410017335395
4.65876048702681,19.26708524874273,0.0184886703807678
4.6827747167215295,19.366400122731104,0.0183914206351731
4.706788946116458,19.465714995479637,0.0185310764590717
4.730803175811179,19.56502986946801,0.0185364703615629
4.754817405206107,19.66434474221653,0.0184757483020503
4.778831634900826,19.763659616204905,0.0184934144446606
4.802845864595548,19.862974490193277,0.0183837427124222
4.826860093990475,19.9622893629418,0.0183822030471346
4.850874323685195,20.06160423693017,0.0184806414617896
4.874888553080123,20.1609191096787,0.0184090364751891
4.898902782774844,20.26023398366707,0.0184817467386961
4.922917012169772,20.3595488564156,0.0183692224240382
4.946931241864492,20.458863730403973,0.0184281689404414
4.9709454715592125,20.55817860439234,0.0184993233183895
4.994959700954141,20.657493477140868,0.0185531774372592
5.01897393064886,20.75680835112924,0.0184838063362358
5.042988160043788,20.856123223877766,0.0185488375927898
5.0670023897385095,20.95543809786614,0.0186460306317194
5.091016619433229,21.05475297185451,0.0186863603675222
5.115030848828157,21.15406784460304,0.0186709241021748
5.139045078522878,21.25338271859141,0.0186460779452427
5.1630593079178055,21.352697591339936,0.0188514484648041
5.187073537612526,21.452012465328306,0.0189107138327346
5.211087767307246,21.551327339316675,0.0188798947703018
5.235101996702174,21.650642212065204,0.0190049984524409
5.259116226396895,21.749957086053577,0.0190659597609166
5.283130455791823,21.849271958802102,0.0189665724759452
5.307144685486543,21.948586832790475,0.0190371677803837
5.331158915181264,22.04790170677885,0.019248647254807
5.355173144576191,22.14721657952737,0.0192319126259646
5.379187374270912,22.246531453515743,0.0192565821575885
5.40320160366584,22.345846326264272,0.0192862420446602
5.42721583336056,22.44516120025264,0.0193945140618781
5.451230062755488,22.54447607300117,0.0193535342564835
5.475244292450209,22.643790946989544,0.0194496640157386
5.499258522144928,22.743105820977917,0.0195358564514569
5.5232727515398565,22.84242069372644,0.0195122522694414
5.547286981234577,22.941735567714808,0.0195926400294194
5.571301210629505,23.041050440463337,0.0198537848234912
5.595315440324225,23.14036531445171,0.0198718774541358
5.619329670018946,23.23968018844008,0.0199270236483351
5.643343899413874,23.33899506118861,0.0199143389031823
5.667358129108594,23.43830993517698,0.0201530465397847
5.691372358503521,23.537624807925507,0.0203236771575413
5.715386588198243,23.63693968191388,0.0204555299814902
5.739400817892962,23.73625455590225,0.0205758039281682
5.76341504728789,23.83556942865077,0.0208570887641006
5.7874292769826114,23.934884302639148,0.0216349686051483
5.81144350637754,24.03419917538768,0.0218676466746422
5.835457736072259,24.133514049376046,0.0201659672520526
5.859471965467187,24.232828922124572,0.0190463397914956
5.883486195161908,24.332143796112945,0.0185487779834571
5.907500424856628,24.43145867010132,0.0178865314492339
5.931514654251556,24.530773542849847,0.017463623551173
5.955528883946276,24.630088416838213,0.0171864476797652
5.9795431133412045,24.72940328958674,0.0167047774885267
6.003557343035925,24.828718163575115,0.0163606897843561
6.027571572730645,24.928033037563484,0.016050751524283
6.051585802125573,25.027347910312013,0.0156526496709977
6.075600031820293,25.126662784300382,0.0152821376041848
6.099614261215221,25.22597765704891,0.0148963085225756
6.123628490909942,25.32529253103728,0.0146614740144002
6.1476427206046615,25.42460740502565,0.0143002535603374
6.17165694999959,25.52392227777418,0.0140215464584062
6.195671179694311,25.623237151762552,0.0137250540267383
6.219685409089238,25.72255202451108,0.013482788701772
6.243699638783959,25.82186689849945,0.0131792102304396
6.267713868478679,25.92118177248782,0.0128887221789674
6.291728097873607,26.02049664523635,0.0125312495792346
6.315742327568327,26.11981151922472,0.0122746404401809
6.339756556963256,26.219126391973248,0.0120035307807932
6.363770786657976,26.318441265961617,0.0116714210195994
6.387785016052904,26.417756138710143,0.0112830635725159
6.411799245747623,26.51707101269852,0.0105807548372783
6.435813475442345,26.61638588668689,0.0103254626953648
6.459827704837273,26.715700759435418,0.0102669828842539
6.483841934531992,26.815015633423783,0.0102208031188782
6.50785616392692,26.914330506172316,0.0102380164190936
6.531870393621642,27.01364538016069,0.0101779549473126
6.555884623316361,27.11296025414905,0.0102261340858774
6.579898852711289,27.212275126897584,0.0102388836349614
6.6039130824060095,27.311590000885957,0.010242834662205
6.627927311800938,27.41090487363448,0.0101624967424563
6.651941541495658,27.510219747622852,0.0101550351447856
6.675955771190378,27.60953462161122,0.0100270293840163
6.6999700005853065,27.70884949435975,0.0100770674741083
6.723984230280027,27.808164368348123,0.0100282081431401
6.747998459674954,27.90747924109665,0.0100088839859571
6.772012689369675,28.00679411508502,0.0099798743144064
6.7960269187646025,28.10610898783355,0.0099565884251523
6.820041148459323,28.20542386182192,0.0098894289283191
6.844055378154044,28.304738735810293,0.0098678278932379
6.868069607548971,28.404053608558826,0.0098553938994979
6.892083837243692,28.503368482547188,0.0098705078670666
6.91609806663862,28.60268335529572,0.0098270451826572
6.94011229633334,28.701998229284087,0.0098103093135867
6.9641265260280605,28.80131310327246,0.0098417296294763
6.988140755422989,28.90062797602099,0.0098008733857342
7.012154985117709,28.99994285000936,0.0097911721877726
7.036169214512637,29.099257722757887,0.0097694589218221
7.060183444207357,29.198572596746256,0.0096479850598959
7.084197673902078,29.297887470734626,0.0096745854883339
7.108211903297006,29.397202343483155,0.0095908275277634
7.132226132991725,29.496517217471524,0.0095507769117235
7.1562403623866535,29.595832090220053,0.0095696802186498
7.180254592081375,29.695146964208423,0.0095139674202908
7.204268821776094,29.7944618381968,0.0095003778933542
7.228283051171022,29.893776710945325,0.0094735769352805
7.252297280865743,29.99309158493369,0.0094255992191127
7.276311510260671,30.09240645768222,0.0094324597958217
7.300325739955391,30.191721331670596,0.0094042431306658
7.324339969350319,30.29103620441912,0.0094084103393855
7.34835419904504,30.39035107840749,0.0093678643589023
7.37236842873976,30.489665952395864,0.0093364190120098
7.396382658134688,30.588980825144397,0.0092710779534932
7.420396887829408,30.68829569913276,0.0092917336253504
7.444411117224336,30.78761057188129,0.0092129810727817
7.468425346919056,30.886925445869657,0.0091003178206424
7.492439576613777,30.98624031985803,0.0090873519306275
7.516453806008704,31.08555519260656,0.0089640881336232
7.540468035703425,31.18487006659493,0.0089357328717995
7.564482265098353,31.284184939343454,0.0088287794682569
7.588496494793073,31.38349981333183,0.0087986031517565
7.612510724487794,31.4828146873202,0.0086096260689937
7.636524953882722,31.58212956006873,0.0084731991205074
7.660539183577442,31.68144443405709,0.008372693449724
7.684553412972369,31.780759306805624,0.0082643291557456
7.708567642667091,31.880074180794,0.0081559680282797
7.732581872062019,31.979389053542526,0.0080709297389636
7.756596101756739,32.078703927530896,0.0079401635573182
7.780610331451458,32.178018801519265,0.0077944156083941
7.804624560846387,32.277333674267794,0.0074262001906025
7.828638790541108,32.37664854825616,0.0070371117208297
7.852653019936035,32.47596342100469,0.0067899023136191
7.876667249630756,32.57527829499307,0.0064708762415271
7.900681479325476,32.67459316898143,0.0063255402351693
7.924695708720404,32.77390804172996,0.0061906494691495
7.948709938415124,32.87322291571833,0.0061120985794616
7.972724167810052,32.97253778846686,0.006038078397608
7.996738397504773,33.071852662455235,0.0059735224131721
8.020752627199492,33.1711675364436,0.0059781867428338
8.044766856594421,33.27048240919213,0.0059972927849119
8.06878108628914,33.3697972831805,0.0060718576887709
8.09279531568407,33.46911215592903,0.0060787124957887
8.11680954537879,33.5684270299174,0.0062282740130429
8.140823774773718,33.66774190266593,0.0065229332211069
8.164838004468438,33.76705677665429,0.0067671840703611
8.188852234163159,33.86637165064267,0.0071157939112803
8.212866463558086,33.9656865233912,0.00752406018415
8.236880693252807,34.06500139737957,0.0080465587500585
8.260894922647735,34.1643162701281,0.0086016000376183
8.284909152342456,34.263631144116474,0.0092017078893018
8.308923382037175,34.36294601810484,0.0098373377346399
8.332937611432103,34.462260890853365,0.0105751871263015
8.356951841126824,34.561575764841734,0.0114846754259743
8.380966070521751,34.66089063759026,0.0123913319977132
8.404980300216472,34.76020551157864,0.0133913958503982
8.428994529911192,34.859520385567,0.0145011580960638
8.453008759306119,34.95883525831553,0.0158131094035651
8.47702298900084,35.0581501323039,0.0173402192193336
8.50103721839577,35.15746500505243,0.0195949684584725
8.525051448090489,35.256779879040806,0.0219413721961977
8.549065677785208,35.35609475302917,0.022678038035849
8.573079907180137,35.4554096257777,0.0235032636622006
8.597094136874858,35.554724499766074,0.0246427204711153
8.621108366269786,35.6540393725146,0.0252065121755421
8.645122595964507,35.75335424650297,0.0260699776212745
8.669136825359434,35.8526691192515,0.0269375697982048
8.693151055054154,35.951983993239864,0.0275526208952553
8.717165284748875,36.05129886722824,0.0281206003488171
8.741179514143802,36.15061373997677,0.0286110813393897
8.765193743838523,36.24992861396514,0.0289335791996129
8.78920797323345,36.34924348671367,0.0292577257401048
8.813222202928172,36.448558360702044,0.0294200381449703
8.837236432622891,36.54787323469041,0.0261184049884473
8.861250662017818,36.647188107438936,0.0244510906317229
8.88526489171254,36.746502981427305,0.023131458591448
8.909279121107469,36.84581785417584,0.0220434479470054
8.933293350802188,36.94513272816421,0.0210871298710141
8.957307580496908,37.04444760215257,0.0202082555393686
8.981321809891837,37.1437624749011,0.0192548484423532
9.005336039586556,37.24307734888948,0.0183402571133047
9.029350268981483,37.34239222163801,0.0174851912542664
9.053364498676206,37.44170709562638,0.016497934325085
9.077378728071134,37.541021968374906,0.015496543401319
9.101392957765851,37.64033684236327,0.0146048868551024
9.125407187460574,37.739651716351645,0.0137144414885042
9.1494214168555,37.838966589100174,0.012907293788359
9.173435646550224,37.93828146308854,0.0121347986221914
9.19744987594515,38.03759633583707,0.0112943604485967
9.22146410563987,38.13691120982544,0.0106993973105673
9.24547833533459,38.23622608381381,0.0100554427346038
9.269492564729518,38.33554095656234,0.0094770880895164
9.29350679442424,38.43485583055071,0.0088954017296235
9.317521023819168,38.53417070329924,0.0083476299141175
9.341535253513888,38.633485577287615,0.0078328349484391
9.365549483208609,38.73280045127598,0.0072632001452898
9.389563712603536,38.83211532402451,0.0067417935922018
9.413577942298256,38.93143019801288,0.0061171515456775
9.437592171693185,39.030745070761405,0.0055072734026009
9.461606401387906,39.13005994474978,0.0048289423836682
9.485620631082623,39.229374818738144,0.0042098316908436
9.509634860477552,39.32868969148667,0.0035057507528544
9.533649090172274,39.42800456547505,0.0028961844542617
9.5576633195672,39.52731943822358,0.002156617499271
9.581677549261922,39.62663431221195,0.0008802294340814
