E_minus_EF_eV,energia_meV,DOS_electronica
-55.17400000000001,-55174.00000000001,-0.0001241532675487
-55.124,-55124.0,-0.0003558359948186
-55.074,-55074.0,-0.0009578991532302
-55.024,-55024.0,-0.0023888220110907
-54.974,-54974.0,-0.0056106839662265
-54.92400000000001,-54924.00000000001,-0.0121757934040749
-54.874,-54874.0,-0.0246222296803192
-54.824,-54824.0,-0.046179024327285
-54.774,-54774.0,-0.0799384067434568
-54.724,-54724.0,-0.1262119219987912
-54.67400000000001,-54674.00000000001,-0.1786268607105402
-54.624,-54624.0,-0.2171129380650092
-54.574,-54574.0,-0.2046982677702637
-54.524,-54524.0,-0.0882912681913878
-54.474,-54474.0,0.1996111364379981
-54.42400000000001,-54424.00000000001,0.7217861839982548
-54.374,-54374.0,1.5050344499110424
-54.324,-54324.0,2.487100594455917
-54.274,-54274.0,3.594266765014583
-54.224,-54224.0,4.6156065728937605
-54.17400000000001,-54174.00000000001,5.312241687020466
-54.124,-54124.0,5.608337811111868
-54.074,-54074.0,5.314534455625966
-54.024,-54024.0,4.6105730145287405
-53.974,-53974.0,3.5741255165239574
-53.92400000000001,-53924.00000000001,2.441127313155808
-53.874,-53874.0,1.4256136360928648
-53.824,-53824.0,0.6300969029048142
-53.774,-53774.0,0.1108350745010268
-53.724,-53724.0,-0.1590531111132432
-53.67400000000001,-53674.00000000001,-0.2519542965643839
-53.624,-53624.0,-0.2388674252732532
-53.574,-53574.0,-0.1845944239321075
-53.524,-53524.0,-0.1234758570548243
-53.474,-53474.0,-0.0739565691681414
-53.42400000000001,-53424.00000000001,-0.0401966309343371
-53.374,-53374.0,-0.0200452119766891
-53.324,-53324.0,-0.0091707845498129
-53.274,-53274.0,-0.0039274609922295
-53.224,-53224.0,-0.0015587456617764
-53.17400000000001,-53174.00000000001,-0.0005682026829892
-53.124,-53124.0,-0.000195725351489
-53.074,-53074.0,-6.290560717372414e-05
-53.024,-53024.0,-1.877086078623288e-05
-52.974,-52974.0,-5.19314519313577e-06
-52.92400000000001,-52924.00000000001,-1.3542737794595026e-06
-52.874,-52874.0,-3.302868246562735e-07
-52.824,-52824.0,-7.514869647377442e-08
-52.774,-52774.0,-1.5909376060081974e-08
-52.724,-52724.0,-3.169775225842048e-09
-52.67400000000001,-52674.00000000001,-5.867375573090827e-10
-52.624,-52624.0,-1.0215867707551392e-10
-52.574,-52574.0,-1.6631801644417277e-11
-52.524,-52524.0,-2.524440058962914e-12
-52.474,-52474.0,-3.591907379307983e-13
-52.42400000000001,-52424.00000000001,-4.7404947206743875e-14
-52.374,-52374.0,-5.913937001536757e-15
-52.324,-52324.0,-6.804408887061934e-16
-52.274,-52274.0,-7.421312711966576e-17
-52.224,-52224.0,-7.523585756665871e-18
-52.17400000000001,-52174.00000000001,-7.088160413651634e-19
-52.124,-52124.0,-6.295721412815618e-20
-52.074,-52074.0,-5.205814350524949e-21
-52.024,-52024.0,-4.036567873232977e-22
-51.974,-51974.0,-2.918003223046546e-23
-51.92400000000001,-51924.00000000001,-1.976816104038545e-24
-51.874,-51874.0,-1.2463875742958673e-25
-51.824,-51824.0,-7.33931808974952e-27
-51.774,-51774.0,-4.0693014118980175e-28
-51.724,-51724.0,-2.0982105483750852e-29
-51.67400000000001,-51674.00000000001,-1.0140448031208736e-30
-51.624,-51624.0,-4.546956634596561e-32
-51.574,-51574.0,-1.9260606006543282e-33
-51.524,-51524.0,-7.549752207284593e-35
-51.474,-51474.0,-2.774508893398758e-36
-51.42400000000001,-51424.00000000001,-9.579784939760605e-38
-51.374,-51374.0,-3.0880436692283127e-39
-51.324,-51324.0,-9.208007710536566e-41
-51.274,-51274.0,-2.6063771741282957e-42
-51.224,-51224.0,-6.790668883128117e-44
-51.17400000000001,-51174.00000000001,-1.6735183536777638e-45
-51.124,-51124.0,-3.8484433518769526e-47
-51.074,-51074.0,-8.232731871196396e-49
-51.024,-51024.0,-1.6383956982539382e-50
-50.974,-50974.0,-3.0766223799959125e-52
-50.92400000000001,-50924.00000000001,-5.381265195841871e-54
-50.874,-50874.0,-8.791535028336103e-56
-50.824,-50824.0,-1.3497810648410833e-57
-50.774,-50774.0,-1.9279652828047826e-59
-50.724,-50724.0,-2.555101241936677e-61
-50.67400000000001,-50674.00000000001,-3.2103047953554106e-63
-50.624,-50624.0,-3.744084355464556e-65
-50.574,-50574.0,-4.064093532954359e-67
-50.524,-50524.0,-4.147309140490236e-69
-50.474,-50474.0,-3.9454209129746964e-71
-50.42400000000001,-50424.00000000001,-3.5037479637115194e-73
-50.374,-50374.0,-2.9223062199271027e-75
-50.324,-50324.0,-2.267722612735676e-77
-50.274,-50274.0,-1.6664284654940213e-79
-50.224,-50224.0,-2.766750840740808e-81
-50.17400000000001,-50174.00000000001,-1.6559857476850706e-81
-50.124,-50124.0,-1.6461131037703194e-81
-50.074,-50074.0,-1.643838730011125e-81
-50.024,-50024.0,-1.628854652676572e-81
-49.974,-49974.0,-1.6313986563068355e-81
-49.92400000000001,-49924.00000000001,-1.6290760161687292e-81
-49.874,-49874.0,-1.625928470719247e-81
-49.824,-49824.0,-1.6165089485842938e-81
-49.774,-49774.0,-1.6128134122448367e-81
-49.724,-49724.0,-1.6184488652996036e-81
-49.67400000000001,-49674.00000000001,-1.6178976669611622e-81
-49.624,-49624.0,-1.6063409072373847e-81
-49.574,-49574.0,-1.6063856694641886e-81
-49.524,-49524.0,-1.60222421178288e-81
-49.474,-49474.0,-1.60637067685258e-81
-49.42400000000001,-49424.00000000001,-1.6045435349762632e-81
-49.374,-49374.0,-1.597395233325939e-81
-49.324,-49324.0,-1.598611543641774e-81
-49.274,-49274.0,-1.5826978171110906e-81
-49.224,-49224.0,-1.5766279983098069e-81
-49.17400000000001,-49174.00000000001,-1.5747999555139574e-81
-49.124,-49124.0,-1.572764580046704e-81
-49.074,-49074.0,-1.5815375771162535e-81
-49.024,-49024.0,-1.569442383678313e-81
-48.974,-48974.0,-1.5673790141451202e-81
-48.92400000000001,-48924.00000000001,-1.5693000194981604e-81
-48.874,-48874.0,-1.5566675814638192e-81
-48.824,-48824.0,-1.564915268042952e-81
-48.774,-48774.0,-1.5616532055145615e-81
-48.724,-48724.0,-1.5491618009140747e-81
-48.67400000000001,-48674.00000000001,-1.5459414348422447e-81
-48.624,-48624.0,-1.5455956496936714e-81
-48.574,-48574.0,-1.53896421987295e-81
-48.524,-48524.0,-1.5373054159499835e-81
-48.474,-48474.0,-1.532254875069237e-81
-48.42400000000001,-48424.00000000001,-1.5370915884649103e-81
-48.374,-48374.0,-1.5303665100150447e-81
-48.324,-48324.0,-1.5333271179877832e-81
-48.274,-48274.0,-1.5261740857856791e-81
-48.224,-48224.0,-1.5271170112717087e-81
-48.17400000000001,-48174.00000000001,-1.5116790963357722e-81
-48.124,-48124.0,-1.5151891225078295e-81
-48.074,-48074.0,-1.5144014983730844e-81
-48.024,-48024.0,-1.512008310764309e-81
-47.974,-47974.0,-1.5058872859615406e-81
-47.92400000000001,-47924.00000000001,-1.5013694676998427e-81
-47.874,-47874.0,-1.500151503580723e-81
-47.824,-47824.0,-1.4881748014146574e-81
-47.774,-47774.0,-1.4986089852485171e-81
-47.724,-47724.0,-1.4822406692470152e-81
-47.67400000000001,-47674.00000000001,-1.4847556968966064e-81
-47.624,-47624.0,-1.4823330251301739e-81
-47.574,-47574.0,-1.473880938176494e-81
-47.524,-47524.0,-1.4818569558271832e-81
-47.474,-47474.0,-1.473721229210181e-81
-47.42400000000001,-47424.00000000001,-1.4711901181884623e-81
-47.374,-47374.0,-1.4629813396237706e-81
-47.324,-47324.0,-1.4643858326238286e-81
-47.274,-47274.0,-1.4620133807412872e-81
-47.224,-47224.0,-1.457322427672618e-81
-47.17400000000001,-47174.00000000001,-1.461080775409471e-81
-47.124,-47124.0,-1.451884266398711e-81
-47.074,-47074.0,-1.444214496485879e-81
-47.024,-47024.0,-1.4459668252251728e-81
-46.974,-46974.0,-1.4478582464421638e-81
-46.92400000000001,-46924.00000000001,-1.4371464621441304e-81
-46.874,-46874.0,-1.432964180849289e-81
-46.824,-46824.0,-1.4287591310554143e-81
-46.774,-46774.0,-1.425259562698688e-81
-46.724,-46724.0,-1.4228570564146222e-81
-46.67400000000001,-46674.00000000001,-1.4213518033786454e-81
-46.624,-46624.0,-1.4158572827201506e-81
-46.574,-46574.0,-1.4133421231858554e-81
-46.524,-46524.0,-1.4091497685520155e-81
-46.474,-46474.0,-1.4115572432004042e-81
-46.42400000000001,-46424.00000000001,-1.4095751604522155e-81
-46.374,-46374.0,-1.4078294885099034e-81
-46.324,-46324.0,-1.407617019465872e-81
-46.274,-46274.0,-1.3968334332562646e-81
-46.224,-46224.0,-1.4044271060882022e-81
-46.17400000000001,-46174.00000000001,-1.3884891257238183e-81
-46.124,-46124.0,-1.3864024969843714e-81
-46.074,-46074.0,-1.3846136425730371e-81
-46.024,-46024.0,-1.3869061488125978e-81
-45.974,-45974.0,-1.3833725788442102e-81
-45.92400000000001,-45924.00000000001,-1.3848159495549443e-81
-45.874,-45874.0,-1.3758795695480055e-81
-45.824,-45824.0,-1.3720513704146264e-81
-45.774,-45774.0,-1.3675420768476529e-81
-45.724,-45724.0,-1.3639791578649635e-81
-45.67400000000001,-45674.00000000001,-1.358657626541041e-81
-45.624,-45624.0,-1.3609911183867776e-81
-45.574,-45574.0,-1.3529252358457026e-81
-45.524,-45524.0,-1.3592499546734674e-81
-45.474,-45474.0,-1.3594842187838243e-81
-45.42400000000001,-45424.00000000001,-1.3517123020112327e-81
-45.374,-45374.0,-1.343724118433557e-81
-45.324,-45324.0,-1.3447921718236807e-81
-45.274,-45274.0,-1.3405262381928214e-81
-45.224,-45224.0,-1.345391726146646e-81
-45.17400000000001,-45174.00000000001,-1.3369769329978407e-81
-45.124,-45124.0,-1.3394824451225246e-81
-45.074,-45074.0,-1.331347660112841e-81
-45.024,-45024.0,-1.3306623429607936e-81
-44.974,-44974.0,-1.318030353101757e-81
-44.92400000000001,-44924.00000000001,-1.3226413658973952e-81
-44.874,-44874.0,-1.3207453878950863e-81
-44.824,-44824.0,-1.311059927982567e-81
-44.774,-44774.0,-1.3186711836249439e-81
-44.724,-44724.0,-1.3080655870482862e-81
-44.67400000000001,-44674.00000000001,-1.3024780726568183e-81
-44.624,-44624.0,-1.3074641909534402e-81
-44.574,-44574.0,-1.3008054020460432e-81
-44.524,-44524.0,-1.300272874339332e-81
-44.474,-44474.0,-1.3002962652201447e-81
-44.42400000000001,-44424.00000000001,-1.296331529502278e-81
-44.374,-44374.0,-1.2927381247386288e-81
-44.324,-44324.0,-1.2899640845198396e-81
-44.274,-44274.0,-1.2807720198447134e-81
-44.224,-44224.0,-1.2876431365481762e-81
-44.17400000000001,-44174.00000000001,-1.2743390712514455e-81
-44.124,-44124.0,-1.2711542139414712e-81
-44.074,-44074.0,-1.276399824420255e-81
-44.024,-44024.0,-1.2736427493849206e-81
-43.974,-43974.0,-1.263661948915485e-81
-43.92400000000001,-43924.00000000001,-1.2705828030287946e-81
-43.874,-43874.0,-1.2673365706035732e-81
-43.824,-43824.0,-1.256518082998775e-81
-43.774,-43774.0,-1.2576049144040287e-81
-43.724,-43724.0,-1.2533470512443722e-81
-43.67400000000001,-43674.00000000001,-1.2478420768023586e-81
-43.624,-43624.0,-1.244371485129554e-81
-43.574,-43574.0,-1.2471031315010468e-81
-43.524,-43524.0,-1.2443207599854535e-81
-43.474,-43474.0,-1.2439580337252038e-81
-43.42400000000001,-43424.00000000001,-1.2353824738029767e-81
-43.374,-43374.0,-1.2302076270815183e-81
-43.324,-43324.0,-1.2300812149997906e-81
-43.274,-43274.0,-1.2257707770590643e-81
-43.224,-43224.0,-1.228581026404722e-81
-43.17400000000001,-43174.00000000001,-1.2185436179872842e-81
-43.124,-43124.0,-1.2213271472540235e-81
-43.074,-43074.0,-1.222151792107707e-81
-43.024,-43024.0,-1.220131525033955e-81
-42.974,-42974.0,-1.2091285473360134e-81
-42.92400000000001,-42924.00000000001,-1.2096306198151914e-81
-42.874,-42874.0,-1.207256534946392e-81
-42.824,-42824.0,-1.2032023441013858e-81
-42.774,-42774.0,-1.1984222367561847e-81
-42.724,-42724.0,-1.2032526782423703e-81
-42.67400000000001,-42674.00000000001,-1.1964405284575434e-81
-42.624,-42624.0,-1.1889904501974862e-81
-42.574,-42574.0,-1.1882900706577703e-81
-42.524,-42524.0,-1.1900545967622094e-81
-42.474,-42474.0,-1.182677234238115e-81
-42.42400000000001,-42424.00000000001,-1.1884210957949064e-81
-42.374,-42374.0,-1.1777278206583846e-81
-42.324,-42324.0,-1.1733754678351876e-81
-42.274,-42274.0,-1.177475314680412e-81
-42.224,-42224.0,-1.1666367790906982e-81
-42.17400000000001,-42174.00000000001,-1.170206623367445e-81
-42.124,-42124.0,-1.1689663855126427e-81
-42.074,-42074.0,-1.1670979296365428e-81
-42.024,-42024.0,-1.167078813417553e-81
-41.974,-41974.0,-1.158957957854062e-81
-41.92400000000001,-41924.00000000001,-1.1523784860331966e-81
-41.874,-41874.0,-1.1498287692844648e-81
-41.824,-41824.0,-1.1486128074570494e-81
-41.774,-41774.0,-1.1519646295578358e-81
-41.724,-41724.0,-1.146977506698779e-81
-41.67400000000001,-41674.00000000001,-1.1406985316291584e-81
-41.624,-41624.0,-1.1390246601910078e-81
-41.574,-41574.0,-1.1426882361796423e-81
-41.524,-41524.0,-1.1309083580641739e-81
-41.474,-41474.0,-1.1312971868297836e-81
-41.42400000000001,-41424.00000000001,-1.128333405751039e-81
-41.374,-41374.0,-1.1318467003225726e-81
-41.324,-41324.0,-1.1201276562826699e-81
-41.274,-41274.0,-1.127861868256999e-81
-41.224,-41224.0,-1.1242926793912752e-81
-41.17400000000001,-41174.00000000001,-1.117362969285316e-81
-41.124,-41124.0,-1.1102643772204155e-81
-41.074,-41074.0,-1.1173929728636143e-81
-41.024,-41024.0,-1.1101706734118288e-81
-40.974,-40974.0,-1.1079822227749606e-81
-40.92400000000001,-40924.00000000001,-1.109536469914295e-81
-40.874,-40874.0,-1.0983287002276255e-81
-40.824,-40824.0,-1.103915370848535e-81
-40.774,-40774.0,-1.096177227111577e-81
-40.724,-40724.0,-1.0964014839409607e-81
-40.67400000000001,-40674.00000000001,-1.08969801159788e-81
-40.624,-40624.0,-1.090887096389393e-81
-40.574,-40574.0,-1.082080675503808e-81
-40.524,-40524.0,-1.0894480169262815e-81
-40.474,-40474.0,-1.0841978713931615e-81
-40.42400000000001,-40424.00000000001,-1.081459053335083e-81
-40.374,-40374.0,-1.0779488828096894e-81
-40.324,-40324.0,-1.072858275169111e-81
-40.274,-40274.0,-1.0684380437443962e-81
-40.224,-40224.0,-1.0658035981803142e-81
-40.17400000000001,-40174.00000000001,-1.068038576568159e-81
-40.124,-40124.0,-1.0631354234140475e-81
-40.074,-40074.0,-1.0626773019417518e-81
-40.024,-40024.0,-1.061342635974183e-81
-39.974,-39974.0,-1.0624512023012104e-81
-39.92400000000001,-39924.00000000001,-1.0504824377617791e-81
-39.874,-39874.0,-1.0480318585818353e-81
-39.824,-39824.0,-1.0477405926573971e-81
-39.774,-39774.0,-1.0470811437569691e-81
-39.724,-39724.0,-1.0458046720181327e-81
-39.67400000000001,-39674.00000000001,-1.0390341781319354e-81
-39.624,-39624.0,-1.0423110041345019e-81
-39.574,-39574.0,-1.0335188716732219e-81
-39.524,-39524.0,-1.0387121264224503e-81
-39.474,-39474.0,-1.0365539919475079e-81
-39.42400000000001,-39424.00000000001,-1.0330250259328148e-81
-39.374,-39374.0,-1.0244271009123388e-81
-39.324,-39324.0,-1.021614191895341e-81
-39.274,-39274.0,-1.0287570853970934e-81
-39.224,-39224.0,-1.0219271771921153e-81
-39.17400000000001,-39174.00000000001,-1.0210569533283192e-81
-39.124,-39124.0,-1.021677074101914e-81
-39.074,-39074.0,-1.0133246995938391e-81
-39.024,-39024.0,-1.0090342226726676e-81
-38.974,-38974.0,-1.0088982984633647e-81
-38.92400000000001,-38924.00000000001,-1.0062200894220903e-81
-38.874,-38874.0,-1.0096731140235186e-81
-38.824,-38824.0,-9.993210346309989e-82
-38.774,-38774.0,-1.0029126734956829e-81
-38.724,-38724.0,-9.964006272533084e-82
-38.67400000000001,-38674.00000000001,-9.964936324935557e-82
-38.624,-38624.0,-9.904130557410885e-82
-38.574,-38574.0,-9.921319575177131e-82
-38.524,-38524.0,-9.855184778230271e-82
-38.474,-38474.0,-9.879135870878824e-82
-38.42400000000001,-38424.00000000001,-9.7987064068218e-82
-38.374,-38374.0,-9.780982784167303e-82
-38.324,-38324.0,-9.818737074442943e-82
-38.274,-38274.0,-9.804644075959114e-82
-38.224,-38224.0,-9.706047731124396e-82
-38.17400000000001,-38174.00000000001,-9.733724090996271e-82
-38.124,-38124.0,-9.717108083666479e-82
-38.074,-38074.0,-9.676196894950732e-82
-38.024,-38024.0,-9.675827105105463e-82
-37.974,-37974.0,-9.619738983857427e-82
-37.92400000000001,-37924.00000000001,-9.584765277931665e-82
-37.874,-37874.0,-9.540720287301907e-82
-37.824,-37824.0,-9.578675378550496e-82
-37.774,-37774.0,-9.515428850043971e-82
-37.724,-37724.0,-9.507813199696371e-82
-37.67400000000001,-37674.00000000001,-9.486492205715259e-82
-37.624,-37624.0,-9.479483268516662e-82
-37.574,-37574.0,-9.477268786996171e-82
-37.524,-37524.0,-9.45929959379485e-82
-37.474,-37474.0,-9.424566512465735e-82
-37.42400000000001,-37424.00000000001,-9.37466321543885e-82
-37.374,-37374.0,-9.324423252416744e-82
-37.324,-37324.0,-9.369940173350768e-82
-37.274,-37274.0,-9.299975828870233e-82
-37.224,-37224.0,-9.251472354305711e-82
-37.17400000000001,-37174.00000000001,-9.285406169522276e-82
-37.124,-37124.0,-9.272454397931208e-82
-37.074,-37074.0,-9.22701899365966e-82
-37.024,-37024.0,-9.191207378801139e-82
-36.974,-36974.0,-9.137104129077727e-82
-36.92400000000001,-36924.00000000001,-9.197070810274079e-82
-36.874,-36874.0,-9.162011518036967e-82
-36.824,-36824.0,-9.094284038796539e-82
-36.774,-36774.0,-9.113229843719263e-82
-36.724,-36724.0,-9.071152283925733e-82
-36.67400000000001,-36674.00000000001,-9.086928831660518e-82
-36.624,-36624.0,-9.012736765811032e-82
-36.574,-36574.0,-9.014773097071508e-82
-36.524,-36524.0,-8.970479126110747e-82
-36.474,-36474.0,-8.985582017314559e-82
-36.42400000000001,-36424.00000000001,-8.922421653750217e-82
-36.374,-36374.0,-8.943914082749725e-82
-36.324,-36324.0,-8.892378494979735e-82
-36.274,-36274.0,-8.854940211037616e-82
-36.224,-36224.0,-8.845831209399957e-82
-36.17400000000001,-36174.00000000001,-8.874129010382871e-82
-36.124,-36124.0,-8.781040614313019e-82
-36.074,-36074.0,-8.78830236579339e-82
-36.024,-36024.0,-8.754452735328887e-82
-35.974000000000004,-35974.00000000001,-8.746191855710188e-82
-35.92400000000001,-35924.00000000001,-8.727393121573221e-82
-35.874,-35874.0,-8.742026684309548e-82
-35.824,-35824.0,-8.651310690067923e-82
-35.774,-35774.0,-8.642042766092066e-82
-35.724000000000004,-35724.00000000001,-8.686391913328224e-82
-35.67400000000001,-35674.00000000001,-8.651727979087635e-82
-35.624,-35624.0,-8.628813092098026e-82
-35.574,-35574.0,-8.545680205028172e-82
-35.524,-35524.0,-8.5966675686851e-82
-35.474000000000004,-35474.00000000001,-8.550978160187365e-82
-35.42400000000001,-35424.00000000001,-8.53374260377196e-82
-35.374,-35374.0,-8.464595282497358e-82
-35.324,-35324.0,-8.508966043244002e-82
-35.274,-35274.0,-8.441528019064288e-82
-35.224000000000004,-35224.00000000001,-8.447913375703535e-82
-35.17400000000001,-35174.00000000001,-8.449507914114289e-82
-35.124,-35124.0,-8.366659930499773e-82
-35.074,-35074.0,-8.363969216472917e-82
-35.024,-35024.0,-8.386912386907536e-82
-34.974000000000004,-34974.00000000001,-8.358103891948179e-82
-34.92400000000001,-34924.00000000001,-8.327062603120476e-82
-34.874,-34874.0,-8.323518154394546e-82
-34.824,-34824.0,-8.297614653770462e-82
-34.774,-34774.0,-8.582595244640582e-82
-34.724000000000004,-34724.00000000001,-5.535800956132024e-81
-34.67400000000001,-34674.00000000001,-6.797087542308084e-79
-34.624,-34624.0,-9.167348395950341e-77
-34.574,-34574.0,-1.1495853765051785e-74
-34.524,-34524.0,-1.3404746986406877e-72
-34.474000000000004,-34474.00000000001,-1.4731146867836312e-70
-34.42400000000001,-34424.00000000001,-1.516482452503409e-68
-34.374,-34374.0,-1.4427354322558565e-66
-34.324,-34324.0,-1.2905200340664092e-64
-34.274,-34274.0,-1.0775215403830374e-62
-34.224000000000004,-34224.00000000001,-8.420291604032725e-61
-34.17400000000001,-34174.00000000001,-6.1903641015293085e-59
-34.124,-34124.0,-4.221072811424425e-57
-34.074,-34074.0,-2.6987725022298926e-55
-34.024,-34024.0,-1.611922078423919e-53
-33.974000000000004,-33974.00000000001,-8.961240882023104e-52
-33.92400000000001,-33924.00000000001,-4.645541606082063e-50
-33.874,-33874.0,-2.2664945739188468e-48
-33.824,-33824.0,-1.0366392558416001e-46
-33.774,-33774.0,-4.39941293433072e-45
-33.724000000000004,-33724.00000000001,-1.7381541296389896e-43
-33.674,-33674.0,-6.444644179929109e-42
-33.624,-33624.0,-2.255210532002599e-40
-33.574,-33574.0,-7.308581682776243e-39
-33.524,-33524.0,-2.2031730417925755e-37
-33.474000000000004,-33474.00000000001,-6.224941914582316e-36
-33.424,-33424.0,-1.6479806389717761e-34
-33.374,-33374.0,-4.091390372835316e-33
-33.324,-33324.0,-9.511548091953099e-32
-33.274,-33274.0,-2.0550244826708143e-30
-33.224000000000004,-33224.00000000001,-4.139296252675182e-29
-33.174,-33174.0,-7.769840240763611e-28
-33.124,-33124.0,-1.3710604228192155e-26
-33.074,-33074.0,-2.2658543422457046e-25
-33.024,-33024.0,-3.490280231865679e-24
-32.974000000000004,-32974.00000000001,-4.990720459811096e-23
-32.924,-32924.0,-6.693300376665726e-22
-32.874,-32874.0,-8.464936778789957e-21
-32.824,-32824.0,-9.876982286073929e-20
-32.774,-32774.0,-1.0845072991389562e-18
-32.724000000000004,-32724.000000000004,-1.1108129354731095e-17
-32.674,-32674.0,-1.064737542385526e-16
-32.624,-32624.000000000004,-9.528930075417716e-16
-32.574,-32573.999999999996,-7.912420880898701e-15
-32.524,-32524.0,-6.17630625621202e-14
-32.474000000000004,-32474.000000000004,-4.516989499858901e-13
-32.424,-32424.0,-3.068900361698312e-12
-32.374,-32374.000000000004,-1.9522293425983646e-11
-32.324,-32323.999999999996,-1.1617122257439204e-10
-32.274,-32274.0,-6.436455872969292e-10
-32.224000000000004,-32224.000000000004,-3.3501073852853243e-09
-32.174,-32174.0,-1.6158212051585282e-08
-32.124,-32124.000000000004,-7.32107106748622e-08
-32.074,-32073.999999999996,-3.078748882610141e-07
-32.024,-32024.0,-1.2113950140960394e-06
-31.974000000000004,-31974.000000000004,-4.46966722107274e-06
-31.924,-31924.0,-1.5384017266256154e-05
-31.874,-31874.0,-4.928132616264895e-05
-31.824,-31824.0,-0.0001464412580987
-31.774,-31774.0,-0.0004091112816102
-31.724000000000004,-31724.000000000004,-0.0010569757925501
-31.674,-31674.0,-0.0025507881550161
-31.624,-31624.0,-0.005736458865858
-31.574,-31574.0,-0.0119936551860313
-31.524,-31524.0,-0.0230187173957792
-31.474000000000004,-31474.000000000004,-0.041148894727556
-31.424,-31424.0,-0.066629010503273
-31.374,-31374.0,-0.0981425884893576
-31.324,-31324.0,-0.128196911424325
-31.274,-31274.0,-0.1403850099113325
-31.224000000000004,-31224.000000000004,-0.1060463044157209
-31.174,-31174.0,0.006296230850909
-31.124,-31124.0,0.2344005881521594
-31.074,-31074.0,0.6060337043252364
-31.024,-31024.0,1.1338796629008574
-30.974000000000004,-30974.000000000004,1.7803215392455856
-30.924,-30924.0,2.484269903156751
-30.874,-30874.0,3.157710225376863
-30.824,-30824.0,3.708280033740209
-30.774,-30774.0,4.09817275531127
-30.724000000000004,-30724.000000000004,4.221027147142626
-30.674,-30674.0,4.166085800909688
-30.624,-30624.0,3.9743567744940647
-30.574,-30574.0,3.7275019490898975
-30.524,-30524.0,3.583539814863309
-30.474000000000004,-30474.000000000004,3.4903494222652607
-30.424,-30424.0,3.561909204119745
-30.374,-30374.0,3.717430753784881
-30.324,-30324.0,3.993926124836668
-30.274,-30274.0,4.309027358203606
-30.224000000000004,-30224.000000000004,4.590211443156244
-30.174,-30174.0,4.87804094041231
-30.124,-30124.0,5.1727892180205775
-30.074,-30074.0,5.443383934398996
-30.024,-30024.0,5.714040586859441
-29.974000000000004,-29974.000000000004,5.927288213517608
-29.924,-29924.0,6.030562542673501
-29.874,-29874.0,6.003792155801023
-29.824,-29824.0,5.6429628947440005
-29.774,-29774.0,5.063501032885784
-29.724000000000004,-29724.000000000004,4.181949146951982
-29.674,-29674.0,3.173710906903373
-29.624,-29624.0,2.157355658504024
-29.574,-29574.0,1.252254025171084
-29.524,-29524.0,0.5573815141617627
-29.474000000000004,-29474.000000000004,0.0965701377842679
-29.424,-29424.0,-0.1501999206599205
-29.374,-29374.0,-0.2374316833870325
-29.324,-29324.0,-0.229049496114775
-29.274,-29274.0,-0.1788972744291025
-29.224000000000004,-29224.000000000004,-0.1222532084631643
-29.174,-29174.0,-0.0743640087530468
-29.124,-29124.0,-0.0409689438499221
-29.074,-29074.0,-0.0206557366119028
-29.024,-29024.0,-0.0096238720832138
-28.974000000000004,-28974.000000000004,-0.004131528486539
-28.924,-28924.0,-0.0016396457380571
-28.874,-28874.0,-0.0006034341163939
-28.824,-28824.0,-0.0002053876719983
-28.774,-28774.0,-6.548739430388539e-05
-28.724000000000004,-28724.000000000004,-1.9493875105632044e-05
-28.674,-28674.0,-5.38563963950704e-06
-28.624,-28624.0,-1.387886556438359e-06
-28.574,-28574.0,-3.332131832162175e-07
-28.524,-28524.0,-7.425398830027157e-08
-28.474000000000004,-28474.000000000004,-1.538535626037762e-08
-28.424,-28424.0,-2.997443001559461e-09
-28.374,-28374.0,-5.423950715447581e-10
-28.324,-28324.0,-9.248313155376895e-11
-28.274,-28274.0,-1.460858054810719e-11
-28.224000000000004,-28224.000000000004,-2.1374623434859707e-12
-28.174,-28174.0,-2.9656341422779643e-13
-28.124,-28124.0,-3.804302693256344e-14
-28.074,-28074.0,-4.560872120819754e-15
-28.024,-28024.0,-5.09419886963884e-16
-27.974000000000004,-27974.000000000004,-5.3485445400153055e-17
-27.924,-27924.0,-5.217859586247162e-18
-27.874,-27874.0,-4.745323077411637e-19
-27.824,-27824.0,-4.0606676792138046e-20
-27.774,-27774.0,-3.240478176847515e-21
-27.724000000000004,-27724.000000000004,-2.408644937931494e-22
-27.674,-27674.0,-1.6588116549838426e-23
-27.624,-27624.0,-1.0830118598421727e-24
-27.574,-27574.0,-6.519469584298164e-26
-27.524,-27524.0,-3.712027358369136e-27
-27.474000000000004,-27474.000000000004,-1.9516162146766373e-28
-27.424,-27424.0,-9.684242269774359e-30
-27.374,-27374.0,-4.467596432360212e-31
-27.324,-27324.0,-1.928229285956564e-32
-27.274,-27274.0,-7.76465497802977e-34
-27.224000000000004,-27224.000000000004,-2.9141774557065626e-35
-27.174,-27174.0,-1.0321294411995945e-36
-27.124,-27124.0,-3.39495668347814e-38
-27.074,-27074.0,-1.0426143396212702e-39
-27.024,-27024.0,-2.981208404609534e-41
-26.974000000000004,-26974.000000000004,-7.961117271497926e-43
-26.924,-26924.0,-2.0023013968362946e-44
-26.874,-26874.0,-4.687340297821413e-46
-26.824,-26824.0,-1.0232986860598947e-47
-26.774,-26774.0,-2.0907618856166336e-49
-26.724000000000004,-26724.000000000004,-3.993970639262244e-51
-26.674,-26674.0,-7.152265367117321e-53
-26.624,-26624.0,-1.1921269464855955e-54
-26.574,-26574.0,-1.8482537121889725e-56
-26.524,-26524.0,-2.706471282186603e-58
-26.474000000000004,-26474.000000000004,-3.689209456274931e-60
-26.424,-26424.0,-4.670865377069111e-62
-26.374,-26374.0,-5.570839655223465e-64
-26.324,-26324.0,-6.1594469973582e-66
-26.274,-26274.0,-6.4242079645252745e-68
-26.224000000000004,-26224.000000000004,-6.236283241926485e-70
-26.174,-26174.0,-5.654007608729492e-72
-26.124,-26124.0,-4.779602850395022e-74
-26.074,-26074.0,-3.771327212486417e-76
-26.024,-26024.0,-2.7930978979537987e-78
-25.974000000000004,-25974.000000000004,-1.982231107264614e-80
-25.924,-25924.0,-6.635833844879506e-82
-25.874,-25874.0,-5.334186548503743e-82
-25.824,-25824.0,-5.315128232143207e-82
-25.774,-25774.0,-5.332747048246703e-82
-25.724000000000004,-25724.000000000004,-5.316481117881986e-82
-25.674,-25674.0,-5.291095930955751e-82
-25.624,-25624.0,-5.301231028864054e-82
-25.574,-25574.0,-5.259629470103904e-82
-25.524,-25524.0,-5.2601443695876576e-82
-25.474000000000004,-25474.000000000004,-5.274566312469581e-82
-25.424,-25424.0,-5.2668945518028706e-82
-25.374,-25374.0,-5.2557160583169606e-82
-25.324,-25324.0,-5.2406263446252926e-82
-25.274,-25274.0,-5.1903951610314147e-82
-25.224000000000004,-25224.000000000004,-5.21861937027561e-82
-25.174,-25174.0,-5.1713489704466746e-82
-25.124,-25124.0,-5.1648678129311655e-82
-25.074,-25074.0,-5.1697853326725284e-82
-25.024,-25024.0,-5.1260593884177697e-82
-24.974000000000004,-24974.000000000004,-5.117599375571333e-82
-24.924,-24924.0,-5.1076422741228434e-82
-24.874,-24874.0,-5.1270042756801225e-82
-24.824,-24824.0,-5.1036290012058625e-82
-24.774,-24774.0,-5.075634910875375e-82
-24.724000000000004,-24724.000000000004,-5.0690170420827946e-82
-24.674,-24674.0,-5.0398548067240454e-82
-24.624,-24624.0,-5.0442039294179625e-82
-24.574,-24574.0,-5.023484653933205e-82
-24.524,-24524.0,-5.018197469779457e-82
-24.474000000000004,-24474.000000000004,-5.02604474197576e-82
-24.424,-24424.0,-5.0121847268084377e-82
-24.374,-24374.0,-4.999081797845472e-82
-24.324,-24324.0,-4.976562752932372e-82
-24.274,-24274.0,-4.9573721184250135e-82
-24.224000000000004,-24224.000000000004,-4.9631191910078335e-82
-24.174,-24174.0,-4.958481638871826e-82
-24.124,-24124.0,-4.925381208868152e-82
-24.074,-24074.0,-4.952812439524419e-82
-24.024,-24024.0,-4.90365342307641e-82
-23.974000000000004,-23974.000000000004,-4.9305681011779743e-82
-23.924,-23924.0,-4.873617328485513e-82
-23.874,-23874.0,-4.89013369470114e-82
-23.824,-23824.0,-4.898737314780968e-82
-23.774,-23774.0,-4.85671834144025e-82
-23.724000000000004,-23724.000000000004,-4.8613828266085466e-82
-23.674,-23674.0,-4.8430112231032156e-82
-23.624,-23624.0,-4.820440110539916e-82
-23.574,-23574.0,-4.838690148383568e-82
-23.524,-23524.0,-4.833968315468532e-82
-23.474000000000004,-23474.000000000004,-4.802957654482312e-82
-23.424,-23424.0,-4.7807594439148734e-82
-23.374,-23374.0,-4.7999655381938833e-82
-23.324,-23324.0,-4.78548367760955e-82
-23.274,-23274.0,-4.7836756234102574e-82
-23.224000000000004,-23224.000000000004,-4.7600002206131686e-82
-23.174,-23174.0,-4.7518729235484614e-82
-23.124,-23124.0,-4.7410470749371207e-82
-23.074,-23074.0,-4.701595523712459e-82
-23.024,-23024.0,-4.693608557309249e-82
-22.974000000000004,-22974.000000000004,-4.7091801949122784e-82
-22.924,-22924.0,-4.68815781639871e-82
-22.874,-22874.0,-4.6785854721039545e-82
-22.824,-22824.0,-4.66097295202205e-82
-22.774,-22774.0,-4.6802569885001896e-82
-22.724000000000004,-22724.000000000004,-4.6528535408023674e-82
-22.674,-22674.0,-4.6591712154041596e-82
-22.624,-22624.0,-4.633614552705766e-82
-22.574,-22574.0,-4.604981874207108e-82
-22.524,-22524.0,-4.632920970586482e-82
-22.474000000000004,-22474.000000000004,-4.6200647192591724e-82
-22.424,-22424.0,-4.5792892828740666e-82
-22.374,-22374.0,-4.5991696488320923e-82
-22.324,-22324.0,-4.576204653880664e-82
-22.274,-22274.0,-4.5743683440860846e-82
-22.224000000000004,-22224.000000000004,-4.5518136986194307e-82
-22.174,-22174.0,-4.530652797207229e-82
-22.124,-22124.0,-4.5333872737135717e-82
-22.074,-22074.0,-4.50558687767914e-82
-22.024,-22024.0,-4.5383711203600626e-82
-21.974000000000004,-21974.000000000004,-4.48496050675974e-82
-21.924,-21924.0,-4.4766409392125846e-82
-21.874,-21874.0,-4.502989543790022e-82
-21.824,-21824.0,-4.4692946618278e-82
-21.774,-21774.0,-4.473119750915592e-82
-21.724,-21724.0,-4.4795934345911144e-82
-21.674000000000003,-21674.000000000004,-4.440418732556506e-82
-21.624,-21624.0,-4.4241469783364666e-82
-21.574,-21574.0,-4.4165743025321e-82
-21.524,-21524.0,-4.4197695420766673e-82
-21.474,-21474.0,-4.405265984075607e-82
-21.424000000000003,-21424.000000000004,-4.420821465355859e-82
-21.374,-21374.0,-4.3817187397570866e-82
-21.324,-21324.0,-4.3864177496013663e-82
-21.274,-21274.0,-4.3771010210391486e-82
-21.224,-21224.0,-4.377650861493712e-82
-21.174000000000003,-21174.000000000004,-4.38317237335064e-82
-21.124,-21124.0,-4.336977288403136e-82
-21.074,-21074.0,-4.329718816655983e-82
-21.024,-21024.0,-4.318318954653476e-82
-20.974,-20974.0,-4.3382678234388425e-82
-20.924000000000003,-20924.000000000004,-4.307673079071502e-82
-20.874,-20874.0,-4.314504709833246e-82
-20.824,-20824.0,-4.314021454932472e-82
-20.774,-20774.0,-4.3162971081479427e-82
-20.724,-20724.0,-4.276044200686932e-82
-20.674000000000003,-20674.000000000004,-4.295479976252751e-82
-20.624,-20624.0,-4.276558377703601e-82
-20.574,-20574.0,-4.261941447121611e-82
-20.524,-20524.0,-4.255908295171017e-82
-20.474,-20474.0,-4.263947368608985e-82
-20.424000000000003,-20424.000000000004,-4.2230610892699727e-82
-20.374,-20374.0,-4.22021758297479e-82
-20.324,-20324.0,-4.227322845696368e-82
-20.274,-20274.0,-4.2334163128454917e-82
-20.224,-20224.0,-4.225866410026065e-82
-20.174000000000003,-20174.000000000004,-4.195963022906112e-82
-20.124,-20124.0,-4.1958796212277295e-82
-20.074,-20074.0,-4.195795087002668e-82
-20.024,-20024.0,-4.195090517881028e-82
-19.974,-19974.0,-4.156049146067508e-82
-19.924000000000003,-19924.000000000004,-4.1536126765599007e-82
-19.874,-19874.0,-4.154604464253534e-82
-19.824,-19824.0,-4.156288790589926e-82
-19.774,-19774.0,-4.163206824613929e-82
-19.724,-19724.0,-4.1189061742166615e-82
-19.674000000000003,-19674.000000000004,-4.142970050011807e-82
-19.624,-19624.0,-4.102812065338092e-82
-19.574,-19574.0,-4.1354463627157904e-82
-19.524,-19524.0,-4.1142241421370446e-82
-19.474,-19474.0,-4.0917168135887786e-82
-19.424000000000003,-19424.000000000004,-4.112737005999055e-82
-19.374,-19374.0,-4.09398434572854e-82
-19.324,-19324.0,-4.06694009267905e-82
-19.274,-19274.0,-4.0529494505057824e-82
-19.224,-19224.0,-4.081021351380831e-82
-19.174000000000003,-19174.000000000004,-4.057979736108896e-82
-19.124,-19124.0,-4.0590487574918426e-82
-19.074,-19074.0,-4.032903746126716e-82
-19.024,-19024.0,-4.045583426717962e-82
-18.974,-18974.0,-4.026989056888762e-82
-18.924000000000003,-18924.000000000004,-4.014574308457607e-82
-18.874,-18874.0,-4.000840227926524e-82
-18.824,-18824.0,-4.018993016414202e-82
-18.774,-18774.0,-4.0235076921215295e-82
-18.724,-18724.0,-4.01740554539676e-82
-18.674000000000003,-18674.000000000004,-3.975621044908656e-82
-18.624,-18624.0,-3.986582540301917e-82
-18.574,-18574.0,-3.9772123496608847e-82
-18.524,-18524.0,-3.9905821648134876e-82
-18.474,-18474.0,-3.966018870932216e-82
-18.424000000000003,-18424.000000000004,-3.9446821321286326e-82
-18.374,-18374.0,-3.94574270032804e-82
-18.324,-18324.0,-3.9367250806234646e-82
-18.274,-18274.0,-3.942863031407833e-82
-18.224,-18224.0,-3.9547216643232016e-82
-18.174000000000003,-18174.000000000004,-3.9325321469005664e-82
-18.124,-18124.0,-3.907950899230271e-82
-18.074,-18074.0,-3.9261453554213e-82
-18.024,-18024.0,-3.9133867388894434e-82
-17.974,-17974.0,-3.921258606599624e-82
-17.924000000000003,-17924.000000000004,-3.907251985674978e-82
-17.874000000000002,-17874.000000000004,-3.879840386979149e-82
-17.824,-17824.0,-3.896773934252352e-82
-17.774,-17774.0,-3.8814756465343866e-82
-17.724,-17724.0,-3.8778992411510434e-82
-17.674000000000003,-17674.000000000004,-3.857976012155158e-82
-17.624000000000002,-17624.000000000004,-3.883320544922084e-82
-17.574,-17574.0,-3.847799294389936e-82
-17.524,-17524.0,-3.869531319359464e-82
-17.474,-17474.0,-3.841442963376648e-82
-17.424000000000003,-17424.000000000004,-3.8450669462355686e-82
-17.374000000000002,-17374.000000000004,-3.844432298623487e-82
-17.324,-17324.0,-3.8226355667534705e-82
-17.274,-17274.0,-3.845025963881476e-82
-17.224,-17224.0,-3.8232386639364514e-82
-17.174000000000003,-17174.000000000004,-3.836788479433295e-82
-17.124000000000002,-17124.000000000004,-3.8266468200564645e-82
-17.074,-17074.0,-3.810592716873024e-82
-17.024,-17024.0,-3.8128840033176304e-82
-16.974,-16974.0,-3.7861709440671006e-82
-16.924000000000003,-16924.000000000004,-3.806559594319916e-82
-16.874000000000002,-16874.000000000004,-3.804190137286272e-82
-16.824,-16824.0,-3.8042725886828016e-82
-16.774,-16774.0,-3.7762509760329877e-82
-16.724,-16724.0,-3.7722605817814384e-82
-16.674000000000003,-16674.000000000004,-3.766928187824833e-82
-16.624000000000002,-16624.000000000004,-3.760730373326574e-82
-16.574,-16574.0,-3.778520116099377e-82
-16.524,-16524.0,-3.770668961134727e-82
-16.474,-16474.0,-3.7394920615021694e-82
-16.424000000000003,-16424.000000000004,-3.746109528193493e-82
-16.374000000000002,-16374.000000000002,-3.7439331030499445e-82
-16.324,-16324.000000000002,-3.736687896678423e-82
-16.274,-16274.0,-3.730610153007407e-82
-16.224,-16224.0,-3.739903046503859e-82
-16.174000000000003,-16174.000000000004,-3.724526601108272e-82
-16.124000000000002,-16124.000000000002,-3.7325671039134275e-82
-16.074,-16074.000000000002,-3.733729304093608e-82
-16.024,-16024.0,-3.712423495084663e-82
-15.974000000000002,-15974.000000000002,-3.7058111937099655e-82
-15.924,-15924.0,-3.6895025735713975e-82
-15.874000000000002,-15874.000000000002,-3.7044033245030576e-82
-15.824000000000002,-15824.000000000002,-3.701901500837373e-82
-15.774,-15774.0,-3.7052768089300865e-82
-15.724000000000002,-15724.000000000002,-3.688237667778338e-82
-15.674,-15674.0,-3.6810846964029615e-82
-15.624000000000002,-15624.000000000002,-3.684258535341003e-82
-15.574000000000002,-15574.000000000002,-3.6860247778067676e-82
-15.524,-15524.0,-3.6748772007322383e-82
-15.474000000000002,-15474.000000000002,-3.6717680881809006e-82
-15.424,-15424.0,-3.6687088344396747e-82
-15.374000000000002,-15374.000000000002,-3.682821341496682e-82
-15.324000000000002,-15324.000000000002,-3.678719193091205e-82
-15.274,-15274.0,-3.6408748810294267e-82
-15.224000000000002,-15224.000000000002,-3.65782262241504e-82
-15.174,-15174.0,-3.645761357513028e-82
-15.124000000000002,-15124.000000000002,-3.644666870618029e-82
-15.074000000000002,-15074.000000000002,-3.6369526442868805e-82
-15.024,-15024.0,-3.6589115369294957e-82
-14.974000000000002,-14974.000000000002,-3.6512859106238513e-82
-14.924,-14924.0,-3.6261159606084715e-82
-14.874000000000002,-14874.000000000002,-3.620012406973934e-82
-14.824000000000002,-14824.000000000002,-3.634438469383874e-82
-14.774,-14774.0,-3.612879327865276e-82
-14.724000000000002,-14724.000000000002,-3.63269851936444e-82
-14.674,-14674.0,-3.6315175383882925e-82
-14.624000000000002,-14624.000000000002,-3.623806053082253e-82
-14.574000000000002,-14574.000000000002,-3.617605243139435e-82
-14.524,-14524.0,-3.61777306244217e-82
-14.474000000000002,-14474.000000000002,-3.6077846143192817e-82
-14.424,-14424.0,-3.595431016826093e-82
-14.374000000000002,-14374.000000000002,-3.596210899053156e-82
-14.324000000000002,-14324.000000000002,-3.611531127862532e-82
-14.274,-14274.0,-3.605953113861013e-82
-14.224000000000002,-14224.000000000002,-3.608977741013136e-82
-14.174,-14174.0,-3.590631491398676e-82
-14.124000000000002,-14124.000000000002,-3.589782380272964e-82
-14.074000000000002,-14074.000000000002,-3.6038251056954016e-82
-14.024,-14024.0,-3.5960101372712823e-82
-13.974000000000002,-13974.000000000002,-3.5889837759776846e-82
-13.924,-13924.0,-3.584202080766784e-82
-13.874000000000002,-13874.000000000002,-3.5694428745786917e-82
-13.824000000000002,-13824.000000000002,-3.5610328768134454e-82
-13.774,-13774.0,-3.589052402500765e-82
-13.724000000000002,-13724.000000000002,-3.578689124073552e-82
-13.674,-13674.0,-3.5596875651177555e-82
-13.624000000000002,-13624.000000000002,-3.549350815954532e-82
-13.574000000000002,-13574.000000000002,-3.56436208190947e-82
-13.524,-13524.0,-3.563143981072096e-82
-13.474000000000002,-13474.000000000002,-3.543857181456829e-82
-13.424,-13424.0,-3.547223750728999e-82
-13.374000000000002,-13374.000000000002,-3.5401412085594726e-82
-13.324000000000002,-13324.000000000002,-3.5389527368420475e-82
-13.274,-13274.0,-3.549741292848237e-82
-13.224000000000002,-13224.000000000002,-3.56547799810455e-82
-13.174,-13174.0,-3.536886141806467e-82
-13.124000000000002,-13124.000000000002,-3.5580498892490526e-82
-13.074000000000002,-13074.000000000002,-3.52994761993896e-82
-13.024,-13024.0,-3.5307630714656344e-82
-12.974000000000002,-12974.000000000002,-3.557375348289468e-82
-12.924,-12924.0,-3.5437397941752274e-82
-12.874000000000002,-12874.000000000002,-3.5447830966069855e-82
-12.824000000000002,-12824.000000000002,-3.549868321578603e-82
-12.774,-12774.0,-3.55551522084212e-82
-12.724000000000002,-12724.000000000002,-3.5486309843320865e-82
-12.674,-12674.0,-3.5493413960168616e-82
-12.624000000000002,-12624.000000000002,-3.5485207491644496e-82
-12.574000000000002,-12574.000000000002,-3.5235645356291337e-82
-12.524,-12524.0,-3.5434461821988673e-82
-12.474000000000002,-12474.000000000002,-3.5325248480964304e-82
-12.424,-12424.0,-3.5436088370059535e-82
-12.374000000000002,-12374.000000000002,-3.530185937607988e-82
-12.324000000000002,-12324.000000000002,-3.5406318067723806e-82
-12.274,-12274.0,-3.532724361000912e-82
-12.224000000000002,-12224.000000000002,-3.530277825862702e-82
-12.174,-12174.0,-3.5182387537914707e-82
-12.124000000000002,-12124.000000000002,-3.5158186394198735e-82
-12.074000000000002,-12074.000000000002,-3.531369631274459e-82
-12.024,-12024.0,-3.5347658584240586e-82
-11.974000000000002,-11974.000000000002,-3.528225543767508e-82
-11.924,-11924.0,-3.517802264173189e-82
-11.874000000000002,-11874.000000000002,-3.538094616432622e-82
-11.824000000000002,-11824.000000000002,-3.528136232846291e-82
-11.774,-11774.0,-3.5170438434079014e-82
-11.724000000000002,-11724.000000000002,-3.5033128216748616e-82
-11.674,-11674.0,-3.5047784773859257e-82
-11.624000000000002,-11624.000000000002,-3.529644319109927e-82
-11.574000000000002,-11574.000000000002,-3.5137687299616457e-82
-11.524,-11524.0,-3.512186153782096e-82
-11.474000000000002,-11474.000000000002,-3.5036446861276546e-82
-11.424,-11424.0,-3.507357082748245e-82
-11.374000000000002,-11374.000000000002,-3.5096155069512125e-82
-11.324000000000002,-11324.000000000002,-3.5023392612540977e-82
-11.274,-11274.0,-3.5198820123504127e-82
-11.224000000000002,-11224.000000000002,-3.5244276169650137e-82
-11.174,-11174.0,-3.5332313010827564e-82
-11.124000000000002,-11124.000000000002,-3.5328739004470635e-82
-11.074000000000002,-11074.000000000002,-3.5293985516433004e-82
-11.024,-11024.0,-3.5266030490602285e-82
-10.974000000000002,-10974.000000000002,-3.5118383502477726e-82
-10.924,-10924.0,-3.5279110815559315e-82
-10.874000000000002,-10874.000000000002,-3.5186906664269716e-82
-10.824000000000002,-10824.000000000002,-3.5169842884938186e-82
-10.774,-10774.0,-3.531003507667068e-82
-10.724000000000002,-10724.000000000002,-3.51288837617995e-82
-10.674,-10674.0,-3.5017248577586416e-82
-10.624000000000002,-10624.000000000002,-3.536085057698675e-82
-10.574000000000002,-10574.000000000002,-3.5114915196508266e-82
-10.524,-10524.0,-3.5136435500508563e-82
-10.474000000000002,-10474.000000000002,-3.5143065228462135e-82
-10.424,-10424.0,-3.509116698668541e-82
-10.374000000000002,-10374.000000000002,-3.5265510081567354e-82
-10.324000000000002,-10324.000000000002,-3.5381149962188753e-82
-10.274,-10274.0,-3.5309526705645196e-82
-10.224000000000002,-10224.000000000002,-3.5126557597246605e-82
-10.174,-10174.0,-3.5290512829030847e-82
-10.124000000000002,-10124.000000000002,-3.528362952126284e-82
-10.074000000000002,-10074.000000000002,-3.532752477695793e-82
-10.024,-10024.0,-3.536138800400587e-82
-9.974000000000002,-9974.000000000002,-3.542515052018054e-82
-9.924,-9924.0,-3.5285247081133096e-82
-9.874000000000002,-9874.000000000002,-3.53849976726891e-82
-9.824000000000002,-9824.000000000002,-3.5459685367362965e-82
-9.774,-9774.0,-3.548771790621381e-82
-9.724000000000002,-9724.000000000002,-3.545309348162657e-82
-9.674,-9674.0,-3.5330794572343853e-82
-9.624000000000002,-9624.000000000002,-3.6570326524510713e-82
-9.574000000000002,-9574.000000000002,-2.277970165877242e-81
-9.524,-9524.0,-2.6361504371173588e-79
-9.474000000000002,-9474.000000000002,-3.3164688546860115e-77
-9.424,-9424.0,-3.932935280391305e-75
-9.374000000000002,-9374.000000000002,-4.36781304309743e-73
-9.324000000000002,-9324.000000000002,-4.530870547198384e-71
-9.274,-9274.0,-4.396244919961709e-69
-9.224000000000002,-9224.000000000002,-3.984572338418833e-67
-9.174,-9174.0,-3.370039617041534e-65
-9.124000000000002,-9124.000000000002,-2.65697539063228e-63
-9.074000000000002,-9074.000000000002,-1.9687356754203947e-61
-9.024,-9024.0,-1.3597956158941196e-59
-8.974000000000002,-8974.000000000002,-8.823664694094817e-58
-8.924000000000001,-8924.000000000002,-5.319556482867155e-56
-8.874000000000002,-8874.000000000002,-3.011689732717909e-54
-8.824000000000002,-8824.000000000002,-1.5874056278135765e-52
-8.774000000000001,-8774.0,-7.794415783039831e-51
-8.724000000000002,-8724.000000000002,-3.607422539514861e-49
-8.674000000000001,-8674.000000000002,-1.5495765521464655e-47
-8.624000000000002,-8624.000000000002,-6.250951867892713e-46
-8.574000000000002,-8574.000000000002,-2.364441453891216e-44
-8.524000000000001,-8524.0,-8.3153314921911e-43
-8.474000000000002,-8474.000000000002,-2.752390953155139e-41
-8.424000000000001,-8424.000000000002,-8.467337095038673e-40
-8.374000000000002,-8374.000000000002,-2.43269270971667e-38
-8.324000000000002,-8324.000000000002,-6.569559631301158e-37
-8.274000000000001,-8274.0,-1.651804209762025e-35
-8.224000000000002,-8224.000000000002,-3.8783072120165075e-34
-8.174000000000001,-8174.000000000001,-8.497414502942571e-33
-8.124000000000002,-8124.000000000003,-1.7487760608445187e-31
-8.074000000000002,-8074.000000000002,-3.363671276736184e-30
-8.024000000000001,-8024.000000000001,-6.042410146488571e-29
-7.974000000000002,-7974.000000000002,-1.0111579448872656e-27
-7.924000000000001,-7924.000000000001,-1.5860709228958102e-26
-7.874000000000002,-7874.000000000003,-2.33463724258384e-25
-7.824000000000002,-7824.000000000002,-3.171348726906985e-24
-7.774000000000001,-7774.000000000001,-4.092956041609695e-23
-7.724000000000002,-7724.000000000002,-4.888288439754753e-22
-7.674000000000001,-7674.000000000001,-5.43040896399291e-21
-7.624000000000002,-7624.000000000003,-5.672227193105859e-20
-7.574000000000002,-7574.000000000002,-5.551994909386253e-19
-7.524000000000001,-7524.000000000001,-5.052380161454257e-18
-7.474000000000002,-7474.000000000002,-4.291351387802213e-17
-7.424000000000001,-7424.000000000001,-3.433360026246917e-16
-7.374000000000002,-7374.000000000003,-2.5342111860031767e-15
-7.324000000000002,-7324.000000000002,-1.7569446495635472e-14
-7.274000000000001,-7274.000000000001,-1.1378371605411185e-13
-7.224000000000002,-7224.000000000002,-6.919393219840518e-13
-7.174000000000001,-7174.000000000001,-3.892080695482207e-12
-7.124000000000002,-7124.000000000003,-2.0580572511175607e-11
-7.074000000000002,-7074.000000000002,-1.0172840414495352e-10
-7.024000000000001,-7024.000000000001,-4.67883245343718e-10
-6.974000000000002,-6974.000000000002,-2.015110316414165e-09
-6.924000000000001,-6924.000000000001,-8.049080838936757e-09
-6.874000000000002,-6874.000000000003,-3.008859177795184e-08
-6.824000000000002,-6824.000000000002,-1.0425477138839255e-07
-6.774000000000001,-6774.000000000001,-3.385702023112848e-07
-6.724000000000002,-6724.000000000002,-1.023766430660179e-06
-6.674000000000001,-6674.000000000001,-2.892639007484569e-06
-6.624000000000002,-6624.000000000003,-7.563944125277895e-06
-6.574000000000002,-6574.000000000002,-1.852178577305722e-05
-6.524000000000001,-6524.000000000001,-4.196586919534326e-05
-6.474000000000002,-6474.000000000002,-8.728200761498782e-05
-6.424000000000001,-6424.000000000001,-0.0001686456476377
-6.374000000000002,-6374.000000000003,-0.0003021061014404
-6.324000000000002,-6324.000000000002,-0.0004919982267286
-6.274000000000001,-6274.000000000001,-0.0007195413041167
-6.224000000000002,-6224.000000000002,-0.0009328219630026
-6.174000000000001,-6174.000000000001,-0.0010225758238365
-6.124000000000002,-6124.000000000003,-0.0008058742524612
-6.074000000000002,-6074.000000000002,-6.243091547730269e-05
-6.024000000000001,-6024.000000000001,0.0014276681663142
-5.974000000000002,-5974.000000000002,0.0038380685357072
-5.924000000000001,-5924.000000000001,0.0071876874802849
-5.874000000000002,-5874.000000000003,0.0113767921830078
-5.824000000000002,-5824.000000000002,0.0161750240909964
-5.774000000000001,-5774.000000000001,0.0215266478463674
-5.724000000000002,-5724.000000000002,0.0266046098284917
-5.674000000000001,-5674.000000000001,0.031519974137132
-5.624000000000002,-5624.000000000003,0.0359471361264096
-5.574000000000002,-5574.000000000002,0.0402778156331056
-5.524000000000001,-5524.000000000001,0.0441912847927747
-5.474000000000002,-5474.000000000002,0.0476084214125173
-5.424000000000001,-5424.000000000001,0.0507535414226645
-5.374000000000002,-5374.000000000003,0.054279991065757
-5.324000000000002,-5324.000000000002,0.0574906340442502
-5.274000000000001,-5274.000000000001,0.0603754578472795
-5.224000000000002,-5224.000000000002,0.0631911357322308
-5.174000000000001,-5174.000000000001,0.0668889256135679
-5.124000000000002,-5124.000000000003,0.0693950229237844
-5.074000000000002,-5074.000000000002,0.0731660253827517
-5.024000000000001,-5024.000000000001,0.0762927290733096
-4.974000000000002,-4974.000000000002,0.0792304298797827
-4.924000000000001,-4924.000000000001,0.0824980148463259
-4.874000000000002,-4874.000000000003,0.0856799250231149
-4.824000000000002,-4824.000000000002,0.0893031204877123
-4.774000000000001,-4774.000000000001,0.0931554108276837
-4.724000000000002,-4724.000000000002,0.0964759968513591
-4.674000000000001,-4674.000000000001,0.1003576971491398
-4.624000000000002,-4624.000000000003,0.1036994356328778
-4.574000000000002,-4574.000000000002,0.107599768243446
-4.524000000000001,-4524.000000000001,0.1118919588482743
-4.474000000000002,-4474.000000000002,0.1154551068989349
-4.424000000000001,-4424.000000000001,0.1199776051603467
-4.374000000000002,-4374.000000000003,0.1248362056916755
-4.324000000000002,-4324.000000000002,0.129764601560839
-4.274000000000001,-4274.000000000001,0.1330163964640049
-4.224000000000002,-4224.000000000002,0.1377188685861114
-4.174000000000001,-4174.000000000001,0.1411780199438306
-4.124000000000002,-4124.000000000003,0.1437931637303326
-4.074000000000002,-4074.000000000002,0.1458848406062908
-4.024000000000001,-4024.000000000001,0.1494427869240566
-3.974000000000002,-3974.000000000002,0.1551810366099164
-3.924000000000001,-3924.000000000001,0.1665605843077423
-3.8740000000000014,-3874.0000000000014,0.1888380822251192
-3.8240000000000016,-3824.000000000002,0.2248005152813222
-3.774000000000001,-3774.000000000001,0.2821341635714141
-3.724000000000002,-3724.000000000002,0.3567247867728289
-3.674000000000001,-3674.000000000001,0.4503359569597092
-3.6240000000000014,-3624.0000000000014,0.5546559746550257
-3.5740000000000016,-3574.000000000002,0.6626098252392475
-3.524000000000001,-3524.000000000001,0.7576198495890857
-3.474000000000002,-3474.000000000002,0.8471880063176831
-3.4240000000000013,-3424.0000000000014,0.911371606567542
-3.3740000000000023,-3374.0000000000023,0.9617804679971108
-3.3240000000000016,-3324.000000000002,0.9996298311607966
-3.274000000000001,-3274.000000000001,1.022898552015223
-3.224000000000002,-3224.000000000002,1.0399401723029067
-3.1740000000000013,-3174.0000000000014,1.0538645154693649
-3.1240000000000023,-3124.0000000000023,1.0724676888222204
-3.0740000000000016,-3074.000000000002,1.089121549770529
-3.024000000000001,-3024.000000000001,1.1171916535776445
-2.974000000000002,-2974.000000000002,1.1512806413543364
-2.9240000000000013,-2924.0000000000014,1.1882795392400236
-2.8740000000000023,-2874.0000000000023,1.2363036906070144
-2.8240000000000016,-2824.000000000002,1.2836317104135688
-2.774000000000001,-2774.000000000001,1.328872883466335
-2.724000000000002,-2724.000000000002,1.368119148146331
-2.6740000000000013,-2674.0000000000014,1.4005066053204196
-2.6240000000000023,-2624.0000000000023,1.4186286306167577
-2.5740000000000016,-2574.000000000002,1.44005840196236
-2.524000000000001,-2524.000000000001,1.4472008248741106
-2.474000000000002,-2474.000000000002,1.4375212956181298
-2.4240000000000013,-2424.0000000000014,1.4218196101261944
-2.3740000000000023,-2374.0000000000023,1.3868093428764765
-2.3240000000000016,-2324.000000000002,1.333230447998175
-2.274000000000001,-2274.000000000001,1.2720964739813194
-2.224000000000002,-2224.000000000002,1.1711467996127491
-2.1740000000000013,-2174.0000000000014,1.0549573899680231
-2.1240000000000023,-2124.0000000000023,0.9326139706381122
-2.0740000000000016,-2074.000000000002,0.8040860856720161
-2.024000000000001,-2024.000000000001,0.6858805869116772
-1.974000000000002,-1974.000000000002,0.5863240385015278
-1.9240000000000013,-1924.0000000000014,0.525063368578184
-1.8740000000000023,-1874.0000000000023,0.5073091972541584
-1.8240000000000016,-1824.0000000000016,0.5469100350545668
-1.774000000000001,-1774.000000000001,0.6543948005220899
-1.7240000000000002,-1724.0000000000002,0.8137328950592903
-1.674000000000003,-1674.000000000003,1.0340085095978615
-1.6240000000000023,-1624.0000000000023,1.2842279472873397
-1.5740000000000016,-1574.0000000000016,1.5465821937038051
-1.524000000000001,-1524.000000000001,1.7946753326417366
-1.4740000000000002,-1474.0000000000002,1.994112483242454
-1.424000000000003,-1424.000000000003,2.1273117665559447
-1.3740000000000023,-1374.0000000000023,2.1998892445846696
-1.3240000000000016,-1324.0000000000016,2.17392316080634
-1.274000000000001,-1274.000000000001,2.0938719325143222
-1.2240000000000002,-1224.0000000000002,1.960294716779454
-1.174000000000003,-1174.000000000003,1.8018313253272724
-1.1240000000000023,-1124.0000000000023,1.6383314008610272
-1.0740000000000016,-1074.0000000000016,1.477529893687559
-1.024000000000001,-1024.000000000001,1.3675106420264354
-0.9740000000000002,-974.0000000000002,1.2689048467043045
-0.924000000000003,-924.0000000000031,1.1980734507145618
-0.8740000000000023,-874.0000000000023,1.147878390238617
-0.8240000000000016,-824.0000000000016,1.1197629895544978
-0.7740000000000009,-774.0000000000009,1.111119771404974
-0.7240000000000002,-724.0000000000002,1.1150066294534329
-0.674000000000003,-674.0000000000031,1.1448620605225928
-0.6240000000000023,-624.0000000000023,1.1954635695515083
-0.5740000000000016,-574.0000000000016,1.2660184589615402
-0.5240000000000009,-524.0000000000009,1.372084326587398
-0.4740000000000002,-474.0000000000002,1.5092675770655062
-0.424000000000003,-424.000000000003,1.6473887949525152
-0.3740000000000023,-374.0000000000023,1.7852513935813352
-0.3240000000000016,-324.0000000000016,1.90868108982957
-0.2740000000000009,-274.0000000000009,1.972766052132164
-0.2240000000000002,-224.0000000000002,2.015632438465698
-0.174000000000003,-174.000000000003,1.981864325814911
-0.1240000000000023,-124.0000000000023,1.913343121086401
-0.0740000000000016,-74.0000000000016,1.798012613512781
-0.0240000000000009,-24.0000000000009,1.6638636809115837
0.0259999999999998,25.9999999999998,1.5283343203614703
0.0759999999999969,75.9999999999969,1.3867677128090623
0.1259999999999976,125.99999999999758,1.2671707448238734
0.1759999999999983,175.9999999999983,1.163251055340152
0.2259999999999991,225.9999999999991,1.0638272816200811
0.2759999999999998,275.9999999999998,0.977956275234466
0.3259999999999969,325.99999999999693,0.8844538484974405
0.3759999999999976,375.9999999999976,0.7989271402627979
0.4259999999999984,425.9999999999984,0.7133646430205337
0.4759999999999991,475.9999999999991,0.6342800452021925
0.5259999999999998,525.9999999999998,0.5705224734630828
0.575999999999997,575.9999999999969,0.5199514004525255
0.6259999999999977,625.9999999999977,0.4882352517301451
0.6759999999999984,675.9999999999984,0.4708438319345214
0.7259999999999991,725.9999999999991,0.4657668465106093
0.7759999999999998,775.9999999999998,0.4730106639152431
0.825999999999997,825.9999999999969,0.4841271354541957
0.8759999999999977,875.9999999999977,0.4897722513603702
0.9259999999999984,925.9999999999984,0.4941008676505467
0.9759999999999992,975.9999999999992,0.4910254787531461
1.0259999999999998,1025.9999999999998,0.4850241042946029
1.075999999999997,1075.999999999997,0.4745132761768632
1.1259999999999977,1125.9999999999977,0.4570018284817717
1.1759999999999984,1175.9999999999984,0.4421191424887692
1.225999999999999,1225.999999999999,0.433892228233338
1.2759999999999998,1275.9999999999998,0.4342046564250015
1.325999999999997,1325.999999999997,0.4496219863477762
1.3759999999999977,1375.9999999999977,0.4809476167827245
1.4259999999999984,1425.9999999999984,0.5195800415147367
1.475999999999999,1475.999999999999,0.5666280701228045
1.5259999999999998,1525.9999999999998,0.616156255308991
1.575999999999997,1575.999999999997,0.6553583663025787
1.6259999999999977,1625.9999999999977,0.6948627279856443
1.6759999999999984,1675.9999999999984,0.7310532722869573
1.725999999999999,1725.999999999999,0.7543120789867251
1.7759999999999998,1775.9999999999998,0.7814854814860557
1.825999999999997,1825.999999999997,0.8047731373191281
1.8759999999999977,1875.9999999999977,0.8284626358569941
1.9259999999999984,1925.9999999999984,0.8507420013870534
1.975999999999999,1975.999999999999,0.8770626719218471
2.026,2025.9999999999998,0.903750197663459
2.075999999999997,2075.999999999997,0.9343034329108604
2.1259999999999977,2125.9999999999977,0.9587067215308568
2.1759999999999984,2175.999999999998,0.9798294030580564
2.225999999999999,2225.999999999999,1.006758879563715
2.276,2276.0,1.0128422103583996
2.325999999999997,2325.999999999997,1.0137876918138922
2.3759999999999977,2375.9999999999977,1.011853714766526
2.4259999999999984,2425.999999999998,1.0233096754090074
2.475999999999999,2475.999999999999,1.0449460483136457
2.526,2526.0,1.0721463665893944
2.575999999999997,2575.999999999997,1.1218439963450306
2.6259999999999977,2625.9999999999977,1.1747678362000462
2.6759999999999984,2675.999999999998,1.2264417249941948
2.725999999999999,2725.999999999999,1.273288416424336
2.776,2776.0,1.303826162578145
2.825999999999997,2825.999999999997,1.3158157856817614
2.8759999999999977,2875.9999999999977,1.3090215826385985
2.9259999999999984,2925.999999999998,1.294245199930287
2.975999999999999,2975.999999999999,1.2955970818746465
3.026,3026.0,1.3025503122473203
3.075999999999997,3075.999999999997,1.3229637174086617
3.1259999999999977,3125.9999999999977,1.350128167346544
3.1759999999999984,3175.999999999998,1.400517239688055
3.225999999999999,3225.999999999999,1.4417823079142196
3.276,3276.0,1.4802517066329135
3.325999999999997,3325.999999999997,1.4965191495246404
3.3759999999999977,3375.9999999999977,1.483083782994258
3.4259999999999984,3425.999999999998,1.4673973000586058
3.475999999999999,3475.999999999999,1.4308940694015464
3.526,3526.0,1.412408379756815
3.575999999999997,3575.999999999997,1.398003746551847
3.6259999999999977,3625.9999999999977,1.430459506885568
3.6759999999999984,3675.999999999998,1.4899091727353608
3.725999999999999,3725.999999999999,1.6254828353401545
3.776,3776.0,1.7951116093022716
3.825999999999997,3825.999999999997,2.0125272430167747
3.8759999999999977,3875.9999999999977,2.249099239713758
3.9259999999999984,3925.999999999998,2.436242109702253
3.975999999999999,3975.999999999999,2.563686006350029
4.026,4026.0,2.561102839810561
4.075999999999997,4075.999999999997,2.417415326304124
4.125999999999998,4125.999999999997,2.1955481757873514
4.175999999999998,4175.999999999998,1.92275346988826
4.225999999999999,4225.999999999999,1.6271229323291796
4.276,4276.0,1.368626494639105
4.325999999999997,4325.999999999997,1.168023210314174
4.375999999999998,4375.999999999997,1.0321076240507476
4.425999999999998,4425.999999999998,0.949168619891814
4.475999999999999,4475.999999999999,0.9141288227693608
4.526,4526.0,0.8941778776041635
4.575999999999997,4575.999999999997,0.8835148059309617
4.625999999999998,4625.999999999997,0.8612073052816239
4.675999999999998,4675.999999999998,0.8332381095706871
4.725999999999999,4725.999999999999,0.7922430449815107
4.776,4776.0,0.741886322065196
4.825999999999997,4825.999999999997,0.6897415577026007
4.875999999999998,4875.999999999997,0.6495442224427359
4.925999999999998,4925.999999999998,0.6195291403068954
4.975999999999999,4975.999999999999,0.6110037625050054
5.026,5026.0,0.6210688561424829
5.075999999999997,5075.999999999997,0.6463085602788293
5.125999999999998,5125.999999999997,0.6834136312890432
5.175999999999998,5175.999999999998,0.7064470787545012
5.225999999999999,5225.999999999999,0.7100358533065647
5.276,5276.0,0.6845170910331185
5.325999999999997,5325.999999999997,0.6483605336955949
5.375999999999998,5375.999999999997,0.5925118826325722
5.425999999999998,5425.999999999998,0.541875110896974
5.475999999999999,5475.999999999999,0.4952215100676723
5.526,5526.0,0.4660705219812794
5.575999999999997,5575.999999999997,0.4537737304353273
5.625999999999998,5625.999999999997,0.4579116784631639
5.675999999999998,5675.999999999998,0.4726148918257232
5.725999999999999,5725.999999999999,0.4846219481457415
5.776,5776.0,0.4857015027750947
5.825999999999997,5825.999999999997,0.4791016098846488
5.875999999999998,5875.999999999997,0.4563257201136667
5.925999999999998,5925.999999999998,0.4241566358499189
5.975999999999999,5975.999999999999,0.3871104903280083
6.026,6026.0,0.3540873999777258
6.075999999999997,6075.999999999997,0.3328026799820701
6.125999999999998,6125.999999999997,0.3204624726516802
6.175999999999998,6175.999999999998,0.3223784942638096
6.225999999999999,6225.999999999999,0.3296154918125439
6.276,6276.0,0.3460476344754071
6.325999999999997,6325.999999999997,0.3594264174808557
6.375999999999998,6375.999999999997,0.3773865755961602
6.425999999999998,6425.999999999998,0.3916119405831831
6.475999999999999,6475.999999999999,0.3958516414399778
6.526,6526.0,0.3968673661780144
6.575999999999997,6575.999999999997,0.3893729794683833
6.625999999999998,6625.999999999997,0.3719338154171158
6.675999999999998,6675.999999999998,0.348734614965379
6.725999999999999,6725.999999999999,0.3265734101483584
6.776,6776.0,0.3081176034840123
6.825999999999997,6825.999999999997,0.2933633591111841
6.875999999999998,6875.999999999997,0.2888661542748502
6.925999999999998,6925.999999999998,0.2884999490136101
6.975999999999999,6975.999999999999,0.2968589762013401
7.026,7026.0,0.3098219516874144
7.075999999999997,7075.999999999997,0.3199746328862468
7.125999999999998,7125.999999999997,0.3314077440891461
7.175999999999998,7175.999999999998,0.3405446282835249
7.225999999999999,7225.999999999999,0.3451137791125493
7.276,7276.0,0.3388888591366151
7.325999999999997,7325.999999999997,0.3305742845109909
7.375999999999998,7375.999999999997,0.3155196961001072
7.425999999999998,7425.999999999998,0.2963943921375453
7.475999999999999,7475.999999999999,0.2835462210663685
7.526,7526.0,0.2710024648166835
7.575999999999997,7575.999999999997,0.2699564683199861
7.625999999999998,7625.999999999997,0.2743465520635593
7.675999999999998,7675.999999999998,0.2835156448637473
7.725999999999999,7725.999999999999,0.297576289527707
7.776,7776.0,0.3076771660299833
7.825999999999997,7825.999999999997,0.3161474937446262
7.875999999999998,7875.999999999997,0.3159963240791325
7.925999999999998,7925.999999999998,0.3135320969693335
7.975999999999999,7975.999999999999,0.30226088108872
8.026,8026.0,0.2900290857317407
8.075999999999997,8075.999999999997,0.2746589710500064
8.125999999999998,8125.999999999997,0.2641816171153194
8.175999999999998,8175.999999999998,0.2559750144951049
8.225999999999999,8226.0,0.2537115619370655
8.276,8276.0,0.2544421850053045
8.325999999999997,8325.999999999996,0.262256785150405
8.375999999999998,8375.999999999998,0.2722014235117312
8.425999999999998,8425.999999999998,0.2803977268758927
8.475999999999999,8476.0,0.2876387355592126
8.526,8526.0,0.2894167076960601
8.575999999999997,8575.999999999996,0.28440291927917
8.625999999999998,8625.999999999998,0.2730408951409301
8.675999999999998,8675.999999999998,0.2609059523304215
8.725999999999999,8726.0,0.2477965958013914
8.776,8776.0,0.2374107252937007
8.825999999999997,8825.999999999996,0.2315876408865121
8.875999999999998,8875.999999999998,0.2308601627004314
8.925999999999998,8925.999999999998,0.2337874273905025
8.975999999999999,8976.0,0.2351395607095795
9.026,9026.0,0.2336001679005108
9.075999999999995,9075.999999999995,0.2295155793869133
9.125999999999998,9125.999999999998,0.2230819176975265
9.175999999999998,9175.999999999998,0.212346441985043
9.226,9226.0,0.2035513579510781
9.276,9276.0,0.1950402540694451
9.325999999999995,9325.999999999995,0.1929047377690616
9.375999999999998,9375.999999999998,0.1933769389799076
9.425999999999998,9425.999999999998,0.1962154982676439
9.476,9476.0,0.2027215712489171
9.526,9526.0,0.2092687266498104
9.575999999999995,9575.999999999995,0.2177605396276818
9.625999999999998,9625.999999999998,0.2258198690697349
9.675999999999998,9675.999999999998,0.2303855396751498
9.726,9726.0,0.2327577542926906
9.776,9776.0,0.2271746336978728
9.825999999999995,9825.999999999995,0.2179330723446668
9.875999999999998,9875.999999999998,0.2032784620460348
9.925999999999998,9925.999999999998,0.1865634832116818
9.976,9976.0,0.1753261368957849
10.026,10026.0,0.1723462810068312
10.075999999999995,10075.999999999995,0.1778742060140591
10.125999999999998,10125.999999999998,0.1930232147219674
10.175999999999998,10175.999999999998,0.2186121641992848
10.226,10226.0,0.2482628841434279
10.276,10276.0,0.2762865836583827
10.325999999999995,10325.999999999995,0.3058688272428393
10.375999999999998,10375.999999999998,0.3306498379943077
10.425999999999998,10425.999999999998,0.3508791998213326
10.476,10476.0,0.3697188322785664
10.526,10526.0,0.3881728615721833
10.575999999999995,10575.999999999995,0.4071335390870433
10.625999999999998,10625.999999999998,0.4247377995618617
10.675999999999998,10675.999999999998,0.4379056469912303
10.726,10726.0,0.4460470632464006
10.776,10776.0,0.4525288249009229
10.825999999999995,10825.999999999995,0.4519213041698536
10.875999999999998,10875.999999999998,0.4457507912896873
10.925999999999998,10925.999999999998,0.4359020913542238
10.976,10976.0,0.4307862672153553
11.026,11026.0,0.4280407290166985
11.075999999999995,11075.999999999995,0.427086738011673
11.125999999999998,11125.999999999998,0.4357839807387491
11.175999999999998,11175.999999999998,0.4460559404983282
11.226,11226.0,0.453095211790889
11.276,11276.0,0.4632455436930299
11.325999999999995,11325.999999999995,0.4654757321254506
11.375999999999998,11375.999999999998,0.4672192677784983
11.425999999999998,11425.999999999998,0.4680602885048185
11.476,11476.0,0.4714394957939255
11.526,11526.0,0.4793907260066374
11.575999999999995,11575.999999999995,0.4929599071125363
11.625999999999998,11625.999999999998,0.5135604364108554
11.675999999999998,11675.999999999998,0.5377160277274838
11.726,11726.0,0.5524353760170434
11.776,11776.0,0.5598152497398576
11.825999999999995,11825.999999999995,0.5565774529571236
11.875999999999998,11875.999999999998,0.5419878503407577
11.925999999999998,11925.999999999998,0.5202653015479886
11.976,11976.0,0.4924485450194242
12.026,12026.0,0.4713529888029655
12.075999999999995,12075.999999999995,0.4528857976444197
12.125999999999998,12125.999999999998,0.4395815521894314
12.175999999999998,12175.999999999998,0.434473512652037
12.226,12226.0,0.4313678647577486
12.276,12276.0,0.4302584848555953
12.325999999999995,12325.999999999995,0.422388431980919
12.375999999999998,12375.999999999998,0.4118476946615308
12.425999999999998,12425.999999999998,0.3968561840569106
12.476,12476.0,0.3783019014387819
12.526,12526.0,0.3635843779281444
12.575999999999995,12575.999999999995,0.3576815032845492
12.625999999999998,12625.999999999998,0.3544975785842439
12.675999999999998,12675.999999999998,0.3609820143171443
12.726,12726.0,0.3693151385965237
12.776,12776.0,0.3792290157459939
12.825999999999995,12825.999999999995,0.3814222558298899
12.875999999999998,12875.999999999998,0.3817024020986535
12.925999999999998,12925.999999999998,0.3727219416361499
12.976,12976.0,0.3613412458576444
13.026,13026.0,0.3511392530637711
13.075999999999995,13075.999999999995,0.3398266738088499
13.125999999999998,13125.999999999998,0.3339013516700182
13.175999999999998,13175.999999999998,0.3328548317273234
13.226,13226.0,0.3334293826344453
13.276,13276.0,0.3343212214647327
13.325999999999995,13325.999999999995,0.3334838471919388
13.375999999999998,13375.999999999998,0.335670005425765
13.425999999999998,13425.999999999998,0.3347253499928696
13.476,13476.0,0.3306559679923193
13.526,13526.0,0.3277491698962281
13.575999999999995,13575.999999999995,0.3258926095581241
13.625999999999998,13625.999999999998,0.3216962728572939
13.675999999999998,13675.999999999998,0.3145395594953809
13.726,13726.0,0.3099817637552553
13.776,13776.0,0.3051353528672507
13.825999999999995,13825.999999999995,0.3025297305837893
13.875999999999998,13875.999999999998,0.2959739262635931
13.925999999999998,13925.999999999998,0.2936945593696583
13.976,13976.0,0.2911109404202149
14.026,14026.0,0.287776717109416
14.075999999999995,14075.999999999995,0.2863191797103023
14.125999999999998,14125.999999999998,0.2835075548925028
14.175999999999998,14175.999999999998,0.2847679364302598
14.225999999999996,14225.999999999996,0.2839189473413003
14.276,14276.0,0.2839006775636843
14.325999999999995,14325.999999999995,0.2844502559973239
14.376,14376.0,0.2834979300388656
14.425999999999998,14425.999999999998,0.2849305643082732
14.475999999999996,14475.999999999996,0.2857506187377463
14.526,14526.0,0.2878131724253813
14.575999999999995,14575.999999999995,0.2912630379064627
14.626,14626.0,0.2968852940394678
14.675999999999998,14675.999999999998,0.3027376546267291
14.725999999999996,14725.999999999996,0.3102354247053447
14.776,14776.0,0.3149945080402083
14.825999999999995,14825.999999999995,0.3194319977991555
14.876,14876.0,0.3244971354334321
14.925999999999998,14925.999999999998,0.3240542315697643
14.975999999999996,14975.999999999996,0.3217680695068448
15.026,15026.0,0.3144881124456769
15.075999999999995,15075.999999999995,0.3057759397179186
15.126,15126.0,0.2916271370865628
15.175999999999998,15175.999999999998,0.27518746969249
15.225999999999996,15225.999999999996,0.2566643509325216
15.276,15276.0,0.2369959721522455
15.325999999999995,15325.999999999995,0.2179320477287435
15.376,15376.0,0.1982358770704434
15.425999999999998,15425.999999999998,0.1774132580249388
15.475999999999996,15475.999999999996,0.1577185526870915
15.526,15526.0,0.1396848738702749
15.575999999999995,15575.999999999995,0.12223157703222
15.626,15626.0,0.1056454415733353
15.675999999999998,15675.999999999998,0.0899043807935189
15.725999999999996,15725.999999999996,0.074314321019079
15.776,15776.0,0.0606330640171375
15.825999999999995,15825.999999999995,0.0487563606370459
15.876,15876.0,0.0391600497097286
15.925999999999998,15925.999999999998,0.0319159040226006
15.975999999999996,15975.999999999996,0.0269761961975999
16.026,16026.0,0.0230998344716168
16.075999999999997,16075.999999999996,0.0201001286887134
16.126,16126.000000000002,0.0174332460654011
16.176,16175.999999999998,0.0147696800420363
16.225999999999996,16225.999999999996,0.0120636114019218
16.276,16276.0,0.0095088308677136
16.325999999999997,16325.999999999996,0.007330385678663
16.376,16376.000000000002,0.0054675569842002
16.426,16426.0,0.0038872806629157
16.475999999999996,16475.999999999996,0.0025782054967731
16.526,16526.0,0.0014638528997516
16.575999999999997,16575.999999999996,0.000619482916239
16.626,16626.0,4.555380355195597e-05
16.676,16676.0,-0.0002774911390829
16.725999999999996,16725.999999999996,-0.0003969503162675
16.776,16776.0,-0.0003801162598999
16.825999999999997,16825.999999999996,-0.0003029839859526
16.876,16876.0,-0.0002080921305722
16.926,16926.0,-0.0001294107973211
16.975999999999996,16975.999999999996,-7.207031411049129e-05
17.026,17026.0,-3.672305861579332e-05
17.075999999999997,17075.999999999996,-1.7294282826931926e-05
17.126,17126.0,-7.469053448381348e-06
17.176,17176.0,-2.9863790793663552e-06
