frecuencia_THz,energia_meV,alpha2F
0.003432423677226292,0.014195363734620001,0.0019944342747819943
0.010297303930098155,0.04258622726079,0.006137558999903582
0.0171622170813893,0.07097722684388999,0.009828827773859869
0.02402713023268044,0.09936822642698999,0.01465629432738407
0.030892043383971588,0.12775922601009,0.01879026051314881
0.03775685784000489,0.1561498174224,0.023376400231376965
0.044621770991296036,0.18454081700549999,0.027886178196478602
0.05148668414258718,0.2129318165886,0.03320849013643827
0.05835159729387832,0.24132281617169998,0.03708939935710079
0.06521651044516948,0.2697138157548,0.04214815177357431
0.07208142359646061,0.29810481533789995,0.04633402487447726
0.07894633674775176,0.326495814921,0.05266838333041029
0.0858112498990429,0.3548868145041,0.057182954753464084
0.09267616305033403,0.38327781408719996,0.059641414224312864
0.09954107620162518,0.41166881367029995,0.06371298825589791
0.10640598935291634,0.4400598132534,0.06489882016687257
0.11327090250420747,0.4684508128365,0.06578626906518571
0.12013581565549863,0.4968418124196,0.06804627751379615
0.12700072880678978,0.5252328120027,0.07093695896261289
0.13386564195808093,0.5536238115858,0.07368837030619807
0.14073055510937205,0.5820148111689,0.0773994229891198
0.1475954682606632,0.610405810752,0.08068796893461784
0.15446038141195434,0.6387968103350999,0.08337532016215575
0.16132529456324549,0.6671878099181999,0.09337064947717917
0.16819020771453666,0.6955788095013,0.09649162785548304
0.17505512086582778,0.7239698090844,0.10711142385724609
0.1819200340171189,0.7523608086674999,0.12745276156014657
0.18878494716841007,0.7807518082506,0.13025312087185556
0.19564986031970122,0.8091428078337,0.1409563481049285
0.20251477347099234,0.8375338074167998,0.14494405620758366
0.20937968662228348,0.8659248069998999,0.1466105462319627
0.21624459977357463,0.8943158065829999,0.1595895370585461
0.22310951292486578,0.9227068061660999,0.16937991154179297
0.22997442607615695,0.9510978057492,0.17092937040037406
0.2368393392274481,0.9794888053323,0.18174350441499282
0.24370425237873924,1.0078798049154,0.1951311934592665
0.2505691655300304,1.0362708044985,0.19912280404484345
0.25743407868132145,1.0646618040815998,0.21475487563573029
0.26429899183261263,1.0930528036646998,0.2279892158589661
0.27116390498390375,1.1214438032477998,0.24879799758426954
0.278028818135195,1.1498348028309,0.2586334536334659
0.2848937312864861,1.178225802414,0.2847705947154885
0.2917586444377772,1.2066168019971,0.3120831428159536
0.2986235575890684,1.2350078015802,0.3269581481890507
0.3054884707403595,1.2633988011633,0.3561238758809797
0.3123533838916507,1.2917898007464,0.40256166760185635
0.3192182970429418,1.3201808003295,0.43347007195892784
0.3260832101942329,1.3485717999126,0.4585756942066028
0.3329484523297169,1.376964160065,0.49162655335185984
0.33981435243358643,1.4053592413559999,0.6059448556004987
0.346676962695528,1.433740716954,0.6521076039086512
0.3535428627993975,1.4621357982449998,0.8100783252349799
0.3604087629032671,1.490530879536,0.7833950528058178
0.36727137316520864,1.518912355134,0.8020007658671057
0.37413727326907814,1.547307436425,0.809567793853705
0.3810031733729477,1.5757025177159998,0.8152676926839543
0.3878657836348892,1.6040839933139999,0.8750514731680394
0.3947316837387588,1.632479074605,1.00628368998303
0.4015975838426284,1.660874155896,1.1006616431482805
0.40846348394649784,1.6892692371869997,1.1327847412950154
0.4153260942084394,1.717650712785,1.1844982618835758
0.4221919943123089,1.7460457940759997,1.224513805799188
0.42905789441617853,1.7744408753669998,1.4087099403999555
0.43592050467812005,1.8028223509649999,1.271852252860223
0.4427864047819896,1.831217432256,1.1560882550723952
0.4496523048858592,1.859612513547,1.1160541087329607
0.4565149151478007,1.887993989145,1.1047264844498517
0.46338081525167024,1.916389070436,1.034545902271973
0.4702467153555398,1.944784151727,0.9923757829348591
0.47711261545940936,1.973179233018,0.9993255623931593
0.4839752257213508,2.0015607086159997,0.9414948857767702
0.49084112582522044,2.029955789907,0.9488932129870478
0.49770702592909,2.058350871198,0.8980143251326349
0.5045696361910315,2.086732346796,0.9191101264949895
0.511435536294901,2.115127428087,0.8755347400821935
0.5183014363987706,2.1435225093779997,0.8816660948851017
0.525164046660712,2.171903984976,0.8616506170668877
0.5320299467645817,2.200299066267,0.8480006255672772
0.5388958468684513,2.228694147558,0.8471081104701037
0.5457617469723208,2.257089228849,0.8306461643404469
0.5526243572342623,2.285470704447,0.8395159157600924
0.5594902573381318,2.313865785738,0.84240275367788
0.5663561574420014,2.3422608670289997,0.7684839530167991
0.5732187677039429,2.370642342627,0.7672918411669492
0.5800846678078125,2.399037423918,0.756185268781823
0.586950567911682,2.4274325052089996,0.7097117097639669
0.5938131781736236,2.455813980807,0.6947171850833656
0.600679078277493,2.4842090620979995,0.6792575723400646
0.6075449783813627,2.512604143389,0.6465791490994394
0.6144075886433041,2.540985618987,0.6501549741620662
0.6212734887471737,2.569380700278,0.6152446342635152
0.6281393888510434,2.597775781569,0.5919854495970879
0.6350052889549128,2.6261708628599996,0.6046194578334576
0.6418678992168544,2.654552338458,0.5733993353993513
0.648733799320724,2.682947419749,0.5511081024319077
0.6555996994245935,2.71134250104,0.5429787657687636
0.662462309686535,2.739723976638,0.5405276001211817
0.6693282097904045,2.768119057929,0.5087465206229848
0.6761941098942741,2.7965141392199997,0.5227514959934066
0.6830567201562155,2.824895614818,0.49960372878917625
0.6899226202600851,2.8532906961089997,0.4852333439381731
0.6967885203639548,2.8816857774,0.47936471378741274
0.7036544204678243,2.910080858691,0.49256257025937045
0.7105170307297658,2.938462334289,0.47273590920722436
0.7173829308336354,2.96685741558,0.4950519617165671
0.7242488309375049,2.9952524968709997,0.46352953223158
0.7311114411994464,3.023633972469,0.4320381089736077
0.7379773413033159,3.0520290537599997,0.4233911918637935
0.7448432414071856,3.080424135051,0.41662365071957413
0.751705851669127,3.1088056106489996,0.3987924558752968
0.7585717517729966,3.13720069194,0.3750723063062728
0.7654376518768662,3.165595773231,0.37884267250927667
0.7723035519807357,3.1939908545219997,0.3802320819466886
0.7791661622426772,3.22237233012,0.3720078665521851
0.7860320623465468,3.2507674114109997,0.3621549382389263
0.7928979624504164,3.279162492702,0.36404807080336676
0.7997605727123578,3.3075439682999996,0.35388344403679534
0.8066264728162275,3.335939049591,0.34059087925720755
0.8134923729200971,3.3643341308820003,0.3470263931218134
0.8203549831820385,3.39271560648,0.3307699888107807
0.8272208832859081,3.4211106877710002,0.3428435320731825
0.8340867833897776,3.4495057690619997,0.3224906847606364
0.8409526834936472,3.4779008503529996,0.3268987838163791
0.8478152937555886,3.5062823259509996,0.32391241679880706
0.8546811938594582,3.5346774072419995,0.32696939275844866
0.8615470939633278,3.563072488533,0.31638999491570785
0.8684097042252692,3.5914539641309995,0.3078683719559484
0.8752756043291389,3.619849045422,0.3204782011665758
0.8821415044330084,3.6482441267129997,0.31197488139180507
0.8890041146949499,3.6766256023109998,0.31456249430012484
0.8958700147988196,3.705020683602,0.30401795522066366
0.9027359149026891,3.733415764893,0.3011820102967659
0.9096018150065588,3.7618108461840003,0.3101964589372723
0.9164644252685001,3.790192321782,0.29999119458386825
0.9233303253723696,3.8185874030729994,0.30402267014972845
0.9301962254762393,3.8469824843639997,0.30419845390739386
0.9370588357381806,3.8753639599619993,0.28789138569141953
0.9439247358420503,3.9037590412529997,0.2990448389396007
0.9507906359459198,3.9321541225439995,0.30054989707134344
0.9576532462078613,3.9605355981419996,0.28340888579720386
0.964519146311731,3.988930679433,0.29337507439760396
0.9713850464156005,4.017325760724,0.285988410978677
0.9782509465194702,4.045720842015,0.2843904538927447
0.9851135567814115,4.074102317613,0.28050031275262305
0.9919794568852812,4.102497398904,0.2798066041290685
0.9988453569891509,4.130892480195,0.2815850028785304
1.0057079672510922,4.159273955793,0.27857589578024766
1.0125738673549618,4.1876690370839995,0.2808986744912586
1.0194397674588314,4.216064118375,0.27011806893872004
1.0263023777207727,4.2444455939729995,0.27866738342636094
1.0331682778246425,4.272840675264,0.2814281130438325
1.040034177928512,4.301235756555,0.2686934806099136
1.0468967881904534,4.329617232153,0.26510934984877066
1.0537626882943232,4.358012313444,0.2666065658050055
1.0606285883981925,4.3864073947349995,0.27195638559929236
1.067494488502062,4.414802476026,0.27090320033500764
1.0743570987640036,4.4431839516239995,0.2711433773620149
1.0812229988678732,4.471579032915,0.26337615099421946
1.0880888989717428,4.499974114206,0.2583386295696645
1.0949515092336843,4.528355589804,0.2555345889542017
1.1018174093375537,4.556750671094999,0.26293040567220116
1.1086833094414235,4.5851457523859995,0.2616624006885374
1.1155459197033648,4.613527227983999,0.2596860791113565
1.1224118198072344,4.6419223092749995,0.25759912158878634
1.1292777199111041,4.670317390566,0.25061192685465894
1.1361436200149737,4.698712471857,0.2614226997067961
1.143006230276915,4.727093947455,0.25937812293567486
1.1498721303807848,4.755489028746,0.25467907853753646
1.1567380304846542,4.7838841100369995,0.25823938627098836
1.1636006407465957,4.812265585635,0.24690473189964168
1.1704665408504655,4.840660666926,0.24966453343012013
1.1773324409543349,4.869055748217,0.2501743229717294
1.1841950512162764,4.897437223815,0.25020871581292786
1.191060951320146,4.925832305106,0.24401600826715056
1.1979268514240153,4.954227386396999,0.2482301221019616
1.204792751527885,4.9826224676879995,0.24875177975014065
1.2116553617898265,5.011003943285999,0.24674153211782557
1.218521261893696,5.0393990245769995,0.24485304727396132
1.2253871619975656,5.067794105868,0.2392962077053956
1.2322497722595072,5.0961755814659995,0.24546542838733376
1.2391156723633767,5.124570662757,0.23867668266876182
1.2459815724672463,5.152965744048,0.23653656292953373
1.2528441827291878,5.181347219646,0.2348820949024217
1.2597100828330574,5.209742300937,0.23882275978793757
1.2665759829369272,5.238137382228,0.23041970325538075
1.2734418830407965,5.266532463519,0.23255393154689308
1.2803044933027379,5.2949139391169995,0.23517097129166042
1.2871703934066077,5.323309020408,0.2319511740029625
1.294036293510477,5.351704101698999,0.23834098711410848
1.3008989037724186,5.380085577297,0.23041419738477417
1.3077648038762881,5.408480658587999,0.2404496629493814
1.3146307039801577,5.4368757398789995,0.23196949928779312
1.3214933142420993,5.465257215477,0.2303211885358043
1.3283592143459688,5.4936522967679995,0.23772404410774944
1.3352251144498384,5.522047378059,0.22949661853167821
1.342091014553708,5.55044245935,0.23080784890232378
1.3489536248156495,5.578823934948,0.22953544895032166
1.355819524919519,5.607219016239,0.22509571063328057
1.3626854250233884,5.6356140975299995,0.2262297663681024
1.36954803528533,5.663995573127999,0.23079033182225417
1.3764139353891995,5.6923906544189995,0.22527300672852538
1.383279835493069,5.72078573571,0.2360845985198151
1.3901424457550107,5.7491672113079995,0.22727754954356763
1.3970083458588802,5.777562292599,0.23567683603181871
1.40387424596275,5.80595737389,0.24170982778608913
1.4107401460666193,5.8343524551809995,0.2444547615263994
1.417602756328561,5.862733930779,0.24213499713074244
1.4244686564324305,5.8911290120699995,0.23847586721233235
1.4313345565363,5.919524093361,0.24987369626185624
1.4381971667982414,5.9479055689589995,0.24816425187776825
1.4450630669021112,5.97630065025,0.2571458174028507
1.4519289670059805,6.004695731540999,0.2591004225071059
1.458791577267922,6.033077207139,0.25818266277518775
1.4656574773717916,6.061472288429999,0.2585121997153289
1.4725233774756612,6.0898673697209995,0.27373722446417825
1.4793859877376025,6.118248845318999,0.26696720211168545
1.4862518878414723,6.1466439266099995,0.27695583337890817
1.493117787945342,6.175039007901,0.2841861213075777
1.4999836880492114,6.203434089192,0.2827590400227474
1.506846298311153,6.23181556479,0.28960310174011106
1.5137121984150226,6.260210646081,0.3074022274992794
1.5205780985188921,6.288605727372,0.31599725750723706
1.5274407087808337,6.31698720297,0.3371841230774764
1.5343066088847033,6.345382284261,0.39019952506872174
1.5411725089885728,6.373777365552,0.3713311755988598
1.5480351192505144,6.40215884115,0.34467677658685647
1.5549010193543837,6.430553922441,0.3245829663081683
1.5617669194582533,6.458949003731999,0.32824493164722723
1.5686328195621229,6.4873440850229995,0.3136281214318664
1.5754954298240642,6.515725560620999,0.3136814239163465
1.582361329927934,6.5441206419119995,0.317494668241665
1.5892272300318036,6.572515723203,0.3048557792029287
1.596089840293745,6.6008971988009995,0.3112083468900393
1.6029557403976147,6.629292280092,0.30165348995449076
1.609821640501484,6.657687361382999,0.3064315453167284
1.6166842507634254,6.686068836980999,0.30036858947482026
1.6235501508672951,6.714463918271999,0.29301914325068895
1.6304160509711647,6.7428589995629995,0.2941907028235767
1.6372819510750343,6.771254080854,0.2995329806933342
1.6441445613369758,6.7996355564519995,0.29916349946575826
1.6510104614408454,6.828030637743,0.30419352586610804
1.657876361544715,6.856425719033999,0.29534623252631215
1.6647389718066565,6.884807194632,0.2925687651511845
1.671604871910526,6.913202275923,0.29201669353313664
1.6784707720143957,6.9415973572139995,0.2945715247111203
1.6853333822763372,6.969978832812,0.3021860645089412
1.6921992823802066,6.9983739141029995,0.3087659901668121
1.6990651824840763,7.026768995394,0.3153987776158148
1.705931082587946,7.055164076685,0.3105054879385096
1.7127936928498873,7.083545552283,0.3048696200445787
1.719659592953757,7.111940633574,0.2818227810865552
1.7265254930576266,7.140335714865,0.2743076424319477
1.733388103319568,7.168717190463,0.2643640874622378
1.7402540034234377,7.197112271754,0.26528630465790976
1.7471199035273073,7.225507353045001,0.26851064952546755
1.7539825137892486,7.253888828643,0.2606820572358492
1.760848413893118,7.282283909933999,0.25363082707475487
1.7677143139969875,7.310678991224999,0.26093730032828094
1.774580214100857,7.3390740725159995,0.2567019083084455
1.7814428243627987,7.367455548113999,0.2616725884602648
1.7883087244666682,7.3958506294049995,0.2535356857033211
1.7951746245705378,7.424245710695999,0.24852159162421647
1.8020372348324794,7.4526271862939995,0.24169238473699675
1.8089031349363487,7.481022267584999,0.24678048593484506
1.8157690350402185,7.509417348875999,0.24379155319172577
1.82263164530216,7.537798824474,0.24461140246747687
1.8294975454060294,7.566193905764999,0.23677685576862678
1.8363634455098992,7.5945889870559995,0.23970757649898602
1.8432293456137687,7.622984068347,0.2405786879290293
1.85009195587571,7.6513655439449995,0.24358866729844178
1.8569578559795799,7.679760625236,0.22721958986771892
1.8638237560834494,7.708155706527,0.2218287401495062
1.8706863663453908,7.736537182125,0.22586041270565
1.8775522664492605,7.764932263416,0.2308010322029235
1.88441816655313,7.793327344707,0.22770875063531829
1.8912807768150715,7.821708820305,0.21955177201931494
1.8981466769189412,7.850103901596,0.22547258221355515
1.9050125770228106,7.878498982887,0.22003574708851795
1.9118751872847521,7.906880458485,0.22191377693903155
1.9187410873886217,7.935275539776,0.22072119606307739
1.9256069874924913,7.963670621067,0.2197413253872172
1.9324728875963606,7.992065702357999,0.2105725332382709
1.9393354978583026,8.020447177956001,0.21504091678868648
1.9462013979621717,8.048842259247,0.20740643052783905
1.9530672980660415,8.077237340538,0.21503663923271
1.9599299083279829,8.105618816136,0.21588875780975475
1.9667958084318524,8.134013897427,0.21283944192594512
1.9736617085357222,8.162408978718,0.21226080976145223
1.9805243187976636,8.190790454316,0.2087879963706886
1.9873902189015331,8.219185535607,0.1995219079243047
1.9942561190054025,8.247580616897999,0.2002026840374961
2.001122019109272,8.275975698188999,0.2073978875119562
2.0079846293712134,8.304357173786999,0.20181756134259807
2.014850529475083,8.332752255077999,0.195562597537165
2.021716429578953,8.361147336369,0.19339614054328091
2.0285790398408943,8.389528811966999,0.19650436875652535
2.035444939944764,8.417923893258,0.1927024659071435
2.0423108400486334,8.446318974549,0.1850359919425494
2.0491734503105747,8.474700450147,0.1814463847545495
2.0560393504144443,8.503095531438,0.17769213294357136
2.0629052505183143,8.531490612729,0.17202199990506775
2.069771150622184,8.55988569402,0.17139109454406734
2.076633760884125,8.588267169618,0.16942488898705194
2.0834996609879948,8.616662250909,0.17867098361496866
2.0903655610918643,8.6450573322,0.1705746420847629
2.0972281713538057,8.673438807798,0.17239786413898578
2.1040940714576757,8.701833889089,0.16980833962200687
2.110959971561545,8.730228970379999,0.17703196809055313
2.1178225818234866,8.758610445978,0.16932291032193966
2.1246884819273557,8.787005527268999,0.1724549981371882
2.1315543820312253,8.81540060856,0.16894318928644309
2.138420282135095,8.843795689851,0.17023651046194357
2.1452828923970366,8.872177165449,0.17513880207604104
2.152148792500906,8.90057224674,0.17049614584602044
2.1590146926047757,8.928967328031,0.17660561050558868
2.165877302866717,8.957348803629,0.17430351629864854
2.1727432029705867,8.98574388492,0.17510636396425514
2.1796091030744567,9.014138966211,0.17517923755495854
2.186471713336398,9.042520441809,0.17316438177101798
2.1933376134402676,9.0709155231,0.17719223317929236
2.200203513544137,9.099310604391,0.17617473233374453
2.2070694136480062,9.127705685681999,0.16915510074865517
2.213932023909948,9.15608716128,0.16848823373045177
2.2207979240138176,9.184482242570999,0.1740341369574703
2.227663824117687,9.212877323862,0.17389477269130355
2.234526434379629,9.24125879946,0.1774900812634226
2.241392334483498,9.269653880751,0.1744930366724939
2.2482582345873676,9.298048962042,0.1761210511945711
2.255120844849309,9.32643043764,0.17149696024321626
2.261986744953179,9.354825518931,0.17206345351187036
2.2688526450570485,9.383220600222,0.17668202445730177
2.27571525531899,9.41160207582,0.17310202682378747
2.2825811554228594,9.439997157111,0.17499725404274394
2.2894470555267286,9.468392238401998,0.17035977972941244
2.2963129556305986,9.496787319692999,0.17154257947633306
2.30317556589254,9.525168795290998,0.1716638270423786
2.3100414659964095,9.553563876581999,0.1792708169782579
2.316907366100279,9.581958957872999,0.17890087619767858
2.3237699763622204,9.610340433470999,0.1761310280771465
2.33063587646609,9.638735514761999,0.18196505268568744
2.33750177656996,9.667130596053,0.176210126986037
2.3443643868319013,9.695512071650999,0.17922377647757978
2.351230286935771,9.723907152942,0.18018160815163367
2.3580961870396404,9.752302234233,0.18452826329734795
2.36496208714351,9.780697315524,0.1860981042296863
2.3718246974054513,9.809078791122,0.19810542120405347
2.3786905975093213,9.837473872413,0.20710848828531686
2.385556497613191,9.865868953704,0.21319400996433785
2.3924191078751322,9.894250429302,0.20074939898504066
2.399285007979002,9.922645510593,0.18735749346262928
2.4061509080828714,9.951040591884,0.18305152621094758
2.4130135183448127,9.979422067482,0.17902809791997612
2.4198794184486827,10.007817148773,0.1746028096371356
2.4267453185525523,10.036212230064,0.17078460810530965
2.433611218656422,10.064607311355001,0.1639506635246515
2.440473828918363,10.092988786953,0.16032533701962318
2.4473397290222327,10.121383868244001,0.15697674658986516
2.4542056291261023,10.149778949535,0.1567824017605767
2.461068239388044,10.178160425133001,0.155229492367787
2.467934139491913,10.206555506424,0.15364192540697583
2.4748000395957828,10.234950587715,0.15493914228194153
2.481662649857724,10.263332063313,0.15025259681782677
2.4885285499615937,10.291727144604,0.14612926752808142
2.4953944500654632,10.320122225894998,0.14496067461425943
2.502260350169333,10.348517307185999,0.14612156506417404
2.509122960431274,10.376898782783998,0.14753102318728803
2.5159888605351437,10.405293864074999,0.1486478438955647
2.5228547606390133,10.433688945365999,0.14705136054042614
2.5297173709009546,10.462070420963999,0.14792501592982119
2.5365832710048246,10.490465502254999,0.14035363517314475
2.543449171108694,10.518860583546,0.1445138282662599
2.5503117813706355,10.547242059143999,0.14115039061597387
2.557177681474505,10.575637140435,0.1409626813532026
2.5640435815783746,10.604032221726,0.14070860046377887
2.570909481682244,10.632427303017,0.13820393871903866
2.577772091944186,10.660808778615,0.14270655150170913
2.5846379920480556,10.689203859906,0.1449935903741009
2.591503892151925,10.717598941197,0.14349441046288688
2.5983665024138665,10.745980416795,0.1420040519693786
2.605232402517736,10.774375498086,0.14012073672609857
2.612098302621606,10.802770579377,0.13730181410796605
2.6189609128835474,10.831152054975,0.1430345030054125
2.625826812987417,10.859547136266,0.14151727664282282
2.632692713091286,10.887942217556999,0.13939653443101183
2.6395586131951556,10.916337298848,0.1435558288554337
2.646421223457097,10.944718774445999,0.1363263725502729
2.653287123560967,10.973113855737,0.13632411891365617
2.6601530236648365,11.001508937028,0.13833447224413573
2.667015633926778,11.029890412626,0.13699867166674454
2.6738815340306474,11.058285493917,0.13729403242141264
2.680747434134517,11.086680575208,0.13726801674933686
2.6876100443964583,11.115062050806,0.13643637984983883
2.6944759445003283,11.143457132097,0.13711860209349666
2.701341844604198,11.171852213388,0.13834272035339445
2.7082044548661393,11.200233688986,0.1402744923578462
2.715070354970009,11.228628770277,0.13897451761866375
2.721936255073878,11.257023851567999,0.13864722372783198
2.728802155177748,11.285418932858999,0.13827696070922718
2.7356647654396897,11.313800408457,0.13374866979738265
2.742530665543559,11.342195489747999,0.1380893343681684
