energia_eV,E_minus_EF_eV,energia_meV,DOS_electronica
-20.0,-28.924,-28924.0,0.0
-19.98,-28.904,-28904.0,0.0
-19.96,-28.884,-28884.0,0.0
-19.94,-28.864,-28864.0,0.0
-19.92,-28.844,-28844.0,0.0
-19.9,-28.823999999999998,-28823.999999999996,0.0
-19.88,-28.804,-28804.0,0.0
-19.86,-28.784,-28784.0,0.0
-19.84,-28.764,-28764.0,0.0
-19.82,-28.744,-28744.0,0.0
-19.8,-28.724,-28724.0,0.0
-19.78,-28.704,-28704.0,0.0
-19.76,-28.684,-28684.0,0.0
-19.74,-28.663999999999998,-28663.999999999996,0.0
-19.72,-28.644,-28644.0,0.0
-19.7,-28.624,-28624.0,0.0
-19.68,-28.604,-28604.0,0.0
-19.66,-28.584,-28584.0,0.0
-19.64,-28.564,-28564.0,0.0
-19.62,-28.544,-28544.0,0.0
-19.6,-28.524,-28524.0,0.0
-19.58,-28.503999999999998,-28503.999999999996,0.0
-19.56,-28.483999999999998,-28484.0,0.0
-19.54,-28.464,-28464.0,0.0
-19.52,-28.444,-28444.0,0.0
-19.5,-28.424,-28424.0,0.0
-19.48,-28.404,-28404.0,0.0
-19.46,-28.384,-28384.0,0.0
-19.44,-28.364,-28364.0,0.0
-19.42,-28.344,-28344.0,0.0
-19.4,-28.323999999999998,-28323.999999999996,0.0
-19.38,-28.304,-28304.0,0.0
-19.36,-28.284,-28284.0,0.0
-19.34,-28.264,-28264.0,0.0
-19.32,-28.244,-28244.0,0.0
-19.3,-28.224,-28224.0,0.0
-19.28,-28.204,-28204.0,0.0
-19.26,-28.184,-28184.0,0.0
-19.24,-28.163999999999998,-28163.999999999996,0.0
-19.22,-28.144,-28144.0,0.0
-19.2,-28.124,-28124.0,0.0
-19.18,-28.104,-28104.0,0.0
-19.16,-28.084,-28084.0,0.0
-19.14,-28.064,-28064.0,0.0
-19.12,-28.044,-28044.0,0.0
-19.1,-28.024,-28024.0,0.0
-19.08,-28.003999999999998,-28003.999999999996,0.0
-19.06,-27.983999999999998,-27984.0,0.0
-19.04,-27.964,-27964.0,0.0
-19.02,-27.944,-27944.0,0.0
-19.0,-27.924,-27924.0,0.0
-18.98,-27.904,-27904.0,0.0
-18.96,-27.884,-27884.0,0.0
-18.94,-27.864,-27864.0,0.0
-18.92,-27.844,-27844.0,0.0
-18.9,-27.823999999999998,-27823.999999999996,0.0
-18.88,-27.804,-27804.0,0.0
-18.86,-27.784,-27784.0,0.0
-18.84,-27.764,-27764.0,0.0
-18.82,-27.744,-27744.0,0.0
-18.8,-27.724,-27724.0,0.0
-18.78,-27.704,-27704.0,0.0
-18.76,-27.684,-27684.0,0.0
-18.74,-27.663999999999998,-27663.999999999996,0.0
-18.72,-27.644,-27644.0,0.0
-18.7,-27.624,-27624.0,0.0
-18.68,-27.604,-27604.0,0.0
-18.66,-27.584,-27584.0,0.0
-18.64,-27.564,-27564.0,0.0
-18.62,-27.544,-27544.0,0.0
-18.6,-27.524,-27524.0,0.0
-18.58,-27.503999999999998,-27503.999999999996,0.0
-18.56,-27.483999999999998,-27484.0,0.0
-18.54,-27.464,-27464.0,0.0
-18.52,-27.444,-27444.0,0.0
-18.5,-27.424,-27424.0,0.0
-18.48,-27.404,-27404.0,0.0
-18.46,-27.384,-27384.0,0.0
-18.44,-27.364,-27364.0,0.0
-18.42,-27.344,-27344.0,0.0
-18.4,-27.323999999999998,-27323.999999999996,0.0
-18.38,-27.304,-27304.0,0.0
-18.36,-27.284,-27284.0,0.0
-18.34,-27.264,-27264.0,0.0
-18.32,-27.244,-27244.0,0.0
-18.3,-27.224,-27224.0,0.0
-18.28,-27.204,-27204.0,0.0
-18.26,-27.184,-27184.0,0.0
-18.24,-27.163999999999998,-27163.999999999996,0.0
-18.22,-27.144,-27144.0,0.0
-18.2,-27.124,-27124.0,0.0
-18.18,-27.104,-27104.0,0.0
-18.16,-27.084,-27084.0,0.0
-18.14,-27.064,-27064.0,0.0
-18.12,-27.044,-27044.0,0.0
-18.1,-27.024,-27024.0,0.0
-18.08,-27.003999999999998,-27003.999999999996,0.0
-18.06,-26.983999999999998,-26984.0,0.0
-18.04,-26.964,-26964.0,0.0
-18.02,-26.944,-26944.0,0.0
-18.0,-26.924,-26924.0,0.0
-17.98,-26.904,-26904.0,0.0
-17.96,-26.884,-26884.0,0.0
-17.94,-26.864,-26864.0,0.0
-17.92,-26.844,-26844.0,0.0
-17.9,-26.823999999999998,-26823.999999999996,0.0
-17.88,-26.804,-26804.0,0.0
-17.86,-26.784,-26784.0,0.0
-17.84,-26.764,-26764.0,0.0
-17.82,-26.744,-26744.0,0.0
-17.8,-26.724,-26724.0,0.0
-17.78,-26.704,-26704.0,0.0
-17.76,-26.684,-26684.0,0.0
-17.74,-26.663999999999998,-26663.999999999996,0.0
-17.72,-26.644,-26644.0,0.0
-17.7,-26.624,-26624.0,0.0
-17.68,-26.604,-26604.0,0.0
-17.66,-26.584,-26584.0,0.0
-17.64,-26.564,-26564.0,0.0
-17.62,-26.544,-26544.0,0.0
-17.6,-26.524,-26524.0,0.0
-17.58,-26.503999999999998,-26503.999999999996,0.0
-17.56,-26.483999999999998,-26484.0,0.0
-17.54,-26.464,-26464.0,0.0
-17.52,-26.444,-26444.0,0.0
-17.5,-26.424,-26424.0,0.0
-17.48,-26.404,-26404.0,0.0
-17.46,-26.384,-26384.0,0.0
-17.44,-26.364,-26364.0,0.0
-17.42,-26.344,-26344.0,0.0
-17.4,-26.323999999999998,-26323.999999999996,0.0
-17.38,-26.304,-26304.0,0.0
-17.36,-26.284,-26284.0,0.0
-17.34,-26.264,-26264.0,0.0
-17.32,-26.244,-26244.0,0.0
-17.3,-26.224,-26224.0,0.0
-17.28,-26.204,-26204.0,0.0
-17.26,-26.184,-26184.0,0.0
-17.24,-26.163999999999998,-26163.999999999996,0.0
-17.22,-26.144,-26144.0,0.0
-17.2,-26.124,-26124.0,0.0
-17.18,-26.104,-26104.0,0.0
-17.16,-26.084,-26084.0,0.0
-17.14,-26.064,-26064.0,0.0
-17.12,-26.044,-26044.0,0.0
-17.1,-26.024,-26024.0,0.0
-17.08,-26.003999999999998,-26003.999999999996,0.0
-17.06,-25.983999999999998,-25984.0,0.0
-17.04,-25.964,-25964.0,0.0
-17.02,-25.944,-25944.0,0.0
-17.0,-25.924,-25924.0,0.0
-16.98,-25.904,-25904.0,0.0
-16.96,-25.884,-25884.0,0.0
-16.94,-25.864,-25864.0,0.0
-16.92,-25.844,-25844.0,0.0
-16.9,-25.823999999999998,-25823.999999999996,0.0
-16.88,-25.804,-25804.0,0.0
-16.86,-25.784,-25784.0,0.0
-16.84,-25.764,-25764.0,0.0
-16.82,-25.744,-25744.0,0.0
-16.8,-25.724,-25724.0,0.0
-16.78,-25.704,-25704.0,0.0
-16.76,-25.684,-25684.0,0.0
-16.74,-25.663999999999998,-25663.999999999996,0.0
-16.72,-25.644,-25644.0,0.0
-16.7,-25.624,-25624.0,0.0
-16.68,-25.604,-25604.0,0.0
-16.66,-25.584,-25584.0,0.0
-16.64,-25.564,-25564.0,0.0
-16.62,-25.544,-25544.0,0.0
-16.6,-25.524,-25524.0,0.0
-16.58,-25.503999999999998,-25503.999999999996,0.0
-16.56,-25.483999999999998,-25484.0,0.0
-16.54,-25.464,-25464.0,0.0
-16.52,-25.444,-25444.0,0.0
-16.5,-25.424,-25424.0,0.0
-16.48,-25.404,-25404.0,0.0
-16.46,-25.384,-25384.0,0.0
-16.44,-25.364,-25364.0,0.0
-16.42,-25.344,-25344.0,0.0
-16.4,-25.323999999999998,-25323.999999999996,0.0
-16.38,-25.304,-25304.0,0.0
-16.36,-25.284,-25284.0,0.0
-16.34,-25.264,-25264.0,0.0
-16.32,-25.244,-25244.0,0.0
-16.3,-25.224,-25224.0,0.0
-16.28,-25.204,-25204.0,0.0
-16.26,-25.184,-25184.0,0.0
-16.24,-25.163999999999998,-25163.999999999996,0.0
-16.22,-25.144,-25144.0,0.0
-16.2,-25.124,-25124.0,0.0
-16.18,-25.104,-25104.0,0.0
-16.16,-25.084,-25084.0,0.0
-16.14,-25.064,-25064.0,0.0
-16.12,-25.044,-25044.0,0.0
-16.1,-25.024,-25024.0,0.0
-16.08,-25.003999999999998,-25003.999999999996,0.0
-16.06,-24.983999999999998,-24984.0,0.0
-16.04,-24.964,-24964.0,0.0
-16.02,-24.944,-24944.0,0.0
-16.0,-24.924,-24924.0,0.0
-15.98,-24.904,-24904.0,0.0
-15.96,-24.884,-24884.0,0.0
-15.94,-24.863999999999997,-24863.999999999996,0.0
-15.92,-24.844,-24844.0,0.0
-15.9,-24.823999999999998,-24823.999999999996,0.0
-15.88,-24.804000000000002,-24804.000000000004,0.0
-15.86,-24.784,-24784.0,0.0
-15.84,-24.764,-24764.0,0.0
-15.82,-24.744,-24744.0,0.0
-15.8,-24.724,-24724.0,0.0
-15.78,-24.704,-24704.0,0.0
-15.76,-24.683999999999997,-24683.999999999996,0.0
-15.74,-24.664,-24664.0,0.0
-15.72,-24.644,-24644.0,0.0
-15.7,-24.624,-24624.0,0.0
-15.68,-24.604,-24604.0,0.0
-15.66,-24.584,-24584.0,0.0
-15.64,-24.564,-24564.0,0.0
-15.62,-24.543999999999997,-24543.999999999996,0.0
-15.6,-24.524,-24524.0,0.0
-15.58,-24.503999999999998,-24503.999999999996,0.0
-15.56,-24.484,-24484.0,0.0
-15.54,-24.464,-24464.0,0.0
-15.52,-24.444,-24444.0,0.0
-15.5,-24.424,-24424.0,0.0
-15.48,-24.404,-24404.0,0.0
-15.46,-24.384,-24384.0,0.0
-15.44,-24.363999999999997,-24363.999999999996,0.0
-15.42,-24.344,-24344.0,0.0
-15.4,-24.323999999999998,-24323.999999999996,0.0
-15.38,-24.304000000000002,-24304.000000000004,0.0
-15.36,-24.284,-24284.0,0.0
-15.34,-24.264,-24264.0,0.0
-15.32,-24.244,-24244.0,0.0
-15.3,-24.224,-24224.0,0.0
-15.28,-24.204,-24204.0,0.0
-15.26,-24.183999999999997,-24183.999999999996,0.0
-15.24,-24.164,-24164.0,0.0
-15.22,-24.144,-24144.0,0.0
-15.2,-24.124,-24124.0,0.0
-15.18,-24.104,-24104.0,0.0
-15.16,-24.084,-24084.0,0.0
-15.14,-24.064,-24064.0,0.0
-15.12,-24.043999999999997,-24043.999999999996,0.0
-15.1,-24.024,-24024.0,0.0
-15.08,-24.003999999999998,-24003.999999999996,0.0
-15.06,-23.984,-23984.0,0.0
-15.04,-23.964,-23964.0,0.0
-15.02,-23.944,-23944.0,0.0
-15.0,-23.924,-23924.0,0.0
-14.98,-23.904,-23904.0,0.0
-14.96,-23.884,-23884.0,0.0
-14.94,-23.863999999999997,-23863.999999999996,0.0
-14.92,-23.844,-23844.0,0.0
-14.9,-23.823999999999998,-23823.999999999996,0.0
-14.88,-23.804000000000002,-23804.000000000004,0.0
-14.86,-23.784,-23784.0,0.0
-14.84,-23.764,-23764.0,0.0
-14.82,-23.744,-23744.0,0.0
-14.8,-23.724,-23724.0,0.0
-14.78,-23.704,-23704.0,0.0
-14.76,-23.683999999999997,-23683.999999999996,0.0
-14.74,-23.664,-23664.0,0.0
-14.72,-23.644,-23644.0,0.0
-14.7,-23.624,-23624.0,0.0
-14.68,-23.604,-23604.0,0.0
-14.66,-23.584,-23584.0,0.0
-14.64,-23.564,-23564.0,0.0
-14.62,-23.543999999999997,-23543.999999999996,0.0
-14.6,-23.524,-23524.0,0.0
-14.58,-23.503999999999998,-23503.999999999996,0.0
-14.56,-23.484,-23484.0,0.0
-14.54,-23.464,-23464.0,0.0
-14.52,-23.444,-23444.0,0.0
-14.5,-23.424,-23424.0,0.0
-14.48,-23.404,-23404.0,0.0
-14.46,-23.384,-23384.0,0.0
-14.44,-23.363999999999997,-23363.999999999996,0.0
-14.42,-23.344,-23344.0,0.0
-14.4,-23.323999999999998,-23323.999999999996,0.0
-14.38,-23.304000000000002,-23304.000000000004,0.0
-14.36,-23.284,-23284.0,0.0
-14.34,-23.264,-23264.0,0.0
-14.32,-23.244,-23244.0,0.0
-14.3,-23.224,-23224.0,0.0
-14.28,-23.204,-23204.0,0.0
-14.26,-23.183999999999997,-23183.999999999996,0.0
-14.24,-23.164,-23164.0,0.0
-14.22,-23.144,-23144.0,0.0
-14.2,-23.124,-23124.0,0.0
-14.18,-23.104,-23104.0,0.0
-14.16,-23.084,-23084.0,0.0
-14.14,-23.064,-23064.0,0.0
-14.12,-23.043999999999997,-23043.999999999996,0.0
-14.1,-23.024,-23024.0,0.0
-14.08,-23.003999999999998,-23003.999999999996,0.0
-14.06,-22.984,-22984.0,0.0
-14.04,-22.964,-22964.0,0.0
-14.02,-22.944,-22944.0,0.0
-14.0,-22.924,-22924.0,0.0
-13.98,-22.904,-22904.0,0.0
-13.96,-22.884,-22884.0,0.0
-13.94,-22.863999999999997,-22863.999999999996,0.0
-13.92,-22.844,-22844.0,0.0
-13.9,-22.823999999999998,-22823.999999999996,0.0
-13.88,-22.804000000000002,-22804.000000000004,0.0
-13.86,-22.784,-22784.0,0.0
-13.84,-22.764,-22764.0,0.0
-13.82,-22.744,-22744.0,0.0
-13.8,-22.724,-22724.0,0.0
-13.78,-22.704,-22704.0,0.0
-13.76,-22.683999999999997,-22683.999999999996,0.0
-13.74,-22.664,-22664.0,0.0
-13.72,-22.644,-22644.0,0.0
-13.7,-22.624,-22624.0,0.0
-13.68,-22.604,-22604.0,0.0
-13.66,-22.584,-22584.0,0.0
-13.64,-22.564,-22564.0,0.0
-13.62,-22.543999999999997,-22543.999999999996,0.0
-13.6,-22.524,-22524.0,0.0
-13.58,-22.503999999999998,-22503.999999999996,0.0
-13.56,-22.484,-22484.0,0.0
-13.54,-22.464,-22464.0,0.0
-13.52,-22.444,-22444.0,0.0
-13.5,-22.424,-22424.0,0.0
-13.48,-22.404,-22404.0,0.0
-13.46,-22.384,-22384.0,0.0
-13.44,-22.363999999999997,-22363.999999999996,0.0
-13.42,-22.344,-22344.0,0.0
-13.4,-22.323999999999998,-22323.999999999996,0.0
-13.38,-22.304000000000002,-22304.000000000004,0.0
-13.36,-22.284,-22284.0,0.0
-13.34,-22.264,-22264.0,0.0
-13.32,-22.244,-22244.0,0.0
-13.3,-22.224,-22224.0,0.0
-13.28,-22.204,-22204.0,0.0
-13.26,-22.183999999999997,-22183.999999999996,0.0
-13.24,-22.164,-22164.0,0.0
-13.22,-22.144,-22144.0,0.0
-13.2,-22.124,-22124.0,0.0
-13.18,-22.104,-22104.0,0.0
-13.16,-22.084,-22084.0,0.0
-13.14,-22.064,-22064.0,0.0
-13.12,-22.043999999999997,-22043.999999999996,0.0
-13.1,-22.024,-22024.0,0.0
-13.08,-22.003999999999998,-22003.999999999996,0.0
-13.06,-21.984,-21984.0,0.0
-13.04,-21.964,-21964.0,0.0
-13.02,-21.944,-21944.0,0.0
-13.0,-21.924,-21924.0,0.0
-12.98,-21.904,-21904.0,0.0
-12.96,-21.884,-21884.0,0.0
-12.94,-21.863999999999997,-21863.999999999996,0.0
-12.92,-21.844,-21844.0,0.0
-12.9,-21.823999999999998,-21823.999999999996,0.0
-12.88,-21.804000000000002,-21804.000000000004,0.0
-12.86,-21.784,-21784.0,0.0
-12.84,-21.764,-21764.0,0.0
-12.82,-21.744,-21744.0,0.0
-12.8,-21.724,-21724.0,0.0
-12.78,-21.704,-21704.0,0.0
-12.76,-21.683999999999997,-21683.999999999996,0.0
-12.74,-21.664,-21664.0,0.0
-12.72,-21.644,-21644.0,0.0
-12.7,-21.624,-21624.0,0.0
-12.68,-21.604,-21604.0,0.0
-12.66,-21.584,-21584.0,0.0
-12.64,-21.564,-21564.0,0.0
-12.62,-21.543999999999997,-21543.999999999996,0.0
-12.6,-21.524,-21524.0,0.0
-12.58,-21.503999999999998,-21503.999999999996,0.0
-12.56,-21.484,-21484.0,0.0
-12.54,-21.464,-21464.0,0.0
-12.52,-21.444,-21444.0,0.0
-12.5,-21.424,-21424.0,0.0
-12.48,-21.404,-21404.0,0.0
-12.46,-21.384,-21384.0,0.0
-12.44,-21.363999999999997,-21363.999999999996,0.0
-12.42,-21.344,-21344.0,0.0
-12.4,-21.323999999999998,-21323.999999999996,0.0
-12.38,-21.304000000000002,-21304.000000000004,0.0
-12.36,-21.284,-21284.0,0.0
-12.34,-21.264,-21264.0,0.0
-12.32,-21.244,-21244.0,0.0
-12.3,-21.224,-21224.0,0.0
-12.28,-21.204,-21204.0,0.0
-12.26,-21.183999999999997,-21183.999999999996,0.0
-12.24,-21.164,-21164.0,0.0
-12.22,-21.144,-21144.0,0.0
-12.2,-21.124,-21124.0,0.0
-12.18,-21.104,-21104.0,0.0
-12.16,-21.084,-21084.0,0.0
-12.14,-21.064,-21064.0,0.0
-12.12,-21.043999999999997,-21043.999999999996,0.0
-12.1,-21.024,-21024.0,0.0
-12.08,-21.003999999999998,-21003.999999999996,0.0
-12.06,-20.984,-20984.0,0.0
-12.04,-20.964,-20964.0,0.0
-12.02,-20.944,-20944.0,0.0
-12.0,-20.924,-20924.0,0.0
-11.98,-20.904,-20904.0,0.0
-11.96,-20.884,-20884.0,0.0
-11.94,-20.863999999999997,-20863.999999999996,0.0
-11.92,-20.844,-20844.0,0.0
-11.9,-20.823999999999998,-20823.999999999996,0.0
-11.88,-20.804000000000002,-20804.000000000004,0.0
-11.86,-20.784,-20784.0,0.0
-11.84,-20.764,-20764.0,0.0
-11.82,-20.744,-20744.0,0.0
-11.8,-20.724,-20724.0,0.0
-11.78,-20.704,-20704.0,0.0
-11.76,-20.683999999999997,-20683.999999999996,0.0
-11.74,-20.664,-20664.0,0.0
-11.72,-20.644,-20644.0,0.0
-11.7,-20.624,-20624.0,0.0
-11.68,-20.604,-20604.0,0.0
-11.66,-20.584,-20584.0,0.0
-11.64,-20.564,-20564.0,0.0
-11.62,-20.543999999999997,-20543.999999999996,0.0
-11.6,-20.524,-20524.0,0.0
-11.58,-20.503999999999998,-20503.999999999996,0.0
-11.56,-20.484,-20484.0,0.0
-11.54,-20.464,-20464.0,0.0
-11.52,-20.444,-20444.0,0.0
-11.5,-20.424,-20424.0,0.0
-11.48,-20.404,-20404.0,0.0
-11.46,-20.384,-20384.0,0.0
-11.44,-20.363999999999997,-20363.999999999996,0.0
-11.42,-20.344,-20344.0,0.0
-11.4,-20.323999999999998,-20323.999999999996,0.0
-11.38,-20.304000000000002,-20304.000000000004,0.0
-11.36,-20.284,-20284.0,0.0
-11.34,-20.264,-20264.0,0.0
-11.32,-20.244,-20244.0,0.0
-11.3,-20.224,-20224.0,0.0
-11.28,-20.204,-20204.0,0.0
-11.26,-20.183999999999997,-20183.999999999996,0.0
-11.24,-20.164,-20164.0,0.0
-11.22,-20.144,-20144.0,0.0
-11.2,-20.124,-20124.0,0.0
-11.18,-20.104,-20104.0,0.0
-11.16,-20.084,-20084.0,0.0
-11.14,-20.064,-20064.0,0.0
-11.12,-20.043999999999997,-20043.999999999996,0.0
-11.1,-20.024,-20024.0,0.0
-11.08,-20.003999999999998,-20003.999999999996,0.0
-11.06,-19.984,-19984.0,0.0
-11.04,-19.964,-19964.0,0.0
-11.02,-19.944,-19944.0,0.0
-11.0,-19.924,-19924.0,0.0
-10.98,-19.904,-19904.0,0.0
-10.96,-19.884,-19884.0,0.0
-10.94,-19.863999999999997,-19863.999999999996,0.0
-10.92,-19.844,-19844.0,0.0
-10.9,-19.823999999999998,-19823.999999999996,0.0
-10.88,-19.804000000000002,-19804.000000000004,0.0
-10.86,-19.784,-19784.0,0.0
-10.84,-19.764,-19764.0,0.0
-10.82,-19.744,-19744.0,0.0
-10.8,-19.724,-19724.0,0.0
-10.78,-19.704,-19704.0,0.0
-10.76,-19.683999999999997,-19683.999999999996,0.0
-10.74,-19.664,-19664.0,0.0
-10.72,-19.644,-19644.0,0.0
-10.7,-19.624,-19624.0,0.0
-10.68,-19.604,-19604.0,0.0
-10.66,-19.584,-19584.0,0.0
-10.64,-19.564,-19564.0,0.0
-10.62,-19.543999999999997,-19543.999999999996,0.0
-10.6,-19.524,-19524.0,0.0
-10.58,-19.503999999999998,-19503.999999999996,0.0
-10.56,-19.484,-19484.0,0.0
-10.54,-19.464,-19464.0,0.0
-10.52,-19.444,-19444.0,0.0
-10.5,-19.424,-19424.0,0.0
-10.48,-19.404,-19404.0,0.0
-10.46,-19.384,-19384.0,0.0
-10.44,-19.363999999999997,-19363.999999999996,0.0
-10.42,-19.344,-19344.0,0.0
-10.4,-19.323999999999998,-19323.999999999996,0.0
-10.38,-19.304000000000002,-19304.000000000004,0.0
-10.36,-19.284,-19284.0,0.0
-10.34,-19.264,-19264.0,0.0
-10.32,-19.244,-19244.0,0.0
-10.3,-19.224,-19224.0,0.0
-10.28,-19.204,-19204.0,0.0
-10.26,-19.183999999999997,-19183.999999999996,0.0
-10.24,-19.164,-19164.0,0.0
-10.22,-19.144,-19144.0,0.0
-10.2,-19.124,-19124.0,0.0
-10.18,-19.104,-19104.0,0.0
-10.16,-19.084,-19084.0,0.0
-10.14,-19.064,-19064.0,0.0
-10.12,-19.043999999999997,-19043.999999999996,0.0
-10.1,-19.024,-19024.0,0.0
-10.08,-19.003999999999998,-19003.999999999996,0.0
-10.06,-18.984,-18984.0,0.0
-10.04,-18.964,-18964.0,0.0
-10.02,-18.944,-18944.0,0.0
-10.0,-18.924,-18924.0,0.0
-9.98,-18.904,-18904.0,0.0
-9.96,-18.884,-18884.0,0.0
-9.94,-18.863999999999997,-18863.999999999996,0.0
-9.92,-18.844,-18844.0,0.0
-9.9,-18.823999999999998,-18823.999999999996,0.0
-9.88,-18.804000000000002,-18804.000000000004,0.0
-9.86,-18.784,-18784.0,0.0
-9.84,-18.764,-18764.0,0.0
-9.82,-18.744,-18744.0,0.0
-9.8,-18.724,-18724.0,0.0
-9.78,-18.704,-18704.0,0.0
-9.76,-18.683999999999997,-18683.999999999996,0.0
-9.74,-18.664,-18664.0,0.0
-9.72,-18.644,-18644.0,0.0
-9.7,-18.624,-18624.0,0.0
-9.68,-18.604,-18604.0,0.0
-9.66,-18.584,-18584.0,0.0
-9.64,-18.564,-18564.0,0.0
-9.62,-18.543999999999997,-18543.999999999996,0.0
-9.6,-18.524,-18524.0,0.0
-9.58,-18.503999999999998,-18503.999999999996,0.0
-9.56,-18.484,-18484.0,0.0
-9.54,-18.464,-18464.0,0.0
-9.52,-18.444,-18444.0,0.0
-9.5,-18.424,-18424.0,0.0
-9.48,-18.404,-18404.0,0.0
-9.46,-18.384,-18384.0,0.0
-9.44,-18.363999999999997,-18363.999999999996,0.0
-9.42,-18.344,-18344.0,0.0
-9.4,-18.323999999999998,-18323.999999999996,0.0
-9.38,-18.304000000000002,-18304.000000000004,0.0
-9.36,-18.284,-18284.0,0.0
-9.34,-18.264,-18264.0,0.0
-9.32,-18.244,-18244.0,0.0
-9.3,-18.224,-18224.0,0.0
-9.28,-18.204,-18204.0,0.0
-9.26,-18.183999999999997,-18183.999999999996,0.0
-9.24,-18.164,-18164.0,0.0
-9.22,-18.144,-18144.0,0.0
-9.2,-18.124,-18124.0,0.0
-9.18,-18.104,-18104.0,0.0
-9.16,-18.084,-18084.0,0.0
-9.14,-18.064,-18064.0,0.0
-9.12,-18.043999999999997,-18043.999999999996,0.0
-9.1,-18.024,-18024.0,0.0
-9.08,-18.003999999999998,-18003.999999999996,0.0
-9.06,-17.984,-17984.0,0.0
-9.04,-17.964,-17964.0,0.0
-9.02,-17.944,-17944.0,0.0
-9.0,-17.924,-17924.0,0.0
-8.98,-17.904,-17904.0,0.0
-8.96,-17.884,-17884.0,0.0
-8.94,-17.863999999999997,-17863.999999999996,0.0
-8.92,-17.844,-17844.0,0.0
-8.9,-17.823999999999998,-17823.999999999996,0.0
-8.88,-17.804000000000002,-17804.000000000004,0.0
-8.86,-17.784,-17784.0,0.0
-8.84,-17.764,-17764.0,0.0
-8.82,-17.744,-17744.0,0.0
-8.8,-17.724,-17724.0,0.0
-8.78,-17.704,-17704.0,0.0
-8.76,-17.683999999999997,-17683.999999999996,0.0
-8.74,-17.664,-17664.0,0.0
-8.72,-17.644,-17644.0,0.0
-8.7,-17.624,-17624.0,0.0
-8.68,-17.604,-17604.0,0.0
-8.66,-17.584,-17584.0,0.0
-8.64,-17.564,-17564.0,0.0
-8.62,-17.543999999999997,-17543.999999999996,0.0
-8.6,-17.524,-17524.0,0.0
-8.58,-17.503999999999998,-17503.999999999996,0.0
-8.56,-17.484,-17484.0,0.0
-8.54,-17.464,-17464.0,0.0
-8.52,-17.444,-17444.0,0.0
-8.5,-17.424,-17424.0,0.0
-8.48,-17.404,-17404.0,0.0
-8.46,-17.384,-17384.0,0.0
-8.44,-17.363999999999997,-17363.999999999996,0.0
-8.42,-17.344,-17344.0,0.0
-8.4,-17.323999999999998,-17323.999999999996,0.0
-8.38,-17.304000000000002,-17304.000000000004,0.0
-8.36,-17.284,-17284.0,0.0
-8.34,-17.264,-17264.0,0.0
-8.32,-17.244,-17244.0,0.0
-8.3,-17.224,-17224.0,0.0
-8.28,-17.204,-17204.0,0.0
-8.26,-17.183999999999997,-17183.999999999996,0.0
-8.24,-17.164,-17164.0,0.0
-8.22,-17.144,-17144.0,0.0
-8.2,-17.124,-17124.0,0.0
-8.18,-17.104,-17104.0,0.0
-8.16,-17.084,-17084.0,0.0
-8.14,-17.064,-17064.0,0.0
-8.12,-17.043999999999997,-17043.999999999996,0.0
-8.1,-17.024,-17024.0,0.0
-8.08,-17.003999999999998,-17003.999999999996,0.0
-8.06,-16.984,-16984.0,0.0
-8.04,-16.964,-16964.0,0.0
-8.02,-16.944,-16944.0,0.0
-8.0,-16.924,-16924.0,0.0
-7.98,-16.904,-16904.0,0.0
-7.96,-16.884,-16884.0,0.0
-7.94,-16.864,-16864.0,0.0
-7.92,-16.844,-16844.0,0.0
-7.9,-16.823999999999998,-16823.999999999996,0.0
-7.88,-16.804,-16804.0,0.0
-7.86,-16.784,-16784.0,0.0
-7.84,-16.764,-16764.0,0.0
-7.82,-16.744,-16744.0,0.0
-7.8,-16.724,-16724.0,0.0
-7.78,-16.704,-16704.0,0.0
-7.76,-16.683999999999997,-16683.999999999996,0.0
-7.74,-16.664,-16664.0,0.0
-7.72,-16.644,-16644.0,0.0
-7.7,-16.624,-16624.0,0.0
-7.68,-16.604,-16604.0,0.0
-7.66,-16.584,-16584.0,0.0
-7.64,-16.564,-16564.0,0.0
-7.62,-16.544,-16544.0,0.0
-7.6,-16.524,-16524.0,0.0
-7.58,-16.503999999999998,-16503.999999999996,0.0
-7.56,-16.483999999999998,-16484.0,0.0
-7.54,-16.464,-16464.0,0.0
-7.52,-16.444,-16444.0,0.0
-7.5,-16.424,-16424.0,0.0
-7.48,-16.404,-16404.0,0.0
-7.46,-16.384,-16384.0,0.0
-7.44,-16.364,-16364.0,0.0
-7.42,-16.344,-16344.000000000002,0.0
-7.4,-16.323999999999998,-16323.999999999998,0.0
-7.38,-16.304,-16303.999999999998,0.0
-7.36,-16.284,-16283.999999999998,0.0
-7.34,-16.264,-16264.0,0.0
-7.32,-16.244,-16244.0,0.0
-7.3,-16.224,-16224.0,0.0
-7.28,-16.204,-16204.0,0.0
-7.26,-16.183999999999997,-16183.999999999998,0.0
-7.24,-16.164,-16164.000000000002,0.0
-7.22,-16.144,-16143.999999999998,0.0
-7.2,-16.124,-16123.999999999998,0.0
-7.18,-16.104,-16104.0,0.0
-7.16,-16.084,-16084.0,0.0
-7.14,-16.064,-16064.0,0.0
-7.12,-16.044,-16044.0,0.0
-7.1,-16.024,-16024.0,0.0
-7.08,-16.003999999999998,-16003.999999999998,0.0
-7.06,-15.983999999999998,-15983.999999999998,0.0
-7.04,-15.963999999999999,-15963.999999999998,0.0
-7.02,-15.943999999999999,-15943.999999999998,0.0
-7.0,-15.924,-15924.0,0.0
-6.98,-15.904,-15904.0,0.0
-6.96,-15.884,-15884.0,0.0
-6.94,-15.864,-15864.0,0.0
-6.92,-15.844,-15844.0,0.0
-6.9,-15.824,-15824.0,0.0
-6.88,-15.803999999999998,-15803.999999999998,0.0
-6.86,-15.783999999999999,-15783.999999999998,0.0
-6.84,-15.764,-15764.0,0.0
-6.82,-15.744,-15744.0,0.0
-6.8,-15.724,-15724.0,0.0
-6.78,-15.704,-15704.0,0.0
-6.76,-15.684,-15684.0,0.0
-6.74,-15.664,-15664.0,0.0
-6.72,-15.643999999999998,-15643.999999999998,0.0
-6.7,-15.623999999999999,-15623.999999999998,0.0
-6.68,-15.604,-15604.0,0.0
-6.66,-15.584,-15584.0,0.0
-6.64,-15.564,-15564.0,0.0
-6.62,-15.544,-15544.0,0.0
-6.6,-15.524,-15524.0,0.0
-6.58,-15.504,-15504.0,0.0
-6.56,-15.483999999999998,-15483.999999999998,0.0
-6.54,-15.463999999999999,-15463.999999999998,0.0
-6.52,-15.443999999999999,-15443.999999999998,0.0
-6.5,-15.424,-15424.0,0.0
-6.48,-15.404,-15404.0,0.0
-6.46,-15.384,-15384.0,0.0
-6.44,-15.364,-15364.0,0.0
-6.42,-15.344,-15344.0,0.0
-6.4,-15.324,-15324.0,0.0
-6.38,-15.303999999999998,-15303.999999999998,0.0
-6.36,-15.283999999999999,-15283.999999999998,0.0
-6.34,-15.264,-15264.0,0.0
-6.32,-15.244,-15244.0,0.0
-6.3,-15.224,-15224.0,0.0
-6.28,-15.204,-15204.0,0.0
-6.26,-15.184,-15184.0,0.0
-6.24,-15.164,-15164.0,0.0
-6.22,-15.143999999999998,-15143.999999999998,0.0
-6.2,-15.123999999999999,-15123.999999999998,0.0
-6.18,-15.104,-15104.0,0.0
-6.16,-15.084,-15084.0,0.0
-6.14,-15.064,-15064.0,0.0
-6.12,-15.044,-15044.0,0.0
-6.1,-15.024,-15024.0,0.0
-6.08,-15.004,-15004.0,0.0
-6.06,-14.983999999999998,-14983.999999999998,0.0
-6.04,-14.963999999999999,-14963.999999999998,0.0
-6.02,-14.943999999999999,-14943.999999999998,0.0
-6.0,-14.924,-14924.0,0.0
-5.98,-14.904,-14904.0,0.0
-5.96,-14.884,-14884.0,0.0
-5.94,-14.864,-14864.0,0.0
-5.92,-14.844,-14844.0,0.0
-5.9,-14.824,-14824.0,0.0
-5.88,-14.803999999999998,-14803.999999999998,0.0
-5.86,-14.783999999999999,-14783.999999999998,0.0
-5.84,-14.764,-14764.0,0.0
-5.82,-14.744,-14744.0,0.0
-5.8,-14.724,-14724.0,0.0
-5.78,-14.704,-14704.0,0.0
-5.76,-14.684,-14684.0,0.0
-5.74,-14.664,-14664.0,0.0
-5.72,-14.643999999999998,-14643.999999999998,0.0
-5.7,-14.623999999999999,-14623.999999999998,0.0
-5.68,-14.604,-14604.0,0.0
-5.66,-14.584,-14584.0,0.0
-5.64,-14.564,-14564.0,0.0
-5.62,-14.544,-14544.0,0.0
-5.6,-14.524,-14524.0,0.0
-5.58,-14.504,-14504.0,0.0
-5.56,-14.483999999999998,-14483.999999999998,0.0
-5.54,-14.463999999999999,-14463.999999999998,0.0
-5.52,-14.443999999999999,-14443.999999999998,0.0
-5.5,-14.424,-14424.0,0.0
-5.48,-14.404,-14404.0,0.0
-5.46,-14.384,-14384.0,0.0
-5.44,-14.364,-14364.0,0.0
-5.42,-14.344,-14344.0,0.0
-5.4,-14.324,-14324.0,0.0
-5.38,-14.303999999999998,-14303.999999999998,0.0
-5.36,-14.283999999999999,-14283.999999999998,0.0
-5.34,-14.264,-14264.0,0.0
-5.32,-14.244,-14244.0,0.0
-5.3,-14.224,-14224.0,0.0
-5.28,-14.204,-14204.0,0.0
-5.26,-14.184,-14184.0,0.0
-5.24,-14.164,-14164.0,0.0
-5.22,-14.143999999999998,-14143.999999999998,0.0
-5.2,-14.123999999999999,-14123.999999999998,0.0
-5.18,-14.104,-14104.0,0.0
-5.16,-14.084,-14084.0,0.0
-5.14,-14.064,-14064.0,0.0
-5.12,-14.044,-14044.0,0.0
-5.1,-14.024,-14024.0,0.0
-5.08,-14.004,-14004.0,0.0
-5.06,-13.983999999999998,-13983.999999999998,0.0
-5.04,-13.963999999999999,-13963.999999999998,0.0
-5.02,-13.943999999999999,-13943.999999999998,0.0
-5.0,-13.924,-13924.0,0.0
-4.98,-13.904,-13904.0,0.0
-4.96,-13.884,-13884.0,0.0
-4.94,-13.864,-13864.0,0.0
-4.92,-13.844,-13844.0,0.0
-4.9,-13.824,-13824.0,0.0
-4.88,-13.803999999999998,-13803.999999999998,0.0
-4.86,-13.783999999999999,-13783.999999999998,0.0
-4.84,-13.764,-13764.0,0.0
-4.82,-13.744,-13744.0,0.0
-4.8,-13.724,-13724.0,0.0
-4.78,-13.704,-13704.0,0.0
-4.76,-13.684,-13684.0,0.0
-4.74,-13.664,-13664.0,0.0
-4.72,-13.643999999999998,-13643.999999999998,0.0
-4.7,-13.623999999999999,-13623.999999999998,0.0
-4.68,-13.604,-13604.0,0.0
-4.66,-13.584,-13584.0,0.0
-4.64,-13.564,-13564.0,0.0
-4.62,-13.544,-13544.0,0.0
-4.6,-13.524,-13524.0,0.0
-4.58,-13.504,-13504.0,0.0
-4.56,-13.483999999999998,-13483.999999999998,0.0
-4.54,-13.463999999999999,-13463.999999999998,0.0
-4.52,-13.443999999999999,-13443.999999999998,0.0
-4.5,-13.424,-13424.0,0.0
-4.48,-13.404,-13404.0,0.0
-4.46,-13.384,-13384.0,0.0
-4.44,-13.364,-13364.0,0.0
-4.42,-13.344,-13344.0,0.0
-4.4,-13.324,-13324.0,0.0
-4.38,-13.303999999999998,-13303.999999999998,0.0
-4.36,-13.283999999999999,-13283.999999999998,0.0
-4.34,-13.264,-13264.0,0.0
-4.32,-13.244,-13244.0,0.0
-4.3,-13.224,-13224.0,0.0
-4.28,-13.204,-13204.0,0.0
-4.26,-13.184,-13184.0,0.0
-4.24,-13.164,-13164.0,0.0
-4.22,-13.143999999999998,-13143.999999999998,0.0
-4.2,-13.123999999999999,-13123.999999999998,0.0
-4.18,-13.104,-13104.0,0.0
-4.16,-13.084,-13084.0,0.0
-4.14,-13.064,-13064.0,0.0
-4.12,-13.044,-13044.0,0.0
-4.1,-13.024,-13024.0,0.0
-4.08,-13.004,-13004.0,0.0
-4.06,-12.983999999999998,-12983.999999999998,0.0
-4.04,-12.963999999999999,-12963.999999999998,0.0
-4.02,-12.943999999999999,-12943.999999999998,0.0
-4.0,-12.924,-12924.0,0.0
-3.98,-12.904,-12904.0,0.0
-3.96,-12.884,-12884.0,0.0
-3.94,-12.863999999999999,-12863.999999999998,0.0
-3.92,-12.844,-12844.0,0.0
-3.9,-12.824,-12824.0,0.0
-3.88,-12.803999999999998,-12803.999999999998,0.0
-3.86,-12.783999999999999,-12783.999999999998,0.0
-3.84,-12.764,-12764.0,0.0
-3.82,-12.744,-12744.0,0.0
-3.8,-12.724,-12724.0,0.0
-3.78,-12.703999999999999,-12703.999999999998,0.0
-3.76,-12.684,-12684.0,0.0
-3.74,-12.664,-12664.0,0.0
-3.72,-12.644,-12644.0,0.0
-3.7,-12.623999999999999,-12623.999999999998,0.0
-3.68,-12.604,-12604.0,0.0
-3.66,-12.584,-12584.0,0.0
-3.64,-12.564,-12564.0,0.0
-3.62,-12.544,-12544.0,0.0
-3.6,-12.524,-12524.0,0.0
-3.58,-12.504,-12504.0,0.0
-3.56,-12.484,-12484.0,0.0
-3.54,-12.463999999999999,-12463.999999999998,0.0
-3.52,-12.443999999999999,-12443.999999999998,0.0
-3.5,-12.424,-12424.0,0.0
-3.48,-12.404,-12404.0,0.0
-3.46,-12.384,-12384.0,0.0
-3.44,-12.363999999999999,-12363.999999999998,0.0
-3.42,-12.344,-12344.0,0.0
-3.4,-12.324,-12324.0,0.0
-3.38,-12.303999999999998,-12303.999999999998,0.0
-3.36,-12.283999999999999,-12283.999999999998,0.0
-3.34,-12.264,-12264.0,0.0
-3.32,-12.244,-12244.0,0.0
-3.3,-12.224,-12224.0,0.0
-3.28,-12.203999999999999,-12203.999999999998,0.0
-3.26,-12.184,-12184.0,0.0
-3.24,-12.164,-12164.0,0.0
-3.22,-12.144,-12144.0,0.0
-3.2,-12.123999999999999,-12123.999999999998,0.0
-3.18,-12.104,-12104.0,0.0
-3.16,-12.084,-12084.0,0.0
-3.14,-12.064,-12064.0,0.0
-3.12,-12.044,-12044.0,0.0
-3.1,-12.024,-12024.0,0.0
-3.08,-12.004,-12004.0,0.0
-3.06,-11.984,-11984.0,0.0
-3.04,-11.963999999999999,-11963.999999999998,0.0
-3.02,-11.943999999999999,-11943.999999999998,0.0
-3.0,-11.924,-11924.0,0.0
-2.98,-11.904,-11904.0,0.0
-2.96,-11.884,-11884.0,0.0
-2.94,-11.863999999999999,-11863.999999999998,0.0
-2.92,-11.844,-11844.0,0.0
-2.9,-11.824,-11824.0,0.0
-2.88,-11.803999999999998,-11803.999999999998,0.0
-2.86,-11.783999999999999,-11783.999999999998,0.0
-2.84,-11.764,-11764.0,0.0
-2.82,-11.744,-11744.0,0.0
-2.8,-11.724,-11724.0,0.0
-2.78,-11.703999999999999,-11703.999999999998,0.0
-2.76,-11.684,-11684.0,0.0
-2.74,-11.664,-11664.0,0.0
-2.72,-11.644,-11644.0,0.0
-2.7,-11.623999999999999,-11623.999999999998,0.0
-2.68,-11.604,-11604.0,0.0
-2.66,-11.584,-11584.0,0.0
-2.64,-11.564,-11564.0,0.0
-2.62,-11.544,-11544.0,0.0
-2.6,-11.524,-11524.0,0.0
-2.58,-11.504,-11504.0,0.0
-2.56,-11.484,-11484.0,0.0
-2.54,-11.463999999999999,-11463.999999999998,0.0
-2.52,-11.443999999999999,-11443.999999999998,0.0
-2.5,-11.424,-11424.0,0.0
-2.48,-11.404,-11404.0,0.0
-2.46,-11.384,-11384.0,0.0
-2.44,-11.363999999999999,-11363.999999999998,0.0
-2.42,-11.344,-11344.0,0.0
-2.4,-11.324,-11324.0,0.0
-2.38,-11.303999999999998,-11303.999999999998,0.0
-2.36,-11.283999999999999,-11283.999999999998,0.0
-2.34,-11.264,-11264.0,0.0
-2.32,-11.244,-11244.0,0.0
-2.3,-11.224,-11224.0,0.0
-2.28,-11.203999999999999,-11203.999999999998,0.0
-2.26,-11.184,-11184.0,0.0
-2.24,-11.164,-11164.0,0.0
-2.22,-11.144,-11144.0,0.0
-2.2,-11.123999999999999,-11123.999999999998,0.0
-2.18,-11.104,-11104.0,0.0
-2.16,-11.084,-11084.0,0.0
-2.14,-11.064,-11064.0,0.0
-2.12,-11.044,-11044.0,0.0
-2.1,-11.024,-11024.0,0.0
-2.08,-11.004,-11004.0,0.0
-2.06,-10.984,-10984.0,0.0
-2.04,-10.963999999999999,-10963.999999999998,0.0
-2.02,-10.943999999999999,-10943.999999999998,0.0
-2.0,-10.924,-10924.0,0.0
-1.98,-10.904,-10904.0,0.0
-1.96,-10.884,-10884.0,0.0
-1.94,-10.863999999999999,-10863.999999999998,0.0
-1.92,-10.844,-10844.0,0.0
-1.9,-10.824,-10824.0,0.0
-1.88,-10.803999999999998,-10803.999999999998,0.0
-1.86,-10.783999999999999,-10783.999999999998,0.0
-1.84,-10.764,-10764.0,0.0
-1.82,-10.744,-10744.0,0.0
-1.8,-10.724,-10724.0,0.0
-1.78,-10.703999999999999,-10703.999999999998,0.0
-1.76,-10.684,-10684.0,0.0
-1.74,-10.664,-10664.0,0.0
-1.72,-10.644,-10644.0,0.0
-1.7,-10.623999999999999,-10623.999999999998,0.0
-1.68,-10.604,-10604.0,0.0
-1.66,-10.584,-10584.0,0.0
-1.64,-10.564,-10564.0,0.0
-1.62,-10.544,-10544.0,0.0
-1.6,-10.524,-10524.0,0.0
-1.58,-10.504,-10504.0,0.0
-1.56,-10.484,-10484.0,0.0
-1.54,-10.463999999999999,-10463.999999999998,0.0
-1.52,-10.443999999999999,-10443.999999999998,0.0
-1.5,-10.424,-10424.0,0.0
-1.48,-10.404,-10404.0,0.0
-1.46,-10.384,-10384.0,0.0
-1.44,-10.363999999999999,-10363.999999999998,0.0
-1.42,-10.344,-10344.0,0.0
-1.4,-10.324,-10324.0,0.0
-1.38,-10.303999999999998,-10303.999999999998,0.0
-1.36,-10.283999999999999,-10283.999999999998,0.0
-1.34,-10.264,-10264.0,0.0
-1.32,-10.244,-10244.0,0.0
-1.3,-10.224,-10224.0,0.0
-1.28,-10.203999999999999,-10203.999999999998,0.0
-1.26,-10.184,-10184.0,0.0
-1.24,-10.164,-10164.0,0.0
-1.22,-10.144,-10144.0,0.0
-1.2,-10.123999999999999,-10123.999999999998,0.0
-1.18,-10.104,-10104.0,0.0
-1.16,-10.084,-10084.0,0.0
-1.14,-10.064,-10064.0,0.0
-1.12,-10.044,-10044.0,0.0
-1.1,-10.024,-10024.0,0.0
-1.08,-10.004,-10004.0,0.0
-1.06,-9.984,-9984.0,0.0
-1.04,-9.963999999999999,-9963.999999999998,0.0
-1.02,-9.943999999999999,-9943.999999999998,0.0
-1.0,-9.924,-9924.0,0.0
-0.98,-9.904,-9904.0,0.0
-0.96,-9.884,-9884.0,0.0
-0.94,-9.863999999999999,-9863.999999999998,0.0
-0.92,-9.844,-9844.0,0.0
-0.9,-9.824,-9824.0,0.0
-0.88,-9.804,-9804.0,0.0
-0.86,-9.783999999999999,-9783.999999999998,0.0
-0.84,-9.764,-9764.0,0.0
-0.82,-9.744,-9744.0,0.0
-0.8,-9.724,-9724.0,0.0
-0.78,-9.703999999999999,-9703.999999999998,0.0
-0.76,-9.684,-9684.0,0.0
-0.74,-9.664,-9664.0,0.0
-0.72,-9.644,-9644.0,0.0
-0.7,-9.623999999999999,-9623.999999999998,0.0
-0.68,-9.604,-9604.0,0.0
-0.66,-9.584,-9584.0,0.0
-0.64,-9.564,-9564.0,0.0
-0.62,-9.543999999999999,-9543.999999999998,0.0
-0.6,-9.524,-9524.0,0.0
-0.58,-9.504,-9504.0,0.0
-0.56,-9.484,-9484.0,0.0
-0.54,-9.463999999999999,-9463.999999999998,0.0
-0.52,-9.443999999999999,-9443.999999999998,0.0
-0.5,-9.424,-9424.0,0.0
-0.48,-9.404,-9404.0,0.0
-0.46,-9.384,-9384.0,0.0
-0.44,-9.363999999999999,-9363.999999999998,0.0
-0.42,-9.344,-9344.0,0.0
-0.4,-9.324,-9324.0,0.0
-0.38,-9.304,-9304.0,0.0
-0.36,-9.283999999999999,-9283.999999999998,0.0
-0.34,-9.264,-9264.0,0.0
-0.32,-9.244,-9244.0,0.0
-0.3,-9.224,-9224.0,0.0
-0.28,-9.203999999999999,-9203.999999999998,0.0
-0.26,-9.184,-9184.0,0.0
-0.24,-9.164,-9164.0,0.0
-0.22,-9.144,-9144.0,0.0
-0.2,-9.123999999999999,-9123.999999999998,0.0
-0.18,-9.104,-9104.0,0.0
-0.16,-9.084,-9084.0,0.0
-0.14,-9.064,-9064.0,0.0
-0.12,-9.043999999999999,-9043.999999999998,0.0
-0.1,-9.024,-9024.0,0.0
-0.08,-9.004,-9004.0,0.0
-0.06,-8.984,-8984.0,0.0
-0.04,-8.963999999999999,-8963.999999999998,0.0
-0.02,-8.943999999999999,-8943.999999999998,0.0
0.0,-8.924,-8924.0,0.0
0.02,-8.904,-8904.0,0.0
0.04,-8.884,-8884.0,0.0
0.06,-8.863999999999999,-8863.999999999998,0.0
0.08,-8.844,-8844.0,0.0
0.1,-8.824,-8824.0,0.0
0.12,-8.804,-8804.0,0.0
0.14,-8.783999999999999,-8783.999999999998,0.0
0.16,-8.764,-8764.0,0.0
0.18,-8.744,-8744.0,0.0
0.2,-8.724,-8724.0,0.0
0.22,-8.703999999999999,-8703.999999999998,0.0
0.24,-8.684,-8684.0,0.0
0.26,-8.664,-8664.0,0.0
0.28,-8.644,-8644.0,0.0
0.3,-8.623999999999999,-8623.999999999998,0.0
0.32,-8.604,-8604.0,0.0
0.34,-8.584,-8584.0,0.0
0.36,-8.564,-8564.0,0.0
0.38,-8.543999999999999,-8543.999999999998,0.0
0.4,-8.524,-8524.0,0.0
0.42,-8.504,-8504.0,0.0
0.44,-8.484,-8484.0,0.0
0.46,-8.463999999999999,-8463.999999999998,0.0
0.48,-8.443999999999999,-8443.999999999998,0.0
0.5,-8.424,-8424.0,0.0
0.52,-8.404,-8404.0,0.0
0.54,-8.384,-8384.0,0.0
0.56,-8.363999999999999,-8363.999999999998,0.0
0.58,-8.344,-8344.0,0.0
0.6,-8.324,-8324.0,0.0
0.62,-8.304,-8304.0,0.0
0.64,-8.283999999999999,-8283.999999999998,0.0
0.66,-8.264,-8264.0,0.0
0.68,-8.244,-8244.0,0.0
0.7,-8.224,-8224.0,0.0
0.72,-8.203999999999999,-8203.999999999998,0.0
0.74,-8.184,-8183.999999999999,0.0
0.76,-8.164,-8164.0,0.0
0.78,-8.144,-8144.0,0.0
0.8,-8.123999999999999,-8123.999999999999,0.0
0.82,-8.104,-8103.999999999999,0.0
0.84,-8.084,-8084.0,0.0
0.86,-8.064,-8064.0,0.0
0.88,-8.043999999999999,-8043.999999999999,0.0
0.9,-8.024,-8023.999999999999,0.0
0.92,-8.004,-8004.0,0.0
0.94,-7.984,-7984.0,0.0
0.96,-7.9639999999999995,-7963.999999999999,0.0
0.98,-7.943999999999999,-7943.999999999999,0.0
1.0,-7.9239999999999995,-7923.999999999999,0.0
1.02,-7.904,-7904.0,0.0
1.04,-7.8839999999999995,-7883.999999999999,0.0
1.06,-7.863999999999999,-7863.999999999999,0.0
1.08,-7.843999999999999,-7843.999999999999,0.0
1.1,-7.824,-7824.0,0.0
1.12,-7.803999999999999,-7803.999999999999,0.0
1.14,-7.784,-7784.0,0.0
1.16,-7.763999999999999,-7763.999999999999,0.0
1.18,-7.744,-7744.0,0.024391051211550448
1.2,-7.723999999999999,-7723.999999999999,0.05892526681532713
1.22,-7.704,-7704.0,0.10552620654065056
1.24,-7.683999999999999,-7683.999999999999,0.16180916542351467
1.26,-7.664,-7664.0,0.2189428830260492
1.28,-7.643999999999999,-7643.999999999999,0.3036095680692917
1.3,-7.624,-7624.0,0.3996325774709277
1.32,-7.603999999999999,-7603.999999999999,0.5088287932900061
1.34,-7.584,-7584.0,0.6542459603759603
1.36,-7.563999999999999,-7563.999999999999,0.8005166287080301
1.38,-7.544,-7544.0,0.9324988521657526
1.4,-7.523999999999999,-7523.999999999999,1.1214865132255223
1.42,-7.504,-7504.0,1.341277584683198
1.44,-7.484,-7484.0,1.5147795314660648
1.46,-7.4639999999999995,-7463.999999999999,1.7010326306514572
1.48,-7.443999999999999,-7443.999999999999,2.024968763194394
1.5,-7.4239999999999995,-7423.999999999999,2.1651399763741663
1.52,-7.404,-7404.0,2.529174914607769
1.54,-7.3839999999999995,-7383.999999999999,2.7008642606646567
1.56,-7.363999999999999,-7363.999999999999,3.0934640258675214
1.58,-7.343999999999999,-7343.999999999999,3.228024454257782
1.6,-7.324,-7324.0,3.489771662934904
1.62,-7.303999999999999,-7303.999999999999,3.8665028905711982
1.64,-7.284,-7284.0,4.230959134911833
1.66,-7.263999999999999,-7263.999999999999,4.289229995492023
1.68,-7.244,-7244.0,4.725143020652522
1.7,-7.223999999999999,-7223.999999999999,4.763335634026154
1.72,-7.204,-7204.0,5.151150613711075
1.74,-7.183999999999999,-7183.999999999999,5.265567529041374
1.76,-7.164,-7164.0,5.483259718600874
1.78,-7.143999999999999,-7143.999999999999,5.65175812537832
1.8,-7.124,-7124.0,5.726796026548617
1.82,-7.103999999999999,-7103.999999999999,5.873314471509211
1.84,-7.084,-7084.0,5.971820959434844
1.86,-7.063999999999999,-7063.999999999999,6.085305880514425
1.88,-7.044,-7044.0,5.977325054439541
1.9,-7.023999999999999,-7023.999999999999,6.1331339156727935
1.92,-7.004,-7004.0,5.99618643967752
1.94,-6.984,-6984.0,5.941772264289695
1.96,-6.9639999999999995,-6963.999999999999,6.215413419874378
1.98,-6.943999999999999,-6943.999999999999,6.119388387282861
2.0,-6.9239999999999995,-6923.999999999999,6.1130636610163345
2.02,-6.904,-6904.0,6.065641157124115
2.04,-6.8839999999999995,-6883.999999999999,5.942917248360233
2.06,-6.863999999999999,-6863.999999999999,5.957241164422315
2.08,-6.843999999999999,-6843.999999999999,5.98424188083098
2.1,-6.824,-6824.0,5.926114249208807
2.12,-6.803999999999999,-6803.999999999999,6.074616625669839
2.14,-6.783999999999999,-6783.999999999999,6.080601174306942
2.16,-6.763999999999999,-6763.999999999999,5.932552336596822
2.18,-6.744,-6744.0,6.126419564317055
2.2,-6.723999999999999,-6723.999999999999,6.119121063493575
2.22,-6.703999999999999,-6703.999999999999,6.018235082138334
2.24,-6.683999999999999,-6683.999999999999,6.202639450878629
2.26,-6.664,-6664.0,6.443087852633087
2.28,-6.644,-6644.0,6.153270051066553
2.3,-6.624,-6624.0,6.538361038589409
2.32,-6.603999999999999,-6603.999999999999,6.453324581881991
2.34,-6.584,-6584.0,6.713570989312664
2.36,-6.564,-6564.0,6.761634125944866
2.38,-6.544,-6544.0,6.614561206075818
2.4,-6.523999999999999,-6523.999999999999,6.550353130002805
2.42,-6.504,-6504.0,6.591180197805214
2.44,-6.484,-6484.0,6.897920276079085
2.46,-6.4639999999999995,-6463.999999999999,7.002150986478483
2.48,-6.443999999999999,-6443.999999999999,7.012468320283413
2.5,-6.4239999999999995,-6423.999999999999,6.818759104948408
2.52,-6.404,-6404.0,6.809018606998113
2.54,-6.3839999999999995,-6383.999999999999,7.088499214304748
2.56,-6.363999999999999,-6363.999999999999,6.8764691363751504
2.58,-6.343999999999999,-6343.999999999999,7.096625106132194
2.6,-6.324,-6324.0,7.002941240107454
2.62,-6.303999999999999,-6303.999999999999,6.77210601116544
2.64,-6.283999999999999,-6283.999999999999,7.006492689485099
2.66,-6.263999999999999,-6263.999999999999,7.105539042289617
2.68,-6.244,-6244.0,7.126612587945193
2.7,-6.223999999999999,-6223.999999999999,6.751992881966806
2.72,-6.203999999999999,-6203.999999999999,6.721811837912229
2.74,-6.183999999999999,-6183.999999999999,6.983074498973522
2.76,-6.164,-6164.0,7.051722568210919
2.78,-6.144,-6144.0,6.662223386475777
2.8,-6.124,-6124.0,6.862713417562874
2.82,-6.103999999999999,-6103.999999999999,6.7195488423683
2.84,-6.084,-6084.0,6.636380530444024
2.86,-6.064,-6064.0,6.618614046621821
2.88,-6.044,-6044.0,6.440901381273501
2.9,-6.023999999999999,-6023.999999999999,6.250060814033773
2.92,-6.004,-6004.0,5.969970523952634
2.94,-5.984,-5984.0,5.7570729457735
2.96,-5.9639999999999995,-5963.999999999999,5.710350270361106
2.98,-5.943999999999999,-5943.999999999999,5.350968955061448
3.0,-5.9239999999999995,-5923.999999999999,5.194648425789673
3.02,-5.904,-5904.0,4.7710065015787215
3.04,-5.8839999999999995,-5883.999999999999,4.4562714282743565
3.06,-5.863999999999999,-5863.999999999999,4.361052763254399
3.08,-5.843999999999999,-5843.999999999999,3.9066804792774703
3.1,-5.824,-5824.0,3.7193564663255545
3.12,-5.803999999999999,-5803.999999999999,3.4508501166914454
3.14,-5.783999999999999,-5783.999999999999,3.154177446251127
3.16,-5.763999999999999,-5763.999999999999,2.802762035056235
3.18,-5.744,-5744.0,2.550938236759636
3.2,-5.723999999999999,-5723.999999999999,2.3537483471688416
3.22,-5.703999999999999,-5703.999999999999,2.076218349652136
3.24,-5.683999999999999,-5683.999999999999,1.9390045303432037
3.26,-5.664,-5664.0,1.6891176967056232
3.28,-5.644,-5644.0,1.617035451994613
3.3,-5.624,-5624.0,1.4557048682674096
3.32,-5.603999999999999,-5603.999999999999,1.3394981062361129
3.34,-5.584,-5584.0,1.164021162839755
3.36,-5.564,-5564.0,1.1193102969567368
3.38,-5.544,-5544.0,1.006469990619962
3.4,-5.523999999999999,-5523.999999999999,0.905465349861035
3.42,-5.504,-5504.0,0.8411968257509603
3.44,-5.484,-5484.0,0.7700055872302137
3.46,-5.4639999999999995,-5463.999999999999,0.7306090632181218
3.48,-5.443999999999999,-5443.999999999999,0.6825350565664426
3.5,-5.4239999999999995,-5423.999999999999,0.6069977173017358
3.52,-5.404,-5404.0,0.5571120370245559
3.54,-5.3839999999999995,-5383.999999999999,0.5364004209278697
3.56,-5.363999999999999,-5363.999999999999,0.48722761808312687
3.58,-5.343999999999999,-5343.999999999999,0.4243013151604804
3.6,-5.324,-5324.0,0.40626509175965725
3.62,-5.303999999999999,-5303.999999999999,0.36466389821856476
3.64,-5.283999999999999,-5283.999999999999,0.32210589419637226
3.66,-5.263999999999999,-5263.999999999999,0.29678077482762366
3.68,-5.244,-5244.0,0.27167598771348317
3.7,-5.223999999999999,-5223.999999999999,0.24997717317886878
3.72,-5.203999999999999,-5203.999999999999,0.22840308679910487
3.74,-5.183999999999999,-5183.999999999999,0.2209824209970909
3.76,-5.164,-5164.0,0.20381227954523679
3.78,-5.144,-5144.0,0.19772095377360838
3.8,-5.124,-5124.0,0.2024330790460219
3.82,-5.103999999999999,-5103.999999999999,0.19908093648692599
3.84,-5.084,-5084.0,0.19469124383888378
3.86,-5.064,-5064.0,0.19568562448318896
3.88,-5.044,-5044.0,0.20477252370299173
3.9,-5.023999999999999,-5023.999999999999,0.2032286664854644
3.92,-5.004,-5004.0,0.212912269048263
3.94,-4.984,-4984.0,0.21293923601506945
3.96,-4.9639999999999995,-4963.999999999999,0.22043382784629045
3.98,-4.943999999999999,-4943.999999999999,0.22627449530247173
4.0,-4.9239999999999995,-4923.999999999999,0.2323815983864951
4.02,-4.904,-4904.0,0.2399061019862953
4.04,-4.8839999999999995,-4883.999999999999,0.23873861541667077
4.06,-4.864,-4864.0,0.2448838787947338
4.08,-4.843999999999999,-4843.999999999999,0.2480689327920801
4.1,-4.824,-4824.0,0.2521338964620378
4.12,-4.803999999999999,-4803.999999999999,0.24177724589278898
4.14,-4.784,-4784.0,0.24367607492748056
4.16,-4.763999999999999,-4763.999999999999,0.24673754837707687
4.18,-4.744,-4744.0,0.24872150596893317
4.2,-4.723999999999999,-4723.999999999999,0.2561322366111391
4.22,-4.704,-4704.0,0.25380862085725064
4.24,-4.683999999999999,-4683.999999999999,0.25435920612387924
4.26,-4.664,-4664.0,0.24750665495141627
4.28,-4.643999999999999,-4643.999999999999,0.24788611594750234
4.3,-4.624,-4624.0,0.26121526365201814
4.32,-4.603999999999999,-4603.999999999999,0.25266344644298205
4.34,-4.584,-4584.0,0.25239587648390277
4.36,-4.563999999999999,-4563.999999999999,0.25612141258851373
4.38,-4.544,-4544.0,0.2684315671503818
4.4,-4.523999999999999,-4523.999999999999,0.27175001415343447
4.42,-4.504,-4504.0,0.2677888294460765
4.44,-4.483999999999999,-4483.999999999999,0.27192153157381205
4.46,-4.4639999999999995,-4463.999999999999,0.2758727907837649
4.48,-4.443999999999999,-4443.999999999999,0.27092650910887583
4.5,-4.4239999999999995,-4423.999999999999,0.2690095579441983
4.52,-4.404,-4404.0,0.2680080588216444
4.54,-4.3839999999999995,-4383.999999999999,0.27369714133304685
4.56,-4.364,-4364.0,0.26844495885468256
4.58,-4.343999999999999,-4343.999999999999,0.2731755155385656
4.6,-4.324,-4324.0,0.2656450140064141
4.62,-4.303999999999999,-4303.999999999999,0.2768734389659851
4.64,-4.284,-4284.0,0.26893177628719145
4.66,-4.263999999999999,-4263.999999999999,0.2730399238880996
4.68,-4.244,-4244.0,0.28024213943490417
4.7,-4.223999999999999,-4223.999999999999,0.28170281067437913
4.72,-4.204,-4204.0,0.28324094225098745
4.74,-4.183999999999999,-4183.999999999999,0.2831762681200482
4.76,-4.164,-4164.0,0.2838016144022648
4.78,-4.143999999999999,-4143.999999999999,0.28722021297493155
4.8,-4.124,-4124.0,0.28731548493304315
4.82,-4.103999999999999,-4103.999999999999,0.2908927040166449
4.84,-4.084,-4083.9999999999995,0.2812223941378555
4.86,-4.063999999999999,-4063.999999999999,0.28264399055082995
4.88,-4.044,-4043.9999999999995,0.2833058691405887
4.9,-4.023999999999999,-4023.999999999999,0.29196689331368375
4.92,-4.004,-4003.9999999999995,0.28853173641575364
4.94,-3.983999999999999,-3983.999999999999,0.298101843720051
4.96,-3.9639999999999995,-3963.9999999999995,0.3027702169479816
4.98,-3.943999999999999,-3943.999999999999,0.2885504461803669
5.0,-3.9239999999999995,-3923.9999999999995,0.3029770745100422
5.02,-3.904,-3904.0,0.3060126555029349
5.04,-3.8839999999999995,-3883.9999999999995,0.3032524833473337
5.06,-3.864,-3864.0,0.29919502178054524
5.08,-3.8439999999999994,-3843.9999999999995,0.29370825663498484
5.1,-3.824,-3824.0,0.3007975408025032
5.12,-3.8039999999999994,-3803.9999999999995,0.3013557732420408
5.14,-3.784,-3784.0,0.30274366504214234
5.16,-3.7639999999999993,-3763.9999999999995,0.30290392646394176
5.18,-3.7439999999999998,-3744.0,0.2968725956228183
5.2,-3.7239999999999993,-3723.999999999999,0.30665829420779966
5.22,-3.7039999999999997,-3703.9999999999995,0.30792791937487896
5.24,-3.6839999999999993,-3683.999999999999,0.3094979380217193
5.26,-3.6639999999999997,-3663.9999999999995,0.3024879504591608
5.28,-3.6439999999999992,-3643.999999999999,0.30903046733995954
5.3,-3.6239999999999997,-3623.9999999999995,0.30720392939542585
5.32,-3.603999999999999,-3603.999999999999,0.310863560945355
5.34,-3.5839999999999996,-3583.9999999999995,0.3084405273760304
5.36,-3.563999999999999,-3563.999999999999,0.3135197608787213
5.38,-3.5439999999999996,-3543.9999999999995,0.3171766522770109
5.4,-3.523999999999999,-3523.999999999999,0.32938835453582493
5.42,-3.5039999999999996,-3503.9999999999995,0.3144756555569778
5.44,-3.483999999999999,-3483.999999999999,0.32036409421917994
5.46,-3.4639999999999995,-3463.9999999999995,0.3340502925197607
5.48,-3.443999999999999,-3443.999999999999,0.33481566955633324
5.5,-3.4239999999999995,-3423.9999999999995,0.3345705597895155
5.52,-3.404,-3404.0,0.3304793233147627
5.54,-3.3839999999999995,-3383.9999999999995,0.3355007497635923
5.56,-3.364,-3364.0,0.3329899337819309
5.58,-3.3439999999999994,-3343.9999999999995,0.33802186288214353
5.6,-3.324,-3324.0,0.34188726161708055
5.62,-3.3039999999999994,-3303.9999999999995,0.3426433872242578
5.64,-3.284,-3284.0,0.32622025328324034
5.66,-3.2639999999999993,-3263.9999999999995,0.33411109040566916
5.68,-3.2439999999999998,-3244.0,0.3365344859589986
5.7,-3.2239999999999993,-3223.999999999999,0.3471480097798729
5.72,-3.2039999999999997,-3203.9999999999995,0.34993588734736414
5.74,-3.1839999999999993,-3183.999999999999,0.34385235652042273
5.76,-3.1639999999999997,-3163.9999999999995,0.3589003070507444
5.78,-3.1439999999999992,-3143.999999999999,0.3601784596694585
5.8,-3.1239999999999997,-3123.9999999999995,0.36088906199260784
5.82,-3.103999999999999,-3103.999999999999,0.34961462084422984
5.84,-3.0839999999999996,-3083.9999999999995,0.3663354347668673
5.86,-3.063999999999999,-3063.999999999999,0.3618103529239655
5.88,-3.0439999999999996,-3043.9999999999995,0.3590181713524671
5.9,-3.023999999999999,-3023.999999999999,0.36023353704238953
5.92,-3.0039999999999996,-3003.9999999999995,0.3573608607536236
5.94,-2.983999999999999,-2983.999999999999,0.37377818478411723
5.96,-2.9639999999999995,-2963.9999999999995,0.36682082241809066
5.98,-2.943999999999999,-2943.999999999999,0.3681735775530922
6.0,-2.9239999999999995,-2923.9999999999995,0.3816584781685115
6.02,-2.904,-2904.0,0.37960385061469326
6.04,-2.8839999999999995,-2883.9999999999995,0.3881293898779799
6.06,-2.864,-2864.0,0.39036285843689356
6.08,-2.8439999999999994,-2843.9999999999995,0.3938108496061469
6.1,-2.824,-2824.0,0.38360364509335365
6.12,-2.8039999999999994,-2803.9999999999995,0.4041323626877446
6.14,-2.784,-2784.0,0.3981171487492398
6.16,-2.7639999999999993,-2763.9999999999995,0.39849412808343276
6.18,-2.7439999999999998,-2744.0,0.41469630013608255
6.2,-2.7239999999999993,-2723.999999999999,0.41103048035148354
6.22,-2.7039999999999997,-2703.9999999999995,0.41883952709162964
6.24,-2.6839999999999993,-2683.999999999999,0.4203616597380992
6.26,-2.6639999999999997,-2663.9999999999995,0.403794962439074
6.28,-2.6439999999999992,-2643.999999999999,0.4186481721474021
6.3,-2.6239999999999997,-2623.9999999999995,0.41294027260442384
6.32,-2.603999999999999,-2603.999999999999,0.4125919631577758
6.34,-2.5839999999999996,-2583.9999999999995,0.41890523921318507
6.36,-2.563999999999999,-2563.999999999999,0.431676482586196
6.38,-2.5439999999999996,-2543.9999999999995,0.4258802947272139
6.4,-2.523999999999999,-2523.999999999999,0.4268961535922795
6.42,-2.5039999999999996,-2503.9999999999995,0.44242303391116794
6.44,-2.483999999999999,-2483.999999999999,0.42423066758059524
6.46,-2.4639999999999995,-2463.9999999999995,0.4403990276646632
6.48,-2.443999999999999,-2443.999999999999,0.4531130449468602
6.5,-2.4239999999999995,-2423.9999999999995,0.451147350542265
6.52,-2.404,-2404.0,0.45143996513367074
6.54,-2.3839999999999995,-2383.9999999999995,0.4543869682025471
6.56,-2.364,-2364.0,0.4535077399267764
6.58,-2.3439999999999994,-2343.9999999999995,0.4798639189113691
6.6,-2.324,-2324.0,0.47508440982432304
6.62,-2.3039999999999994,-2303.9999999999995,0.4661157866257337
6.64,-2.284,-2284.0,0.47920372382962106
6.66,-2.2639999999999993,-2263.9999999999995,0.4892627365633395
6.68,-2.2439999999999998,-2244.0,0.4938439620530891
6.7,-2.2239999999999993,-2223.999999999999,0.49466129611927195
6.72,-2.2039999999999997,-2203.9999999999995,0.502927630939612
6.74,-2.1839999999999993,-2183.999999999999,0.49582734425643127
6.76,-2.1639999999999997,-2163.9999999999995,0.47492918463882466
6.78,-2.1439999999999992,-2143.999999999999,0.47502751670628124
6.8,-2.1239999999999997,-2123.9999999999995,0.4977639714684908
6.82,-2.103999999999999,-2103.999999999999,0.49699538520734193
6.84,-2.0839999999999996,-2083.9999999999995,0.4913893759127818
6.86,-2.063999999999999,-2063.999999999999,0.4873921606836845
6.88,-2.0439999999999996,-2043.9999999999995,0.4830613208943223
6.9,-2.023999999999999,-2023.999999999999,0.47332694951756044
6.92,-2.0039999999999996,-2003.9999999999995,0.45425080491487096
6.94,-1.983999999999999,-1983.999999999999,0.46717894175683666
6.96,-1.9639999999999995,-1963.9999999999995,0.4476805784690995
6.98,-1.943999999999999,-1943.999999999999,0.4332628444942062
7.0,-1.9239999999999995,-1923.9999999999995,0.44531478242061556
7.02,-1.904,-1904.0,0.4235710673706789
7.04,-1.8839999999999995,-1883.9999999999995,0.4121994417603185
7.06,-1.8639999999999999,-1863.9999999999998,0.4231064562963692
7.08,-1.8439999999999994,-1843.9999999999993,0.40351005687030284
7.1,-1.8239999999999998,-1823.9999999999998,0.39605203311795223
7.12,-1.8039999999999994,-1803.9999999999993,0.38055176173948974
7.14,-1.7839999999999998,-1783.9999999999998,0.3767668671394136
7.16,-1.7639999999999993,-1763.9999999999993,0.36230027283759125
7.18,-1.7439999999999998,-1743.9999999999998,0.3531836364193235
7.2,-1.7239999999999993,-1723.9999999999993,0.3606114228463011
7.22,-1.7039999999999997,-1703.9999999999998,0.342454976921009
7.24,-1.6839999999999993,-1683.9999999999993,0.34570875474936796
7.26,-1.6639999999999997,-1663.9999999999998,0.32972433137527446
7.28,-1.6439999999999992,-1643.9999999999993,0.3276030430931093
7.3,-1.6239999999999997,-1623.9999999999998,0.3164632863458923
7.32,-1.6039999999999992,-1603.999999999999,0.31624624759480824
7.34,-1.5839999999999996,-1583.9999999999995,0.2999102240654717
7.36,-1.5639999999999992,-1563.999999999999,0.3017928645793962
7.38,-1.5439999999999996,-1543.9999999999995,0.29128884343279526
7.4,-1.5239999999999991,-1523.999999999999,0.301539743914442
7.42,-1.5039999999999996,-1503.9999999999995,0.28408032430918617
7.44,-1.483999999999999,-1483.999999999999,0.28717501290902914
7.46,-1.4639999999999995,-1463.9999999999995,0.284257387031391
7.48,-1.443999999999999,-1443.999999999999,0.27910506951255604
7.5,-1.4239999999999995,-1423.9999999999995,0.27808771766932794
7.52,-1.404,-1404.0,0.2708317661684107
7.54,-1.3839999999999995,-1383.9999999999995,0.2678699582796413
7.56,-1.3639999999999999,-1363.9999999999998,0.2634644897742954
7.58,-1.3439999999999994,-1343.9999999999993,0.2512415266428095
7.6,-1.3239999999999998,-1323.9999999999998,0.2575742786392412
7.62,-1.3039999999999994,-1303.9999999999993,0.2537869492000863
7.64,-1.2839999999999998,-1283.9999999999998,0.2521991873342419
7.66,-1.2639999999999993,-1263.9999999999993,0.2505288163643261
7.68,-1.2439999999999998,-1243.9999999999998,0.24737107638853897
7.7,-1.2239999999999993,-1223.9999999999993,0.24905844994513637
7.72,-1.2039999999999997,-1203.9999999999998,0.25061735652577505
7.74,-1.1839999999999993,-1183.9999999999993,0.2552245695761663
7.76,-1.1639999999999997,-1163.9999999999998,0.2441508552466761
7.78,-1.1439999999999992,-1143.9999999999993,0.24238307449454558
7.8,-1.1239999999999997,-1123.9999999999998,0.2513898958280765
7.82,-1.1039999999999992,-1103.999999999999,0.24656346642529173
7.84,-1.0839999999999996,-1083.9999999999995,0.24130146478065928
7.86,-1.0639999999999992,-1063.999999999999,0.24597549965614934
7.88,-1.0439999999999996,-1043.9999999999995,0.2477306178968961
7.9,-1.0239999999999991,-1023.9999999999991,0.24534557736621648
7.92,-1.0039999999999996,-1003.9999999999995,0.25114331889908525
7.94,-0.9839999999999991,-983.9999999999991,0.2500077541245646
7.96,-0.9639999999999995,-963.9999999999995,0.2508325732442691
7.98,-0.9439999999999991,-943.9999999999991,0.2508115714454597
8.0,-0.9239999999999995,-923.9999999999995,0.2515431016617742
8.02,-0.9039999999999999,-903.9999999999999,0.2445047708369938
8.04,-0.8840000000000003,-884.0000000000003,0.25350801846600657
8.06,-0.863999999999999,-863.999999999999,0.25236748867567105
8.08,-0.8439999999999994,-843.9999999999994,0.25479728106206634
8.1,-0.8239999999999998,-823.9999999999999,0.2562292042706929
8.12,-0.8040000000000003,-804.0000000000002,0.24608117411816516
8.14,-0.7839999999999989,-783.9999999999989,0.24657911322289966
8.16,-0.7639999999999993,-763.9999999999993,0.2500701484588185
8.18,-0.7439999999999998,-743.9999999999998,0.24886948075417056
8.2,-0.7240000000000002,-724.0000000000002,0.25890239042385393
8.22,-0.7039999999999988,-703.9999999999989,0.25549892192697216
8.24,-0.6839999999999993,-683.9999999999993,0.2568251341796833
8.26,-0.6639999999999997,-663.9999999999997,0.2580769286091856
8.28,-0.6440000000000001,-644.0000000000001,0.25694221289214386
8.3,-0.6239999999999988,-623.9999999999987,0.2544373599947056
8.32,-0.6039999999999992,-603.9999999999992,0.2559683074681726
8.34,-0.5839999999999996,-583.9999999999997,0.25705551002584875
8.36,-0.5640000000000001,-564.0,0.25851064431502413
8.38,-0.5439999999999987,-543.9999999999987,0.2560782636738811
8.4,-0.5239999999999991,-523.9999999999991,0.26166512867609587
8.42,-0.5039999999999996,-503.99999999999955,0.26744494686353065
8.44,-0.484,-484.0,0.26428222756365594
8.46,-0.46399999999999864,-463.99999999999864,0.2625309726446791
8.48,-0.44399999999999906,-443.9999999999991,0.2726325173297122
8.5,-0.4239999999999995,-423.9999999999995,0.27308222569387086
8.52,-0.4039999999999999,-403.9999999999999,0.2733456859678612
8.54,-0.38400000000000034,-384.00000000000034,0.27815346305300626
8.56,-0.363999999999999,-363.999999999999,0.2755634702329832
8.58,-0.3439999999999994,-343.99999999999943,0.2743148197896167
8.6,-0.32399999999999984,-323.99999999999983,0.2833782671605135
8.62,-0.30400000000000027,-304.0000000000003,0.2752350754787329
8.64,-0.2839999999999989,-283.9999999999989,0.28048603200268307
8.66,-0.26399999999999935,-263.9999999999993,0.2796260208363294
8.68,-0.24399999999999977,-243.99999999999977,0.28032275584441385
8.7,-0.2240000000000002,-224.0000000000002,0.2808396680458606
8.72,-0.20399999999999885,-203.99999999999886,0.2808794511334382
8.74,-0.18399999999999928,-183.99999999999926,0.2739080576113332
8.76,-0.1639999999999997,-163.99999999999972,0.2790296031248517
8.78,-0.14400000000000013,-144.0000000000001,0.27453100450142487
8.8,-0.12399999999999878,-123.99999999999878,0.2703937755988914
8.82,-0.1039999999999992,-103.9999999999992,0.2711859792550931
8.84,-0.08399999999999963,-83.99999999999963,0.27917639542301187
8.86,-0.06400000000000006,-64.00000000000006,0.27077080714989693
8.88,-0.04399999999999871,-43.99999999999871,0.2730944587418803
8.9,-0.023999999999999133,-23.999999999999133,0.27729268696717463
8.92,-0.0039999999999995595,-3.9999999999995595,0.27989947745396976
8.94,0.016000000000000014,16.000000000000014,0.2942096653399709
8.96,0.036000000000001364,36.000000000001364,0.2880228973136872
8.98,0.05600000000000094,56.00000000000094,0.2952024375351917
9.0,0.07600000000000051,76.00000000000051,0.29829431484231983
9.02,0.09600000000000009,96.00000000000009,0.3068659564900004
9.04,0.11599999999999966,115.99999999999966,0.30021237697161307
9.06,0.136000000000001,136.00000000000102,0.3040481684235613
9.08,0.15600000000000058,156.00000000000057,0.30372628826585646
9.1,0.17600000000000016,176.00000000000017,0.306202369454723
9.12,0.19599999999999973,195.99999999999972,0.31122294607424467
9.14,0.21600000000000108,216.00000000000108,0.3053501873760486
9.16,0.23600000000000065,236.00000000000065,0.3084483595541014
9.18,0.2560000000000002,256.0000000000002,0.31795244224891145
9.2,0.2759999999999998,275.9999999999998,0.31775574150645275
9.22,0.29600000000000115,296.00000000000114,0.31426152851270567
9.24,0.3160000000000007,316.00000000000074,0.30471284008964067
9.26,0.3360000000000003,336.0000000000003,0.3131624046646965
9.28,0.35599999999999987,355.9999999999999,0.31802112168649727
9.3,0.3760000000000012,376.00000000000125,0.32014578085462325
9.32,0.3960000000000008,396.0000000000008,0.3179860099785857
9.34,0.41600000000000037,416.00000000000034,0.3208961123365851
9.36,0.43599999999999994,435.99999999999994,0.32973202950011044
9.38,0.4560000000000013,456.0000000000013,0.3263620364627386
9.4,0.47600000000000087,476.00000000000085,0.3256637115364676
9.42,0.49600000000000044,496.00000000000045,0.3214618167250451
9.44,0.516,516.0,0.3284026587236606
9.46,0.5360000000000014,536.0000000000014,0.33052112544061035
9.48,0.5560000000000009,556.0000000000009,0.34409977181049767
9.5,0.5760000000000005,576.0000000000005,0.33660337382378214
9.52,0.5960000000000001,596.0000000000001,0.3419393363855682
9.54,0.6159999999999997,615.9999999999997,0.33131240933012496
9.56,0.636000000000001,636.000000000001,0.33431748807105577
9.58,0.6560000000000006,656.0000000000006,0.3417020074829969
9.6,0.6760000000000002,676.0000000000001,0.33970791935867534
9.62,0.6959999999999997,695.9999999999998,0.35053586859525643
9.64,0.7160000000000011,716.0000000000011,0.35134488526666224
9.66,0.7360000000000007,736.0000000000007,0.35199037895011237
9.68,0.7560000000000002,756.0000000000002,0.35756820808783035
9.7,0.7759999999999998,775.9999999999998,0.35425481349337173
9.72,0.7960000000000012,796.0000000000011,0.37094061736733774
9.74,0.8160000000000007,816.0000000000007,0.3667421841509181
9.76,0.8360000000000003,836.0000000000003,0.37661090666935787
9.78,0.8559999999999999,855.9999999999999,0.37756681824683397
9.8,0.8760000000000012,876.0000000000013,0.38084784020800444
9.82,0.8960000000000008,896.0000000000008,0.37861931118410147
9.84,0.9160000000000004,916.0000000000003,0.3923887938760126
9.86,0.9359999999999999,936.0,0.38150732737371207
9.88,0.9560000000000013,956.0000000000013,0.3939810652106417
9.9,0.9760000000000009,976.0000000000009,0.38785951105268424
9.92,0.9960000000000004,996.0000000000005,0.39766822791872836
9.94,1.016,1016.0,0.40885532473485126
9.96,1.0360000000000014,1036.0000000000014,0.41252166700739556
9.98,1.056000000000001,1056.000000000001,0.41342950132214246
10.0,1.0760000000000005,1076.0000000000005,0.40881145981054995
10.02,1.096,1096.0,0.40784607651192567
10.04,1.1159999999999997,1115.9999999999995,0.4003288563995305
10.06,1.136000000000001,1136.000000000001,0.3967140056165457
10.08,1.1560000000000006,1156.0000000000007,0.4020261464231209
10.1,1.1760000000000002,1176.0000000000002,0.4106887148453763
10.12,1.1959999999999997,1195.9999999999998,0.41720604321615806
10.14,1.216000000000001,1216.0000000000011,0.4058329476006157
10.16,1.2360000000000007,1236.0000000000007,0.3963169044611705
10.18,1.2560000000000002,1256.0000000000002,0.40461470317274595
10.2,1.2759999999999998,1275.9999999999998,0.3944895974636158
10.22,1.2960000000000012,1296.0000000000011,0.39910544488604743
10.24,1.3160000000000007,1316.0000000000007,0.40456665749054305
10.26,1.3360000000000003,1336.0000000000002,0.4131691849464973
10.28,1.3559999999999999,1355.9999999999998,0.39008851725281857
10.3,1.3760000000000012,1376.0000000000011,0.39430255967959066
10.32,1.3960000000000008,1396.000000000001,0.3933530162004245
10.34,1.4160000000000004,1416.0000000000005,0.3869802304968968
10.36,1.436,1436.0,0.40184026931762873
10.38,1.4560000000000013,1456.0000000000014,0.40148180049489673
10.4,1.4760000000000009,1476.000000000001,0.4007768293662405
10.42,1.4960000000000004,1496.0000000000005,0.38729490399824995
10.44,1.516,1516.0,0.39839037804414085
10.46,1.5360000000000014,1536.0000000000014,0.40512694138574334
10.48,1.556000000000001,1556.000000000001,0.40324990013330503
10.5,1.5760000000000005,1576.0000000000005,0.3975384438118659
10.52,1.596,1596.0,0.4053862040316552
10.54,1.6159999999999997,1615.9999999999995,0.41356990108454666
10.56,1.636000000000001,1636.000000000001,0.4167998610297146
10.58,1.6560000000000006,1656.0000000000007,0.4209930950156758
10.6,1.6760000000000002,1676.0000000000002,0.41284144407512857
10.62,1.6959999999999997,1695.9999999999998,0.40740513661025607
10.64,1.716000000000001,1716.0000000000011,0.4282173541042867
10.66,1.7360000000000007,1736.0000000000007,0.4228821099449341
10.68,1.7560000000000002,1756.0000000000002,0.4113261432788901
10.7,1.7759999999999998,1775.9999999999998,0.43682591134815785
10.72,1.7960000000000012,1796.0000000000011,0.41851439508778326
10.74,1.8160000000000007,1816.0000000000007,0.4198509196651807
10.76,1.8360000000000003,1836.0000000000002,0.43101958469962864
10.78,1.8559999999999999,1855.9999999999998,0.44048416340455726
10.8,1.8760000000000012,1876.0000000000011,0.43893840781716464
10.82,1.8960000000000008,1896.000000000001,0.44780120689663194
10.84,1.9160000000000004,1916.0000000000005,0.4310623815482985
10.86,1.936,1936.0,0.42974738855677874
10.88,1.9560000000000013,1956.0000000000014,0.44952310702594733
10.9,1.9760000000000009,1976.000000000001,0.45859296954323064
10.92,1.9960000000000004,1996.0000000000005,0.4445537600572058
10.94,2.016,2016.0,0.4658154423014736
10.96,2.0360000000000014,2036.0000000000014,0.46116134235206874
10.98,2.056000000000001,2056.000000000001,0.4546613270826196
11.0,2.0760000000000005,2076.0000000000005,0.473472665385819
11.02,2.096,2096.0,0.4590943797888752
11.04,2.1159999999999997,2115.9999999999995,0.47414479597933373
11.06,2.136000000000001,2136.000000000001,0.46694253192653085
11.08,2.1560000000000006,2156.0000000000005,0.4757245769085846
11.1,2.176,2176.0,0.4727143841735425
11.12,2.1959999999999997,2195.9999999999995,0.4819588315132012
11.14,2.216000000000001,2216.000000000001,0.4835714539395892
11.16,2.2360000000000007,2236.0000000000005,0.48413634482693757
11.18,2.2560000000000002,2256.0,0.48505102153555235
11.2,2.276,2276.0,0.5128191814323309
11.22,2.296000000000001,2296.0000000000014,0.5068173431194629
11.24,2.3160000000000007,2316.000000000001,0.497922538503287
11.26,2.3360000000000003,2336.0000000000005,0.49550352173998147
11.28,2.356,2356.0,0.5224517671031604
11.3,2.3760000000000012,2376.0000000000014,0.5201637629481595
11.32,2.396000000000001,2396.000000000001,0.5174910298079718
11.34,2.4160000000000004,2416.0000000000005,0.5190527604173617
11.36,2.436,2436.0,0.5105852410852214
11.38,2.4560000000000013,2456.0000000000014,0.5287657497701158
11.4,2.476000000000001,2476.000000000001,0.5206183044335124
11.42,2.4960000000000004,2496.0000000000005,0.5385424627816828
11.44,2.516,2516.0,0.5365455094017528
11.46,2.5360000000000014,2536.0000000000014,0.5390583934186962
11.48,2.556000000000001,2556.000000000001,0.533823181164627
11.5,2.5760000000000005,2576.0000000000005,0.5344638836530836
11.52,2.596,2596.0,0.536301017119093
11.54,2.6159999999999997,2615.9999999999995,0.5293474627851662
11.56,2.636000000000001,2636.000000000001,0.5316392058281337
11.58,2.6560000000000006,2656.0000000000005,0.5170818657685093
11.6,2.676,2676.0,0.520972564648577
11.62,2.6959999999999997,2695.9999999999995,0.518901726475215
11.64,2.716000000000001,2716.000000000001,0.5130123367989926
11.66,2.7360000000000007,2736.0000000000005,0.5293109568758353
11.68,2.7560000000000002,2756.0,0.5254160599594749
11.7,2.776,2776.0,0.5032592336217919
11.72,2.796000000000001,2796.0000000000014,0.5093399850685462
11.74,2.8160000000000007,2816.000000000001,0.49791428137551147
11.76,2.8360000000000003,2836.0000000000005,0.5037131394003955
11.78,2.856,2856.0,0.518140721010759
11.8,2.8760000000000012,2876.0000000000014,0.5023861307378512
11.82,2.896000000000001,2896.000000000001,0.48834309212354277
11.84,2.9160000000000004,2916.0000000000005,0.487749482352742
11.86,2.936,2936.0,0.5088986820292819
11.88,2.9560000000000013,2956.0000000000014,0.48943189913366114
11.9,2.976000000000001,2976.000000000001,0.5021050770485125
11.92,2.9960000000000004,2996.0000000000005,0.5033307405449983
11.94,3.016,3016.0,0.4902428597878809
11.96,3.0360000000000014,3036.0000000000014,0.5121423411276169
11.98,3.056000000000001,3056.000000000001,0.5009009569323912
12.0,3.0760000000000005,3076.0000000000005,0.49897723838117886
12.02,3.096,3096.0,0.49762892596529146
12.04,3.1159999999999997,3115.9999999999995,0.5162960326610699
12.06,3.136000000000001,3136.000000000001,0.5065776033106606
12.08,3.1560000000000006,3156.0000000000005,0.5041917326850722
12.1,3.176,3176.0,0.5218225980347059
12.12,3.1959999999999997,3195.9999999999995,0.503175260423602
12.14,3.216000000000001,3216.000000000001,0.5023117812545734
12.16,3.2360000000000007,3236.0000000000005,0.5000340627052364
12.18,3.2560000000000002,3256.0,0.5178439959512465
12.2,3.276,3276.0,0.5126212170319031
12.22,3.296000000000001,3296.0000000000014,0.5137452100565292
12.24,3.3160000000000007,3316.000000000001,0.5144784126120052
12.26,3.3360000000000003,3336.0000000000005,0.5126059078084069
12.28,3.356,3356.0,0.4918090620635498
12.3,3.3760000000000012,3376.0000000000014,0.4924097844418148
12.32,3.396000000000001,3396.000000000001,0.5033602357761819
12.34,3.4160000000000004,3416.0000000000005,0.5015164283845026
12.36,3.436,3436.0,0.4913812620223412
12.38,3.4560000000000013,3456.0000000000014,0.4872553535021778
12.4,3.476000000000001,3476.000000000001,0.47443308964844394
12.42,3.4960000000000004,3496.0000000000005,0.48441205004704935
12.44,3.516,3516.0,0.48674728638054787
12.46,3.5360000000000014,3536.0000000000014,0.48404146758056493
12.48,3.556000000000001,3556.000000000001,0.47724623377940195
12.5,3.5760000000000005,3576.0000000000005,0.47024901738625036
12.52,3.596,3596.0,0.4704231852559428
12.54,3.6159999999999997,3615.9999999999995,0.4419566872457314
12.56,3.636000000000001,3636.000000000001,0.45104818024391413
12.58,3.6560000000000006,3656.0000000000005,0.4354022336731223
12.6,3.676,3676.0,0.4327392149006741
12.62,3.6959999999999997,3695.9999999999995,0.43622856828442674
12.64,3.716000000000001,3716.000000000001,0.44641243992153834
12.66,3.7360000000000007,3736.0000000000005,0.43389004531188924
12.68,3.7560000000000002,3756.0,0.4438597695218357
12.7,3.776,3776.0,0.4375949550161375
12.72,3.796000000000001,3796.0000000000014,0.4370603104323457
12.74,3.8160000000000007,3816.000000000001,0.44512888331512984
12.76,3.8360000000000003,3836.0000000000005,0.444910285734895
12.78,3.856,3856.0,0.4497139202883162
12.8,3.8760000000000012,3876.0000000000014,0.4505864075032423
12.82,3.896000000000001,3896.000000000001,0.42878466883827576
12.84,3.9160000000000004,3916.0000000000005,0.43906716776763616
12.86,3.936,3936.0,0.44839372908300107
12.88,3.9560000000000013,3956.0000000000014,0.45273474591305807
12.9,3.976000000000001,3976.000000000001,0.45379848326465916
12.92,3.9960000000000004,3996.0000000000005,0.4572215220562025
12.94,4.016,4016.0,0.4554462333952274
12.96,4.036000000000001,4036.0000000000014,0.4442433610525342
12.98,4.056000000000001,4056.000000000001,0.4368722292783067
13.0,4.0760000000000005,4076.0000000000005,0.4569660346035589
13.02,4.096,4096.0,0.44974829444266895
13.04,4.116,4116.0,0.430438820366005
13.06,4.136000000000001,4136.000000000001,0.44535767841940405
13.08,4.156000000000001,4156.000000000001,0.43070098419894554
13.1,4.176,4176.0,0.4315922873655277
13.12,4.196,4196.0,0.4372928200469637
13.14,4.216000000000001,4216.000000000001,0.4435128757329731
13.16,4.236000000000001,4236.000000000001,0.44242963523990925
13.18,4.256,4256.0,0.4306111572738958
13.2,4.276,4276.0,0.44548375821447606
13.22,4.296000000000001,4296.000000000001,0.4310059142273115
13.24,4.316000000000001,4316.000000000001,0.43792064598038516
13.26,4.336,4336.0,0.44211607159286265
13.28,4.356,4356.0,0.4457779489289143
13.3,4.376000000000001,4376.000000000001,0.42570948444928736
13.32,4.396000000000001,4396.000000000001,0.4477574203911764
13.34,4.416,4416.0,0.44087416710048755
13.36,4.436,4436.0,0.4270045583479668
13.38,4.456000000000001,4456.000000000001,0.43467363757196603
13.4,4.476000000000001,4476.000000000001,0.42642317422905096
13.42,4.496,4496.0,0.4337557330151336
13.44,4.516,4516.0,0.43527872738241286
13.46,4.536000000000001,4536.000000000002,0.438773324749403
13.48,4.556000000000001,4556.000000000001,0.43843041341312206
13.5,4.5760000000000005,4576.000000000001,0.4347729813946807
13.52,4.596,4596.0,0.44679227302002666
13.54,4.616,4616.0,0.46096991466903275
13.56,4.636000000000001,4636.000000000001,0.43928293489528236
13.58,4.656000000000001,4656.000000000001,0.4463445193504054
13.6,4.676,4676.0,0.44857625318603106
13.62,4.696,4696.0,0.46772845259649404
13.64,4.716000000000001,4716.000000000001,0.46801304311872716
13.66,4.736000000000001,4736.000000000001,0.4489546429706431
13.68,4.756,4756.0,0.47601849968351556
13.7,4.776,4776.0,0.4535607195525337
13.72,4.796000000000001,4796.000000000001,0.4712118631384539
13.74,4.816000000000001,4816.000000000001,0.45966270939886295
13.76,4.836,4836.0,0.46016886924701705
13.78,4.856,4856.0,0.48335623363470276
13.8,4.876000000000001,4876.000000000001,0.46440194038090077
13.82,4.896000000000001,4896.000000000001,0.4666916029875912
13.84,4.916,4916.0,0.46728728691600324
13.86,4.936,4936.0,0.47880588585562683
13.88,4.956000000000001,4956.000000000001,0.4574654366348694
13.9,4.976000000000001,4976.000000000001,0.4564094785863294
13.92,4.996,4996.0,0.4658858361868182
13.94,5.016,5016.0,0.47772607794140415
13.96,5.036000000000001,5036.000000000002,0.46049114950973924
13.98,5.056000000000001,5056.000000000001,0.45663387480292067
14.0,5.0760000000000005,5076.000000000001,0.4609988628049
14.02,5.096,5096.0,0.4698850167308879
14.04,5.116,5116.0,0.4833152064504495
14.06,5.136000000000001,5136.000000000001,0.47188432993198814
14.08,5.156000000000001,5156.000000000001,0.4789191981403767
14.1,5.176,5176.0,0.4899226340950353
14.12,5.196,5196.0,0.4932184387570466
14.14,5.216000000000001,5216.000000000001,0.491807447298513
14.16,5.236000000000001,5236.000000000001,0.47623851623324504
14.18,5.256,5256.0,0.4753764798452922
14.2,5.276,5276.0,0.4922133249326147
14.22,5.296000000000001,5296.000000000001,0.4842367550323135
14.24,5.316000000000001,5316.000000000001,0.4733984351526272
14.26,5.336,5336.0,0.4911958967843219
14.28,5.356,5356.0,0.47192254762022723
14.3,5.376000000000001,5376.000000000001,0.4721155616494119
14.32,5.396000000000001,5396.000000000001,0.48170174616239536
14.34,5.416,5416.0,0.47030764929683977
14.36,5.436,5436.0,0.48392747469738123
14.38,5.456000000000001,5456.000000000001,0.4940073072712844
14.4,5.476000000000001,5476.000000000001,0.47662990303000824
14.42,5.496,5496.0,0.4917986261434391
14.44,5.516,5516.0,0.4739989645912384
14.46,5.536000000000001,5536.000000000002,0.49566417985664835
14.48,5.556000000000001,5556.000000000001,0.5008826406497399
14.5,5.5760000000000005,5576.000000000001,0.49253130640919723
14.52,5.596,5596.0,0.4930536689336965
14.54,5.616,5616.0,0.49959557787581543
14.56,5.636000000000001,5636.000000000001,0.49600118825821593
14.58,5.656000000000001,5656.000000000001,0.5123460350257083
14.6,5.676,5676.0,0.49011177602995437
14.62,5.696,5696.0,0.5030474679669111
14.64,5.716000000000001,5716.000000000001,0.4975733584392517
14.66,5.736000000000001,5736.000000000001,0.5013219508983344
14.68,5.756,5756.0,0.5149249861525569
14.7,5.776,5776.0,0.518014428409249
14.72,5.796000000000001,5796.000000000001,0.4997796785177742
14.74,5.816000000000001,5816.000000000001,0.489196181573372
14.76,5.836,5836.0,0.5056016706443351
14.78,5.856,5856.0,0.5058613623402097
14.8,5.876000000000001,5876.000000000001,0.49593050116262255
14.82,5.896000000000001,5896.000000000001,0.4899623597707315
14.84,5.916,5916.0,0.49419245315411053
14.86,5.936,5936.0,0.5078391165446998
14.88,5.956000000000001,5956.000000000001,0.4865769283793218
14.9,5.976000000000001,5976.000000000001,0.4887520454659284
14.92,5.996,5996.0,0.5089043229070628
14.94,6.016,6016.0,0.4880663304033213
14.96,6.036000000000001,6036.000000000002,0.48712478849103286
14.98,6.056000000000001,6056.000000000001,0.49412121595900205
15.0,6.0760000000000005,6076.000000000001,0.48322072458984505
15.02,6.096,6096.0,0.4948772276688515
15.04,6.116,6116.0,0.49236282329729314
15.06,6.136000000000001,6136.000000000001,0.5130985987303455
15.08,6.156000000000001,6156.000000000001,0.4934540872797616
15.1,6.176,6176.0,0.49096833125114275
15.12,6.196,6196.0,0.5048080579858777
15.14,6.216000000000001,6216.000000000001,0.4893598403127531
15.16,6.236000000000001,6236.000000000001,0.5050269346248505
15.18,6.256,6256.0,0.5099814459539745
15.2,6.276,6276.0,0.4940520033181675
15.22,6.296000000000001,6296.000000000001,0.5055913619599126
15.24,6.316000000000001,6316.000000000001,0.4984212903125117
15.26,6.336,6336.0,0.49561513540055435
15.28,6.356,6356.0,0.506775033921158
15.3,6.376000000000001,6376.000000000001,0.5039535046451058
15.32,6.396000000000001,6396.000000000001,0.5149476201426103
15.34,6.416,6416.0,0.5096491278178701
15.36,6.436,6436.0,0.5096819938701193
15.38,6.456000000000001,6456.000000000001,0.5119828403803337
15.4,6.476000000000001,6476.000000000001,0.5185096310929308
15.42,6.496,6496.0,0.5164501497242101
15.44,6.516,6516.0,0.5203384976790505
15.46,6.536000000000001,6536.000000000002,0.5207803123296365
15.48,6.556000000000001,6556.000000000001,0.5233412649123763
15.5,6.5760000000000005,6576.000000000001,0.5254862381067529
15.52,6.596,6596.0,0.5138046274296912
15.54,6.616,6616.0,0.5252750244653048
15.56,6.636000000000001,6636.000000000001,0.5142359476295253
15.58,6.656000000000001,6656.000000000001,0.5288932181942625
15.6,6.676,6676.0,0.5347690451822474
15.62,6.696,6696.0,0.5103909927035758
15.64,6.716000000000001,6716.000000000001,0.5176962532279438
15.66,6.736000000000001,6736.000000000001,0.5114365136890718
15.68,6.756,6756.0,0.5238168811723473
15.7,6.776,6776.0,0.5150601575710109
15.72,6.796000000000001,6796.000000000001,0.519618623971397
15.74,6.816000000000001,6816.000000000001,0.5174844173454137
15.76,6.836,6836.0,0.5001017631309004
15.78,6.856,6856.0,0.5184265752753379
15.8,6.876000000000001,6876.000000000001,0.5071724296238596
15.82,6.896000000000001,6896.000000000001,0.5010303290965132
15.84,6.916,6916.0,0.5157956676648077
15.86,6.936,6936.0,0.5149966426714282
15.88,6.956000000000001,6956.000000000001,0.501943046921586
15.9,6.976000000000001,6976.000000000001,0.5235638033789275
15.92,6.996,6996.0,0.51344352261645
15.94,7.016,7016.0,0.5202347272264047
15.96,7.036000000000001,7036.000000000002,0.5211388677207973
15.98,7.056000000000001,7056.000000000001,0.5317953621976999
16.0,7.0760000000000005,7076.000000000001,0.533861615901053
16.02,7.096,7096.0,0.5132050216079365
16.04,7.116,7116.0,0.5172449081896762
16.06,7.135999999999999,7135.999999999999,0.5262473938946564
16.08,7.155999999999999,7155.999999999999,0.5309167925686665
16.1,7.176000000000002,7176.000000000002,0.5403135787457808
16.12,7.1960000000000015,7196.000000000002,0.5313354677294804
16.14,7.216000000000001,7216.000000000001,0.5347109301766698
16.16,7.236000000000001,7236.000000000001,0.5315298351785397
16.18,7.256,7256.0,0.531002633399716
16.2,7.276,7276.0,0.522341641615349
16.22,7.295999999999999,7295.999999999999,0.5276396837032337
16.24,7.315999999999999,7315.999999999999,0.555519383237926
16.26,7.336000000000002,7336.000000000002,0.5579884965307689
16.28,7.356000000000002,7356.000000000002,0.5341529782423451
16.3,7.376000000000001,7376.000000000001,0.5426263676960505
16.32,7.396000000000001,7396.000000000001,0.5592869585064316
16.34,7.416,7416.0,0.5491872522119539
16.36,7.436,7436.0,0.562924811378026
16.38,7.4559999999999995,7455.999999999999,0.5472866434736364
16.4,7.475999999999999,7475.999999999999,0.5647382865945486
16.42,7.496000000000002,7496.000000000002,0.5538724004253531
16.44,7.516000000000002,7516.000000000002,0.5798789164022681
16.46,7.536000000000001,7536.000000000002,0.5529900832343874
16.48,7.556000000000001,7556.000000000001,0.5793293451676292
16.5,7.5760000000000005,7576.000000000001,0.5817519802316375
16.52,7.596,7596.0,0.5848132706194218
16.54,7.616,7616.0,0.5809817719874821
16.56,7.635999999999999,7635.999999999999,0.576959835210453
16.58,7.655999999999999,7655.999999999999,0.5685765952685319
16.6,7.676000000000002,7676.000000000002,0.562952662131756
16.62,7.6960000000000015,7696.000000000002,0.5953621693867872
16.64,7.716000000000001,7716.000000000001,0.5732305963328088
16.66,7.736000000000001,7736.000000000001,0.5885257553915311
16.68,7.756,7756.0,0.5815479204082462
16.7,7.776,7776.0,0.6061814726574083
16.72,7.795999999999999,7795.999999999999,0.5916109955446948
16.74,7.815999999999999,7815.999999999999,0.6116897122228191
16.76,7.836000000000002,7836.000000000002,0.5937458290180333
16.78,7.856000000000002,7856.000000000002,0.6122804596984686
16.8,7.876000000000001,7876.000000000001,0.6053228054043883
16.82,7.896000000000001,7896.000000000001,0.6044753920941776
16.84,7.916,7916.0,0.617291878630996
16.86,7.936,7936.0,0.6152492781401799
16.88,7.9559999999999995,7955.999999999999,0.6107241427376132
16.9,7.975999999999999,7975.999999999999,0.6338150581776584
16.92,7.996000000000002,7996.000000000002,0.6479605920308417
16.94,8.016000000000002,8016.000000000002,0.6551451473165286
16.96,8.036000000000001,8036.000000000002,0.6535114497652769
16.98,8.056000000000001,8056.000000000001,0.6554883299608099
17.0,8.076,8076.000000000001,0.6678192187332407
17.02,8.096,8096.0,0.637261380345914
17.04,8.116,8116.0,0.6670307033195498
17.06,8.136,8135.999999999999,0.6519093998963879
17.08,8.155999999999999,8155.999999999999,0.6739811264454477
17.1,8.176000000000002,8176.000000000002,0.6982539924411453
17.12,8.196000000000002,8196.000000000002,0.6904097547218796
17.14,8.216000000000001,8216.000000000002,0.6764554313660652
17.16,8.236,8236.0,0.6918048398748188
17.18,8.256,8256.0,0.7038954066878461
17.2,8.276,8276.0,0.7155299376190869
17.22,8.296,8296.0,0.7111495880108353
17.24,8.315999999999999,8315.999999999998,0.6989051326239857
17.26,8.336000000000002,8336.000000000002,0.726640451764688
17.28,8.356000000000002,8356.000000000002,0.7282770566895235
17.3,8.376000000000001,8376.000000000002,0.7148206091881866
17.32,8.396,8396.0,0.7141103807609267
17.34,8.416,8416.0,0.71285464563453
17.36,8.436,8436.0,0.7199002268330745
17.38,8.456,8456.0,0.684921365472106
17.4,8.475999999999999,8476.0,0.6933190328074736
17.42,8.496000000000002,8496.000000000002,0.7011163099198672
17.44,8.516000000000002,8516.000000000002,0.6818616076967102
17.46,8.536000000000001,8536.000000000002,0.6926738498262215
17.48,8.556000000000001,8556.000000000002,0.6968760247910638
17.5,8.576,8576.0,0.6854730171257637
17.52,8.596,8596.0,0.7033797037333309
17.54,8.616,8616.0,0.7034720445240445
17.56,8.636,8636.0,0.6997708369316926
17.58,8.655999999999999,8655.999999999998,0.6835038240290587
17.6,8.676000000000002,8676.000000000002,0.6595108536455659
17.62,8.696000000000002,8696.000000000002,0.6845285473700972
17.64,8.716000000000001,8716.000000000002,0.6841256257271241
17.66,8.736,8736.0,0.6892873694541375
17.68,8.756,8756.0,0.6700393433332169
17.7,8.776,8776.0,0.6589145280354213
17.72,8.796,8796.0,0.6666861126200414
17.74,8.815999999999999,8815.999999999998,0.6663809645540585
17.76,8.836000000000002,8836.000000000002,0.6516592000757085
17.78,8.856000000000002,8856.000000000002,0.6845341091728768
17.8,8.876000000000001,8876.000000000002,0.6822471464785586
17.82,8.896,8896.0,0.6889994777282304
17.84,8.916,8916.0,0.6732053720262677
17.86,8.936,8936.0,0.6602767599936995
17.88,8.956,8956.0,0.6920445422388478
17.9,8.975999999999999,8976.0,0.700115807906854
17.92,8.996000000000002,8996.000000000002,0.698283855135418
17.94,9.016000000000002,9016.000000000002,0.6977443057119289
17.96,9.036000000000001,9036.000000000002,0.7104387342946816
17.98,9.056000000000001,9056.000000000002,0.6772808715736602
18.0,9.076,9076.0,0.7085245762165402
18.02,9.096,9096.0,0.7026882184688246
18.04,9.116,9116.0,0.6986843852233466
18.06,9.136,9136.0,0.7043875781654239
18.08,9.155999999999999,9155.999999999998,0.703706287651151
18.1,9.176000000000002,9176.000000000002,0.6907637843588587
18.12,9.196000000000002,9196.000000000002,0.6808886843256261
18.14,9.216000000000001,9216.000000000002,0.6611001321922894
18.16,9.236,9236.0,0.6636435579144128
18.18,9.256,9256.0,0.6683170867346802
18.2,9.276,9276.0,0.6789554289997659
18.22,9.296,9296.0,0.6422383097360969
18.24,9.315999999999999,9315.999999999998,0.662664534513334
18.26,9.336000000000002,9336.000000000002,0.6342035836883161
18.28,9.356000000000002,9356.000000000002,0.6531798766414362
18.3,9.376000000000001,9376.000000000002,0.6238622136660563
18.32,9.396,9396.0,0.6456248432084212
18.34,9.416,9416.0,0.6528443280206915
18.36,9.436,9436.0,0.6318626397343826
18.38,9.456,9456.0,0.6279556321819957
18.4,9.475999999999999,9476.0,0.6379496331136132
18.42,9.496000000000002,9496.000000000002,0.6485683236712141
18.44,9.516000000000002,9516.000000000002,0.6344087473272818
18.46,9.536000000000001,9536.000000000002,0.6517160320193987
18.48,9.556000000000001,9556.000000000002,0.6570233846958435
18.5,9.576,9576.0,0.6515884914051743
18.52,9.596,9596.0,0.6487909705024033
18.54,9.616,9616.0,0.6579646115750815
18.56,9.636,9636.0,0.6732287119313929
18.58,9.655999999999999,9655.999999999998,0.6494859451538785
18.6,9.676000000000002,9676.000000000002,0.6547178563416529
18.62,9.696000000000002,9696.000000000002,0.6556870915768166
18.64,9.716000000000001,9716.000000000002,0.6449124112389041
18.66,9.736,9736.0,0.6640420559395794
18.68,9.756,9756.0,0.6653872958975086
18.7,9.776,9776.0,0.6382418782013843
18.72,9.796,9796.0,0.641360784936644
18.74,9.815999999999999,9815.999999999998,0.6657049607959378
18.76,9.836000000000002,9836.000000000002,0.6389060914420752
18.78,9.856000000000002,9856.000000000002,0.6582729686448857
18.8,9.876000000000001,9876.000000000002,0.6301893734123718
18.82,9.896,9896.0,0.6353965881526921
18.84,9.916,9916.0,0.626451021813996
18.86,9.936,9936.0,0.6277365750170367
18.88,9.956,9956.0,0.6322753075071086
18.9,9.975999999999999,9976.0,0.6466620210092984
18.92,9.996000000000002,9996.000000000002,0.6501465413590456
18.94,10.016000000000002,10016.000000000002,0.6235240914309705
18.96,10.036000000000001,10036.000000000002,0.638317839373395
18.98,10.056000000000001,10056.000000000002,0.6258154967983285
19.0,10.076,10076.0,0.6305247793436175
19.02,10.096,10096.0,0.6512041542289553
19.04,10.116,10116.0,0.62286646464852
19.06,10.136,10136.0,0.625049064665322
19.08,10.155999999999999,10155.999999999998,0.6474067149075399
19.1,10.176000000000002,10176.000000000002,0.6228453199444021
19.12,10.196000000000002,10196.000000000002,0.6455517898555483
19.14,10.216000000000001,10216.000000000002,0.6360255789138424
19.16,10.236,10236.0,0.6198089941760299
19.18,10.256,10256.0,0.630650360810365
19.2,10.276,10276.0,0.6398323159146531
19.22,10.296,10296.0,0.6089748598847806
19.24,10.315999999999999,10315.999999999998,0.6245366029420488
19.26,10.336000000000002,10336.000000000002,0.6114860482705738
19.28,10.356000000000002,10356.000000000002,0.6217884421062891
19.3,10.376000000000001,10376.000000000002,0.6063038733918859
19.32,10.396,10396.0,0.6102985875378011
19.34,10.416,10416.0,0.6074483662510027
19.36,10.436,10436.0,0.6315518368335524
19.38,10.456,10456.0,0.5980052643612153
19.4,10.475999999999999,10476.0,0.5956610706542383
19.42,10.496000000000002,10496.000000000002,0.6175318183178192
19.44,10.516000000000002,10516.000000000002,0.6112044506634143
19.46,10.536000000000001,10536.000000000002,0.588645062986813
19.48,10.556000000000001,10556.000000000002,0.6020647394870204
19.5,10.576,10576.0,0.6009502202361704
19.52,10.596,10596.0,0.5873141969087305
19.54,10.616,10616.0,0.6161111696687563
19.56,10.636,10636.0,0.6136873492731122
19.58,10.655999999999999,10655.999999999998,0.5955068340051441
19.6,10.676000000000002,10676.000000000002,0.5895206921937143
19.62,10.696000000000002,10696.000000000002,0.6034820508976818
19.64,10.716000000000001,10716.000000000002,0.5904846619720552
19.66,10.736,10736.0,0.5741518443070567
19.68,10.756,10756.0,0.5771926172537901
19.7,10.776,10776.0,0.5784405483354527
19.72,10.796,10796.0,0.5982305134406719
19.74,10.815999999999999,10815.999999999998,0.5775752968764781
19.76,10.836000000000002,10836.000000000002,0.5879474269911126
19.78,10.856000000000002,10856.000000000002,0.6022121520854258
19.8,10.876000000000001,10876.000000000002,0.5730570521360884
19.82,10.896,10896.0,0.5934411644658005
19.84,10.916,10916.0,0.5676565270214969
19.86,10.936,10936.0,0.5859323760331361
19.88,10.956,10956.0,0.5664967412739239
19.9,10.975999999999999,10976.0,0.5654371770690354
19.92,10.996000000000002,10996.000000000002,0.5726913887810902
19.94,11.016000000000002,11016.000000000002,0.5569177152586021
19.96,11.036000000000001,11036.000000000002,0.5566354683674377
19.98,11.056000000000001,11056.000000000002,0.561746692240904
20.0,11.076,11076.0,0.5590582455777874
