frecuencia_cm-1,frecuencia_THz,energia_meV,DOS_fonones
-1.3873555875e-06,-4.1591874169665906e-08,-1.7201017041194854e-07,0.0
0.22898729117,0.006864866287061599,0.028390805739499845,1.6620397806087737e-05
0.4579759697,0.013729774166129652,0.056781783489717186,7.781440878031707e-05
0.68696464823,0.020594682045197706,0.08517276123993453,0.00019510822184184127
0.91595332676,0.027459589924265754,0.11356373899015186,0.0003472491061055245
1.1449420053,0.0343244978036336,0.14195471674160903,0.0005466340080688965
1.3739306838,0.04118940568180228,0.17034569448810685,0.000817140584862534
1.6029193624,0.048054313562968874,0.1987366722470031,0.0010069197671219473
1.8319080409,0.05491922144113755,0.2271276499935009,0.0012383289946446881
2.0608967194,0.06178412931930623,0.2555186277399987,0.0014840701915429348
2.2898853979,0.0686490371974749,0.2839096054864965,0.0016648605793083198
2.5188740765,0.0755139450786415,0.3123005832453928,0.0019646057209051666
2.747862755,0.08237885295681018,0.3406915609918906,0.0022652339938418016
2.9768514335,0.08924376083497884,0.36908253873838837,0.0025567546217759337
3.2058401121,0.09610866871614546,0.39747351649728463,0.0029118826953706653
3.4348287906,0.10297357659431412,0.4258644942437825,0.0030809465655761096
3.6638174691,0.1098384844724828,0.45425547199028027,0.0034302227179735956
3.8928061476,0.11670339235065147,0.48264644973677806,0.0037952344283860863
4.1217948262,0.12356830023181808,0.5110374274956744,0.004328016618035912
4.3507835047,0.13043320810998674,0.5394284052421721,0.00464828656370443
4.5797721832,0.13729811598815542,0.56781938298867,0.005091361193938295
4.8087608618,0.144163023869322,0.5962103607475662,0.005514896262501938
5.0377495403,0.1510279317474907,0.624601338494064,0.006192010510170077
5.2667382188,0.15789283962565936,0.6529923162405618,0.0068539763979150944
5.4957268974,0.16475774750682598,0.681383293999458,0.007614489244024238
5.7247155759,0.17162265538499466,0.7097742717459559,0.008806696328933435
5.9537042544,0.1784875632631633,0.7381652494924537,0.009990302141098454
6.1826929329,0.185352471141332,0.7665562272389514,0.010994736288057139
6.4116816115,0.19221737902249858,0.7949472049978477,0.011248941732372293
6.64067029,0.19908228690066726,0.8233381827443456,0.011625338041519037
6.8696589685,0.20594719477883594,0.8517291604908432,0.012131041697224523
7.0986476471,0.21281210266000256,0.8801201382497396,0.012921922061245825
7.3276363256,0.21967701053817124,0.9085111159962374,0.014112600597866374
7.5566250041,0.2265419184163399,0.9369020937427351,0.014681134977818821
7.7856136826,0.23340682629450857,0.965293071489233,0.014912352675696626
8.0146023612,0.24027173417567516,0.9936840492481291,0.01649226928420661
8.2435910397,0.24713664205384384,1.022075026994627,0.016938915137902008
8.4725797182,0.2540015499320125,1.050466004741125,0.018495397881707915
8.7015683968,0.26086645781317913,1.0788569825000212,0.019029709004954442
8.9305570753,0.26773136569134776,1.1072479602465188,0.019592040259977572
9.1595457538,0.27459627356951644,1.1356389379930167,0.021458459011493423
9.3885344324,0.28146118145068305,1.164029915751913,0.022111423948297522
9.6175231109,0.2883260893288518,1.1924208934984108,0.02345356704564525
9.8465117894,0.2951909972070204,1.2208118712449085,0.026491137793117285
10.075500468,0.302055905088187,1.2492028490038047,0.028315636932742468
10.304489146,0.3089208129513661,1.2775938266883105,0.029341454540176542
10.533477825,0.3157857208445244,1.3059848044968005,0.031922282877191295
10.762466504,0.3226506287376827,1.3343757823052904,0.03448023876843736
10.991455182,0.3295155366008617,1.362766759989796,0.03660936791089184
11.220443861,0.33638044449402,1.391157737798286,0.043977189136747134
11.449432539,0.34324535235719905,1.4195487154827917,0.04986072827443177
11.678421218,0.35011026025035735,1.4479396932912816,0.05780277649013474
11.907409896,0.35697516811353647,1.4763306709757873,0.06432266922718455
12.136398575,0.3638400760066947,1.5047216487842772,0.06394786940396277
12.365387253,0.37070498386987377,1.5331126264687829,0.06228338042090168
12.594375932,0.3775698917630321,1.561503604277273,0.06119671780578707
12.82336461,0.38443479962621113,1.5898945819617787,0.06306609024329897
13.052353289,0.3912997075193694,1.6182855597702683,0.06985587379246638
13.281341967,0.39816461538254844,1.646676537454774,0.07908987739909987
13.510330646,0.40502952327570674,1.6750675152632641,0.08460422771170464
13.739319324,0.4118944311388858,1.7034584929477699,0.08468742544195482
13.968308003,0.41875933903204415,1.7318494707562597,0.08729324935797497
14.197296681,0.42562424689522316,1.7602404484407654,0.10216866398609838
14.42628536,0.43248915478838146,1.7886314262492553,0.09758781680726855
14.655274039,0.43935406268153976,1.8170224040577452,0.08348974589639119
14.884262717,0.4462189705447188,1.8454133817422511,0.07592765135157348
15.113251396,0.4530838784378771,1.873804359550741,0.07332244569604124
15.342240074,0.4599487863010561,1.9021953372352465,0.07044210234148479
15.571228753,0.4668136941942145,1.9305863150437366,0.07145410836880789
15.800217431,0.47367860205739354,1.9589772927282423,0.06662949919131164
16.02920611,0.48054350995055184,1.9873682705367322,0.06646142976741315
16.258194788,0.4874084178137309,2.015759248221238,0.06422912963746029
16.487183467,0.4942733257068892,2.044150226029728,0.0644134877593487
16.716172145,0.5011382335700683,2.0725412037142337,0.06591623039221434
16.945160824,0.5080031414632264,2.1009321815227233,0.06353875083060259
17.174149502,0.5148680493264055,2.129323159207229,0.06214322979302279
17.403138181,0.5217329572195638,2.157714137015719,0.0656367474948562
17.632126859,0.5285978650827429,2.186105114700225,0.06374095982904401
17.861115538,0.5354627729759012,2.2144960925087145,0.0629677427171255
18.090104216,0.5423276808390802,2.24288707019322,0.06566165690470285
18.319092895,0.5491925887322385,2.2712780480017103,0.06442492251216043
18.548081574,0.5560574966253969,2.2996690258102004,0.06810710049922145
18.777070252,0.562922404488576,2.328060003494706,0.060176671148451884
19.006058931,0.5697873123817342,2.3564509813031957,0.05906622876557597
19.235047609,0.5766522202449132,2.3848419589877015,0.0603157444992249
19.464036288,0.5835171281380716,2.4132329367961916,0.057540177436925834
19.693024966,0.5903820360012506,2.4416239144806973,0.05655664908012505
19.922013645,0.5972469438944089,2.470014892289187,0.05758328361018869
20.151002323,0.604111851757588,2.4984058699736926,0.05629064693415714
20.379991002,0.6109767596507463,2.5267968477821827,0.056778378067621885
20.60897968,0.6178416675139253,2.5551878254666884,0.05505402228917268
20.837968359,0.6247065754070836,2.5835788032751785,0.05338288255498954
21.066957037,0.6315714832702627,2.6119697809596842,0.05359723022108191
21.295945716,0.6384363911634209,2.640360758768174,0.05282932586472899
21.524934394,0.6453012990265999,2.6687517364526796,0.052973575505742984
21.753923073,0.6521662069197582,2.6971427142611697,0.05368336479203128
21.982911751,0.6590311147829373,2.7255336919456754,0.05568086973086583
22.21190043,0.6658960226760957,2.753924669754165,0.055722925333149625
22.440889109,0.672760930569254,2.782315647562655,0.0540555285350564
22.669877787,0.6796258384324331,2.810706625247161,0.0547549995793451
22.898866466,0.6864907463255914,2.839097603055651,0.053594022345379085
23.127855144,0.6933556541887704,2.8674885807401567,0.055411464987870675
23.356843823,0.7002205620819286,2.8958795585486463,0.05647649605516133
23.585832501,0.7070854699451077,2.924270536233152,0.05970181139739946
23.81482118,0.713950377838266,2.9526615140416417,0.06222995460515344
24.043809858,0.720815285701445,2.981052491726148,0.05886285457111993
24.272798537,0.7276801935946033,3.0094434695346375,0.05319144458652669
24.501787215,0.7345451014577824,3.037834447219143,0.05018342112876866
24.730775894,0.7414100093509407,3.0662254250276333,0.051436133120676325
24.959764572,0.7482749172141198,3.094616402712139,0.04751622160045916
25.188753251,0.7551398251072781,3.123007380520629,0.04761244510414788
25.417741929,0.7620047329704571,3.151398358205135,0.04623480887597183
25.646730608,0.7688696408636153,3.1797893360136245,0.045647325176684905
25.875719286,0.7757345487267944,3.20818031369813,0.04452555959539519
26.104707965,0.7825994566199528,3.2365712915066203,0.04413818410834454
26.333696644,0.7894643645131111,3.26496226931511,0.04364239500231079
26.562685322,0.7963292723762901,3.2933532469996156,0.04334756381364149
26.791674001,0.8031941802694484,3.3217442248081057,0.04415691300265665
27.020662679,0.8100590881326275,3.3501352024926114,0.04296044540624677
27.249651358,0.8169239960257858,3.3785261803011015,0.04182980420140456
27.478640036,0.8237889038889649,3.4069171579856072,0.04281589250037948
27.707628715,0.830653811782123,3.435308135794097,0.04287031000836478
27.936617393,0.8375187196453021,3.4636991134786026,0.0411476709355226
28.165606072,0.8443836275384604,3.4920900912870922,0.041010214749855396
28.39459475,0.8512485354016395,3.5204810689715984,0.041511466960143406
28.623583429,0.8581134432947978,3.548872046780088,0.04018019604233838
28.852572107,0.8649783511579768,3.5772630244645938,0.03953681087322571
29.081560786,0.8718432590511351,3.605654002273084,0.03912829388901845
29.310549464,0.8787081669143142,3.6340449799575896,0.0389340232460353
29.539538143,0.8855730748074725,3.6624359577660797,0.03829865721659407
29.768526821,0.8924379826706516,3.690826935450585,0.038656684296775316
29.9975155,0.8993028905638099,3.719217913259075,0.03739803928499301
30.226504179,0.9061677984569682,3.7476088910675647,0.037401727177587635
30.455492857,0.9130327063201472,3.775999868752071,0.03774941999538124
30.684481536,0.9198976142133055,3.8043908465605605,0.03771835782796843
30.913470214,0.9267625220764846,3.832781824245066,0.03820866917553116
31.142458893,0.9336274299696429,3.8611728020535563,0.036564684056022395
31.371447571,0.9404923378328219,3.889563779738062,0.03833682541325432
31.60043625,0.9473572457259802,3.917954757546552,0.03663312036978737
31.829424928,0.9542221535891593,3.946345735231058,0.03652408201697624
32.058413607,0.9610870614823175,3.9747367130395475,0.03759983561562956
32.287402285,0.9679519693454965,4.003127690724053,0.03697291745597849
32.516390964,0.974816877238655,4.031518668532543,0.03507324701938529
32.745379642,0.981681785101834,4.059909646217049,0.03534878924283308
32.974368321,0.9885466929949922,4.088300624025539,0.03505497665123401
33.203356999,0.9954116008581713,4.116691601710045,0.035680415949382815
33.432345678,1.0022765087513295,4.145082579518534,0.03386640603530412
33.661334356,1.0091414166145085,4.17347355720304,0.03460085667691028
33.890323035,1.016006324507667,4.20186453501153,0.03555384014827557
34.119311714,1.0228712324008251,4.23025551282002,0.035303180876456085
34.348300392,1.0297361402640042,4.258646490504526,0.03509562154774387
34.577289071,1.0366010481571626,4.287037468313016,0.03357490159613206
34.806277749,1.0434659560203416,4.315428445997521,0.03350603588841083
35.035266428,1.0503308639134998,4.3438194238060115,0.033582669345932785
35.264255106,1.057195771776679,4.372210401490517,0.03320498377462348
35.493243785,1.0640606796698373,4.400601379299006,0.03322867405986547
35.722232463,1.0709255875330164,4.428992356983512,0.03375278326610775
35.951221142,1.0777904954261748,4.457383334792002,0.034524717127043844
36.18020982,1.0846554032893538,4.485774312476508,0.03360230012622275
36.409198499,1.091520311182512,4.514165290284998,0.0342457229264797
36.638187177,1.098385219045691,4.542556267969504,0.033103253295906666
36.867175856,1.1052501269388495,4.570947245777994,0.0321050467716518
37.096164534,1.1121150348020286,4.5993382234624995,0.03278009208945404
37.325153213,1.1189799426951867,4.62772920127099,0.03202393037023043
37.554141891,1.1258448505583658,4.656120178955495,0.033174180584122075
37.78313057,1.132709758451524,4.6845111567639846,0.03301014230231928
38.012119249,1.1395746663446824,4.712902134572475,0.03245346194153475
38.241107927,1.1464395742078615,4.74129311225698,0.0323724830467849
38.470096606,1.1533044821010197,4.7696840900654704,0.03277781757817635
38.699085284,1.1601693899641987,4.798075067749976,0.031532988663130125
38.928073963,1.1670342978573571,4.826466045558466,0.03224123404703654
39.157062641,1.1738992057205362,4.854857023242972,0.03250027195588926
39.38605132,1.1807641136136944,4.883248001051462,0.03265626659032079
39.615039998,1.1876290214768734,4.911638978735968,0.03256537520772608
39.844028677,1.1944939293700316,4.940029956544457,0.03087948239749852
40.073017355,1.2013588372332107,4.968420934228963,0.03156353580587345
40.302006034,1.208223745126369,4.996811912037453,0.031285001553497796
40.530994712,1.2150886529895482,5.0252028897219585,0.031039321010238853
40.759983391,1.2219535608827063,5.053593867530449,0.030731728988187913
40.988972069,1.2288184687458854,5.081984845214954,0.030955586627022014
41.217960748,1.2356833766390438,5.110375823023444,0.0317262637395802
41.446949426,1.2425482845022229,5.13876680070795,0.03134600424017675
41.675938105,1.249413192395381,5.16715777851644,0.031192833814836413
41.904926784,1.2562781002885393,5.195548756324929,0.031054996011440763
42.133915462,1.2631430081517183,5.223939734009435,0.03125311918742408
42.362904141,1.2700079160448767,5.252330711817925,0.03143326014510479
42.591892819,1.2768728239080558,5.280721689502431,0.031033483867815764
42.820881498,1.2837377318012142,5.309112667310921,0.030110324351054474
43.049870176,1.2906026396643933,5.337503644995427,0.02975646486905746
43.278858855,1.2974675475575517,5.365894622803917,0.02996372481689434
43.507847533,1.3043324554207307,5.3942856004884225,0.030392389604248993
43.736836212,1.311197363313889,5.422676578296913,0.030990261958451358
43.96582489,1.318062271177068,5.451067555981418,0.030405447042207046
44.194813569,1.3249271790702262,5.4794585337899075,0.030609859152247423
44.423802247,1.3317920869334052,5.507849511474413,0.03158527062386257
44.652790926,1.3386569948265636,5.536240489282903,0.029937252205675342
44.881779604,1.3455219026897427,5.564631466967409,0.03013386464791534
45.110768283,1.352386810582901,5.593022444775899,0.03021525871839694
45.339756961,1.35925171844608,5.621413422460405,0.02968230349108532
45.56874564,1.3661166263392384,5.649804400268895,0.03086475556149175
45.797734319,1.3729815342323965,5.678195378077385,0.03091612860654051
46.026722997,1.3798464420955756,5.706586355761891,0.03030439268554439
46.255711676,1.3867113499887338,5.73497733357038,0.031409081140391946
46.484700354,1.3935762578519129,5.763368311254886,0.031635896562244685
46.713689033,1.4004411657450713,5.791759289063376,0.03258731530343827
46.942677711,1.4073060736082503,5.8201502667478815,0.03257475038978985
47.17166639,1.4141709815014085,5.848541244556372,0.03337187138001019
47.400655068,1.4210358893645876,5.876932222240877,0.03265960234891345
47.629643747,1.427900797257746,5.905323200049367,0.032880979250646196
47.858632425,1.434765705120925,5.933714177733873,0.034945116914899786
48.087621104,1.4416306130140832,5.962105155542363,0.03559513571277454
48.316609782,1.4484955208772623,5.990496133226869,0.03498193109209965
48.545598461,1.4553604287704205,6.018887111035358,0.03633578594485925
48.774587139,1.4622253366335995,6.047278088719864,0.03636293045829945
49.003575818,1.469090244526758,6.075669066528354,0.038807863772159314
49.232564496,1.475955152389937,6.10406004421286,0.039414439339718256
49.461553175,1.4828200602830952,6.13245102202135,0.040702226061935784
49.690541854,1.4896849681762536,6.16084199982984,0.04043072541096516
49.919530532,1.4965498760394327,6.1892329775143455,0.04285028161412037
50.148519211,1.503414783932591,6.217623955322836,0.04483410191808131
50.377507889,1.5102796917957702,6.246014933007341,0.04457027597490206
50.606496568,1.5171445996889283,6.2744059108158305,0.04821622336033478
50.835485246,1.5240095075521074,6.302796888500336,0.05189687938318
51.064473925,1.5308744154452658,6.331187866308826,0.055740398620710604
51.293462603,1.5377393233084449,6.359578843993332,0.06210394236206939
51.522451282,1.544604231201603,6.387969821801822,0.061668313774006125
51.75143996,1.5514691390647821,6.416360799486328,0.05940732385373498
51.980428639,1.5583340469579405,6.444751777294818,0.055826400276805584
52.209417317,1.5651989548211196,6.473142754979324,0.05503413384174574
52.438405996,1.5720638627142778,6.501533732787814,0.05501013342771201
52.667394674,1.5789287705774568,6.5299247104723195,0.05248054368420435
52.896383353,1.585793678470615,6.558315688280809,0.05263591118583852
53.125372031,1.592658586333794,6.586706665965314,0.05084523758749952
53.35436071,1.5995234942269525,6.6150976437738045,0.049319379929972346
53.583349389,1.6063884021201107,6.643488621582295,0.048063935618473747
53.812338067,1.6132533099832898,6.6718795992668,0.04903846803549123
54.041326746,1.6201182178764482,6.70027057707529,0.04880616447573971
54.270315424,1.6269831257396272,6.728661554759796,0.04793921131574831
54.499304103,1.6338480336327854,6.757052532568286,0.04594901216795348
54.728292781,1.6407129414959645,6.785443510252792,0.04868686470127957
54.95728146,1.6475778493891227,6.813834488061281,0.04850232552814404
55.186270138,1.6544427572523017,6.842225465745787,0.04804778904109638
55.415258817,1.6613076651454601,6.870616443554277,0.04783601374116586
55.644247495,1.6681725730086392,6.899007421238783,0.04849642301598779
55.873236174,1.6750374809017974,6.927398399047273,0.04988072934539522
56.102224852,1.6819023887649764,6.955789376731778,0.05198621779481738
56.331213531,1.6887672966581349,6.9841803545402685,0.053963385539970016
56.560202209,1.695632204521314,7.012571332224774,0.055762165622506535
56.789190888,1.702497112414472,7.040962310033264,0.05983348560046308
57.018179566,1.7093620202776512,7.06935328771777,0.060683459339258936
57.247168245,1.7162269281708094,7.097744265526259,0.05442139705088153
57.476156924,1.7230918360639678,7.126135243334749,0.055548743375451376
57.705145602,1.7299567439271468,7.154526221019255,0.055731892086207366
57.934134281,1.7368216518203052,7.182917198827745,0.055704498575911275
58.163122959,1.7436865596834843,7.211308176512251,0.052554952677722935
58.392111638,1.7505514675766427,7.239699154320741,0.05289366676245525
58.621100316,1.7574163754398218,7.268090132005247,0.05340172379357663
58.850088995,1.76428128333298,7.296481109813737,0.05321122497113735
59.079077673,1.771146191196159,7.3248720874982425,0.052232741297365194
59.308066352,1.7780110990893172,7.353263065306732,0.053198818961143444
59.53705503,1.7848760069524963,7.381654042991237,0.051183815898539216
59.766043709,1.7917409148456547,7.4100450207997275,0.051528113182451964
59.995032387,1.7986058227088337,7.438435998484233,0.04715008239570813
60.224021066,1.805470730601992,7.466826976292723,0.045063646386987
60.453009744,1.812335638465171,7.495217953977229,0.04316780864742083
60.681998423,1.8192005463583294,7.523608931785719,0.04292980273886593
60.910987101,1.8260654542215085,7.551999909470225,0.04076251087550841
61.13997578,1.8329303621146666,7.580390887278715,0.04146754730376184
61.368964459,1.8397952700078248,7.608781865087204,0.04177634507135619
61.597953137,1.846660177871004,7.63717284277171,0.040604186396282785
61.826941816,1.8535250857641623,7.6655638205802,0.039149614933664735
62.055930494,1.8603899936273414,7.693954798264706,0.036173340205043925
62.284919173,1.8672549015204996,7.722345776073196,0.03600237318023229
62.513907851,1.8741198093836786,7.750736753757701,0.03480085223252849
62.74289653,1.880984717276837,7.7791277315661915,0.034617673200837085
62.971885208,1.887849625140016,7.807518709250697,0.033588709687920736
63.200873887,1.8947145330331743,7.835909687059187,0.03293795205604319
63.429862565,1.9015794408963533,7.864300664743693,0.03234018483332655
63.658851244,1.9084443487895115,7.892691642552182,0.030191001374249862
63.887839922,1.9153092566526906,7.921082620236688,0.029748674889092858
64.116828601,1.9221741645458488,7.949473598045177,0.030571248826107032
64.345817279,1.929039072409028,7.977864575729684,0.028713394577861654
64.574805958,1.9359039803021862,8.006255553538173,0.02903912224225827
64.803794636,1.9427688881653655,8.03464653122268,0.027289577061901327
65.032783315,1.9496337960585237,8.06303750903117,0.0266846309753853
65.261771994,1.9564987039516821,8.091428486839659,0.027187185906451247
65.490760672,1.963363611814861,8.119819464524165,0.027096900686767057
65.719749351,1.9702285197080196,8.148210442332655,0.026193070612159367
65.948738029,1.9770934275711984,8.17660142001716,0.025265322127892505
66.177726708,1.9839583354643566,8.20499239782565,0.023966310022615744
66.406715386,1.990823243327536,8.233383375510156,0.024415856365025267
66.635704065,1.997688151220694,8.261774353318646,0.023258375865194882
66.864692743,2.0045530590838734,8.290165331003152,0.02324241113796072
67.093681422,2.0114179669770316,8.318556308811642,0.0221867436846973
67.3226701,2.01828287484021,8.346947286496148,0.02172795048284089
67.551658779,2.0251477827333684,8.375338264304636,0.021453269872023263
67.780647457,2.032012690596548,8.403729241989144,0.019892718211446968
68.009636136,2.038877598489706,8.432120219797632,0.019364164271468472
68.238624814,2.045742506352885,8.46051119748214,0.01800931720887309
68.467613493,2.0526074142460433,8.48890217529063,0.0162512839383272
68.696602171,2.0594723221092224,8.517293152975133,0.015035189574181004
68.92559085,2.066337230002381,8.545684130783625,0.013870980669921408
69.154579529,2.073202137895539,8.574075108592115,0.013889567632241686
69.383568207,2.0800670457587183,8.60246608627662,0.01377048419961065
69.612556886,2.0869319536518764,8.63085706408511,0.014381635986197077
69.841545564,2.0937968615150555,8.659248041769615,0.013789478152515376
70.070534243,2.1006617694082137,8.687639019578105,0.01395976858331296
70.299522921,2.107526677271393,8.716029997262611,0.014283228532127146
70.5285116,2.1143915851645514,8.744420975071101,0.01423033109482598
70.757500278,2.12125649302773,8.772811952755607,0.014546654311432998
70.986488957,2.1281214009208886,8.801202930564097,0.014978342603104886
71.215477635,2.1349863087840677,8.829593908248603,0.014413377424561143
71.444466314,2.141851216677226,8.857984886057093,0.01481383440878439
71.673454992,2.148716124540405,8.886375863741598,0.015506850636346235
71.902443671,2.155581032433563,8.914766841550088,0.015111160691693644
72.131432349,2.162445940296742,8.943157819234592,0.01566602499319554
72.360421028,2.169310848189901,8.971548797043084,0.015189819661782837
72.589409706,2.1761757560530794,8.999939774727588,0.016167326851968936
72.818398385,2.1830406639462376,9.028330752536078,0.015903119924493656
73.047387064,2.1899055718393963,9.05672173034457,0.01631038484203961
73.276375742,2.1967704797025753,9.085112708029074,0.015994652201246764
73.505364421,2.2036353875957335,9.113503685837564,0.01657130571775067
73.734353099,2.2105002954589126,9.141894663522072,0.01656368092542932
73.963341778,2.2173652033520708,9.17028564133056,0.016942772346142016
74.192330456,2.22423011121525,9.198676619015066,0.017719622979443492
74.421319135,2.2310950191084085,9.227067596823556,0.01709159449000404
74.650307813,2.237959926971587,9.255458574508062,0.017351761926855024
74.879296492,2.2448248348647453,9.283849552316552,0.017716303590893778
75.10828517,2.2516897427279248,9.312240530001057,0.01891592083202458
75.337273849,2.258554650621083,9.340631507809547,0.01839466789033445
75.566262527,2.265419558484262,9.369022485494053,0.019304270141613265
75.795251206,2.27228446637742,9.397413463302543,0.019052452045996458
76.024239884,2.2791493742405993,9.425804440987049,0.01963016443578787
76.253228563,2.2860142821337575,9.454195418795537,0.02055895670276408
76.482217241,2.2928791899969365,9.482586396480045,0.020980353437816304
76.71120592,2.299744097890095,9.510977374288533,0.020934836781609265
76.940194599,2.3066090057832533,9.539368352097023,0.02226533160490905
77.169183277,2.3134739136464324,9.56775932978153,0.021702357836187767
77.398171956,2.3203388215395906,9.596150307590019,0.023524178713549615
77.627160634,2.32720372940277,9.624541285274526,0.02437664536616067
77.856149313,2.3340686372959283,9.652932263083017,0.024858218613609286
78.085137991,2.340933545159107,9.68132324076752,0.025556461121005195
78.31412667,2.347798453052265,9.70971421857601,0.027044281783079428
78.543115348,2.3546633609154446,9.738105196260516,0.030179432522276645
78.772104027,2.361528268808603,9.766496174069006,0.03184941527432317
79.001092705,2.368393176671782,9.794887151753512,0.03457424404758429
79.230081384,2.37525808456494,9.823278129562002,0.038934699762067426
79.459070062,2.382122992428119,9.851669107246508,0.04929980188050837
79.688058741,2.3889879003212777,9.880060085054998,0.05043028405159974
79.917047419,2.3958528081844563,9.908451062739504,0.03575808713804267
80.146036098,2.4027177160776145,9.936842040547994,0.029012727671797096
80.375024776,2.409582623940794,9.9652330182325,0.026264672163600854
80.604013455,2.4164475318339522,9.99362399604099,0.023425181706240323
80.833002134,2.4233124397271104,10.022014973849478,0.021282014754310977
81.061990812,2.4301773475902895,10.050405951533985,0.01976698589649949
81.290979491,2.4370422554834477,10.078796929342476,0.01793049637403347
81.519968169,2.4439071633466267,10.10718790702698,0.016884067992963877
81.748956848,2.4507720712397854,10.135578884835471,0.0158427671838279
81.977945526,2.457636979102964,10.163969862519975,0.01509839770490995
82.206934205,2.464501886996122,10.192360840328465,0.014639652339103514
82.435922883,2.4713667948593017,10.220751818012973,0.013711201314381534
82.664911562,2.47823170275246,10.249142795821461,0.012633362035806773
82.89390024,2.4850966106156385,10.277533773505967,0.012250546918845109
83.122888919,2.491961518508797,10.305924751314457,0.011553620919053426
83.351877597,2.498826426371976,10.334315728998963,0.010952477582316012
83.580866276,2.5056913342651344,10.362706706807453,0.010759519371695754
83.809854954,2.5125562421283134,10.391097684491958,0.009804716971525898
84.038843633,2.519421150021472,10.419488662300449,0.009465330960085307
84.267832311,2.526286057884651,10.447879639984954,0.008795094800999978
84.49682099,2.5331509657778093,10.476270617793444,0.00862229829600672
84.725809669,2.5400158736709675,10.504661595601934,0.008373367373118248
84.954798347,2.5468807815341465,10.533052573286438,0.007904004356084142
85.183787026,2.553745689427305,10.56144355109493,0.007213645429875474
85.412775704,2.560610597290484,10.589834528779434,0.007102043494453757
85.641764383,2.567475505183642,10.618225506587924,0.006410842153962296
85.870753061,2.5743404130468215,10.646616484272432,0.006211126967842554
86.09974174,2.5812053209399797,10.67500746208092,0.005724340032720638
86.328730418,2.5880702288031587,10.703398439765428,0.0053676972854450385
86.557719097,2.594935136696317,10.731789417573918,0.005348060735141556
86.786707775,2.601800044559496,10.760180395258422,0.0048162027637385285
87.015696454,2.608664952452654,10.788571373066912,0.004764217132772755
87.244685132,2.6155298603158332,10.816962350751417,0.004316322477921614
87.473673811,2.6223947682089914,10.845353328559908,0.004016704940253495
87.702662489,2.629259676072171,10.873744306244413,0.003847398831586113
87.931651168,2.636124583965329,10.902135284052903,0.0035708713568706886
88.160639846,2.6429894918285077,10.930526261737409,0.003373005688461499
88.389628525,2.6498543997216664,10.9589172395459,0.003093953146206075
88.618617204,2.6567193076148246,10.98730821735439,0.0029256731550436625
88.847605882,2.6635842154780036,11.015699195038895,0.0026574952599438956
89.076594561,2.670449123371162,11.044090172847383,0.0024440625086529152
89.305583239,2.677314031234341,11.07248115053189,0.002325217910975864
89.534571918,2.684178939127499,11.100872128340379,0.002116346000211392
89.763560596,2.6910438469906786,11.129263106024887,0.0019291651119153772
89.992549275,2.6979087548838367,11.157654083833377,0.0016982999652423046
90.221537953,2.7047736627470154,11.18604506151788,0.0014478740550974444
90.450526632,2.711638570640174,11.214436039326372,0.0013049162217731334
90.67951531,2.718503478503353,11.242827017010876,0.0010929293066220206
90.908503989,2.7253683863965112,11.271217994819366,0.0008355091912940789
91.137492667,2.7322332942596903,11.299608972503874,0.0005913863185554415
91.366481346,2.7390982021528485,11.327999950312362,0.0
