frecuencia_THz,energia_meV,a2F_original,alpha2F_digitalizada_interp,alpha2F_nueva
0.006246060986203026,0.02583163267287,1.60175e-08,0.0,1.1322062425601685e-08
0.018738182958609077,0.07749489801861,4.32478e-07,0.0,3.0137830433283647e-07
0.031230304931015127,0.12915816336435,2.00222e-06,0.0,1.4068079280582066e-06
0.04372232820816334,0.1808210205393,5.49409e-06,0.0,3.9169554875074625e-06
0.05621451597740795,0.2324845579989,1.16769e-05,0.0,8.285566177943278e-06
0.06870670374665257,0.2841480954585,5.81741e-05,0.0,4.0846543264478665e-05
0.08119889151589718,0.3358116329181,0.000114049,0.0,8.10634117224634e-05
0.09369107928514178,0.38747517037769996,0.000155648,0.0,0.00010765922249592279
0.10618293807019359,0.43913734726799997,0.000211902,0.0,0.00014659000726129396
0.1186751258394382,0.4908008847276,0.000307961,0.0,0.00020990343679126163
0.1311673136086828,0.5424644221871999,0.00040741,0.0,0.00029066989294522505
0.14365950137792743,0.5941279596468,0.000597203,0.0,0.00042071757871270263
0.15615168914717203,0.6457914971063999,0.000786718,0.0,0.000549430133007967
0.16864354793222383,0.6974536739966999,0.000944397,0.0,0.0006598813445213188
0.18113573570146846,0.7491172114563,0.00115012,0.0,0.0008229283699636386
0.1936279234707131,0.8007807489159,0.00150702,0.0,0.0010457999208680804
0.20612011123995772,0.8524442863755001,0.00167936,0.0,0.001202198268823232
0.2186122990092023,0.9041078238350999,0.00236237,0.0,0.001673358864238784
0.23110415779425408,0.9557700007253999,0.00241849,0.0,0.0016423613880599626
0.2435963455634987,1.007433538185,0.00271127,0.0,0.0018722053978624587
0.2560885333327434,1.0590970756446,0.00297732,0.0,0.0021328770189289435
0.26858072110198794,1.1107606131041998,0.00335882,0.0,0.0023928055161339334
0.2810729088712326,1.1624241505638,0.00399636,0.0,0.0027438132863697984
0.29356476765628436,1.2140863274540998,0.00455215,0.0,0.003150171957376694
0.306056955425529,1.2657498649137,0.00507041,0.0,0.0036410923372267607
0.3185491431947736,1.3174134023733,0.00520716,0.0,0.0036111292384001926
0.3310403440114398,1.369072858125,0.0055236,0.0,0.003808140978842453
0.34353187381229877,1.420733674446,0.00603564,0.0,0.004201310544796107
0.35602669345508586,1.47240809646,0.00672542,0.0,0.0046598322437573485
0.36851822325594485,1.5240689127809999,0.00750802,0.0,0.005372370886866291
0.38100975305680385,1.5757297291019998,0.00830434,0.0,0.005868301938999526
0.3935012828576629,1.627390545423,0.00875713,0.0,0.006172772434426038
0.40599281265852183,1.679051361744,0.0089314,0.0,0.006263720920366928
0.41848763230130887,1.7307257837579997,0.00947705,0.0,0.0067917769986155915
0.43097916210216797,1.782386600079,0.0101116,0.0,0.007199855838416423
0.4434706919030269,1.8340474163999998,0.0108151,0.0,0.007635963485945936
0.4559622217038859,1.8857082327209997,0.0117248,0.0,0.008196408419529032
0.46845375150474494,1.937369049042,0.0128149,0.0,0.008748997695669225
0.4809452813056039,1.9890298653629999,0.0131014,0.0,0.009410040144372477
0.49344010094839097,2.040704287377,0.0138206,0.0,0.009620730700431027
0.50593163074925,2.092365103698,0.0144928,0.0,0.009856156398349372
0.5184231605501091,2.144025920019,0.015165,0.0,0.010655784678750726
0.5309146903509679,2.19568673634,0.015851,0.0,0.011277813634400478
0.5434062201518269,2.2473475526609996,0.0168114,0.0,0.012108684546928188
0.555901039794614,2.299021974675,0.0175761,0.0,0.012048109717157075
0.568392569595473,2.3506827909959997,0.0183739,0.0,0.013004095376062218
0.580884099396332,2.402343607317,0.0191957,0.0,0.013719513169883226
0.5933756291971911,2.454004423638,0.0199249,0.0,0.01417331011133161
0.60586715899805,2.505665239959,0.0210088,0.0,0.01458547307113473
0.6183586887989091,2.55732605628,0.0220793,0.0,0.01562502271845722
0.630853508441696,2.6090004782939995,0.0228572,0.0,0.01622246392698681
0.6433450382425552,2.660661294615,0.0232935,0.0,0.015950091247461152
0.6558365680434141,2.712322110936,0.0242053,0.0,0.017324302534100902
0.668328097844273,2.7639829272569996,0.0253032,0.0,0.018117264352403663
0.680819627645132,2.8156437435779997,0.026436,0.0,0.019037801207208854
0.6933144472879191,2.8673181655919997,0.0274376,0.0,0.01876392378482492
0.7058059770887781,2.918978981913,0.028393,0.0,0.0196054615457192
0.7182975068896371,2.9706397982339996,0.029046,0.0,0.02035432641484166
0.7307890366904961,3.0223006145549998,0.0302485,0.0,0.021477814438386242
0.7432805664913552,3.073961430876,0.0314441,0.0,0.022094888752508344
0.7557720962922141,3.1256222471969997,0.0323909,0.0,0.02205122332308952
0.7682669159350013,3.177296669211,0.0333844,0.0,0.023517947512428004
0.7807584457358602,3.228957485532,0.0348388,0.0,0.024737225041745758
0.7932499755367193,3.280618301853,0.0356652,0.0,0.024706652291273674
0.8057415053375782,3.3322791181739997,0.0364799,0.0,0.02564235795570657
0.8182330351384373,3.383939934495,0.0374736,0.0,0.02623079347679514
0.8307278547812242,3.435614356509,0.0385224,0.0,0.02762600273778584
0.8432193845820832,3.4872751728299995,0.0398151,0.0,0.027890288940583707
0.8557109143829422,3.5389359891509997,0.0412228,0.0,0.029482769762977323
0.8682024441838014,3.5905968054720003,0.0426285,0.0,0.02895770609311528
0.8806939739846603,3.642257621793,0.0433762,0.0,0.03046263475566082
0.8931855037855193,3.693918438114,0.0441894,0.0,0.03093374094444494
0.9056803234283064,3.745592860128,0.0456372,0.0,0.032845683367556236
0.9181718532291654,3.797253676449,0.0472149,0.0,0.03271373854732403
0.9306633830300243,3.8489144927699996,0.0485039,0.0,0.033205538628074
0.9431549128308834,3.900575309091,0.0494451,0.0,0.03375415378344078
0.9556464426317423,3.9522361254119995,0.0502968,0.0,0.03544797875982054
0.9681412622745295,4.003910547426,0.0516103,0.0,0.03651025878656987
0.9806327920753882,4.055571363746999,0.0529874,0.0,0.03608431155101604
0.9931243218762476,4.107232180068,0.0542436,0.0,0.03864563739970914
1.0056158516771063,4.158892996389,0.055509,0.0,0.0380388897136571
1.0181073814779653,4.21055381271,0.0568797,0.0,0.038770345712789325
1.0305989112788245,4.262214629031,0.0583148,0.0,0.03975279892568821
1.0430937309216115,4.313889051045,0.0596058,0.0,0.04269597091348641
1.0555852607224705,4.365549867366,0.0607249,0.0,0.043492635221566954
1.0680767905233293,4.417210683686999,0.0617115,0.0,0.043686606651639245
1.0805683203241885,4.4688715000079995,0.0632226,0.0,0.045490384806053004
1.0930598501250475,4.520532316329,0.0649276,0.0,0.04461046788075008
1.1055546697678347,4.5722067383430005,0.0662765,0.0,0.045265642512750316
1.1180461995686934,4.623867554664,0.0671913,0.0,0.0457939137486704
1.1305377293695527,4.675528370985,0.0684705,0.0,0.04684725573701602
1.1430292591704116,4.727189187306,0.0701995,0.0,0.04862327421780232
1.1555207889712704,4.778850003626999,0.0718037,0.0,0.04904228711116575
1.1680123187721294,4.830510819948,0.0734062,0.0,0.05213343495274714
1.1805071384149166,4.8821852419619995,0.0743961,0.0,0.051805309443452935
1.1929986682157756,4.933846058283,0.075272,0.0,0.054050864306584
1.2054901980166346,4.985506874604,0.0769785,0.0,0.053557110102006256
1.2179817278174936,5.037167690925,0.078673,0.0,0.05614429127278366
1.2304732576183528,5.088828507246,0.0799696,0.0,0.05765765999254645
1.2429647874192116,5.1404893235669995,0.0815945,0.0,0.057126449989249296
1.2554596070619986,5.1921637455809995,0.0829607,0.0,0.05798601630808884
1.2679511368628575,5.243824561902,0.0844877,0.0,0.0591680202569372
1.2804426666637168,5.295485378223,0.0860683,0.0,0.05860791382217514
1.2929341964645755,5.347146194543999,0.0872443,0.0,0.05978298108593444
1.3054257262654347,5.398807010865,0.0884714,0.0,0.061419926556063695
1.3179205459082217,5.450481432879,0.0903387,0.0,0.06476885313342785
1.330412075709081,5.5021422492,0.0917071,0.0,0.06606259367733772
1.3429036055099397,5.553803065521,0.0934718,0.0,0.06421070851789876
1.3553951353107987,5.605463881842,0.0950788,0.0,0.06543597926146212
1.3678866651116577,5.657124698163,0.096406,0.0,0.06741398535547696
1.3803781949125167,5.708785514483999,0.0980945,0.0,0.06691953803283006
1.3928730145553037,5.760459936497999,0.0998719,0.0,0.0700132515727123
1.4053645443561626,5.812120752818999,0.101171,0.0,0.07188523159336806
1.4178560741570219,5.86378156914,0.10254,0.0,0.07254860226655907
1.4303476039578809,5.915442385461,0.10417,0.0,0.07390523263889731
1.4428391337587398,5.967103201782,0.105715,0.0,0.07448715268041266
1.4553339534015268,6.018777623796,0.107585,0.0,0.07309403085343842
1.4678254832023858,6.070438440117,0.109385,0.0,0.07705943741931832
1.4803170130032448,6.122099256437999,0.110912,0.0,0.07658174700397452
1.4928085428041038,6.173760072758999,0.112435,0.0,0.08070295791949122
1.5053000726049628,6.22542088908,0.114156,0.0,0.07753290712377903
1.5177916024058218,6.277081705401,0.115771,0.0,0.08089552210404889
1.530286422048609,6.328756127415,0.117148,0.0,0.08125587889424234
1.542777951849468,6.380416943736,0.119059,0.0,0.08551070195284555
1.555269481650327,6.432077760057,0.121119,0.0,0.086097017885942
1.5677610114511857,6.483738576377999,0.122873,0.0,0.08391067485554433
1.580252541252045,6.5353993926989995,0.12451,0.0,0.08600173785842266
1.592747360894832,6.5870738147129995,0.126263,0.0,0.08765681371558363
1.605238890695691,6.638734631034,0.128039,0.0,0.08699291443402354
1.61773042049655,6.690395447355,0.129997,0.0,0.09260285532703336
1.6302219502974091,6.742056263676,0.132016,0.0,0.09483942881734157
1.642713480098268,6.793717079996999,0.133627,0.0,0.09584883784914884
1.6552050098991269,6.845377896317999,0.135428,0.0,0.09495909588586116
1.667699829541914,6.897052318331999,0.137392,0.0,0.09746508306794993
1.680191359342773,6.948713134653,0.139424,0.0,0.09575572605822823
1.6926828891436323,7.000373950974001,0.141351,0.0,0.09603348145424964
1.705174418944491,7.052034767295,0.143702,0.0,0.10314740797020479
1.71766594874535,7.103695583616,0.145506,0.0,0.10135945356385101
1.730160768388137,7.155370005629999,0.147599,0.0,0.10029605936790355
1.7426522981889963,7.207030821951,0.149507,0.0,0.1063440421520465
1.755143827989855,7.2586916382719995,0.15166,0.0,0.10515853249721345
1.767635357790714,7.310352454593,0.153959,0.0,0.10666385459184588
1.780126887591573,7.362013270913999,0.156326,0.0,0.11203643577096632
1.792618417392432,7.413674087234999,0.158584,0.0,0.1114796752492954
1.8051132370352192,7.465348509249,0.160824,0.002506365746397713,0.11046475379813729
1.8176047668360782,7.517009325569999,0.162829,0.008629364190892087,0.11817207533610653
1.8300962966369374,7.568670141891,0.165212,0.014752362635386674,0.11814769973009064
1.8425878264377962,7.620330958212,0.167812,0.020875361079881048,0.12719850175576652
1.8550793562386552,7.671991774533,0.170648,0.02699835952437553,0.12992982631266847
1.8675741758814421,7.723666196546999,0.173031,0.03312297055734618,0.12765661970831887
1.8800657056823014,7.775327012868,0.175282,0.03924596900184076,0.1340416581081439
1.8925572354831601,7.826987829188999,0.17788,0.04536896744633514,0.13728206443516364
1.9050487652840191,7.878648645509999,0.180621,0.05149196589082961,0.14198875455314386
1.9175402950848783,7.930309461831,0.183271,0.057614964335324204,0.14670370186062442
1.9300318248857373,7.981970278152,0.18624,0.06373796277981858,0.15044258940818905
1.9425266445285245,8.033644700166,0.189499,0.06986257381278944,0.15268584926272158
1.955018174329383,8.085305516486999,0.192285,0.07598557225728371,0.15600659136164668
1.9675097041302423,8.136966332807999,0.194997,0.08210857070177818,0.16530089430803846
1.9800012339311013,8.188627149129,0.198088,0.08823156914627266,0.1675730127072764
1.9924927637319603,8.24028796545,0.201273,0.09435456759076714,0.1690443270981878
2.004987583374747,8.291962387463998,0.204636,0.1004791786237378,0.17407114395358012
2.0174791131756065,8.343623203785,0.208349,0.10642088496212901,0.17427766064367275
2.0299706429764655,8.395284020106,0.212032,0.1085771408849353,0.17839930942021853
2.0424621727773244,8.446944836426999,0.215423,0.11073339680774148,0.1876604549478309
2.0549537025781834,8.498605652748,0.21854,0.11288965273054775,0.19096787130904008
2.0674452323790424,8.550266469069,0.222264,0.11504590865335403,0.18544959211520579
2.0799400520218296,8.601940891083,0.226402,0.11720273246025906,0.18888713885346076
2.092431581822688,8.653601707403999,0.230704,0.11935898838306527,0.1976166298129432
2.1049231116235476,8.705262523725,0.234954,0.12151524430587163,0.20500795416997208
2.1174146414244066,8.756923340046,0.2393,0.12367150022867791,0.20808668797404095
2.129906171225265,8.808584156366999,0.24344,0.12582775615148412,0.2071445252319266
2.142400990868053,8.860258578381,0.247657,0.12798457995838916,0.20944249527073372
2.154892520668912,8.911919394702,0.253084,0.13014083588119543,0.21746577671211792
2.167384050469771,8.963580211023,0.258367,0.1322970918040017,0.226555755107452
2.1798755802706293,9.015241027343999,0.263494,0.13445334772680792,0.226171545069746
2.1923671100714883,9.066901843664999,0.268847,0.13660960364961422,0.22583027668461939
2.2048586398723473,9.118562659985999,0.274599,0.13935198270332103,0.23798416845720047
2.2173534595151345,9.170237082,0.280025,0.14258721841367858,0.23310751678003436
2.229844989315993,9.221897898320998,0.286336,0.1458216022978879,0.23902506195523432
2.242336519116853,9.273558714642,0.293197,0.14905598618209745,0.24561395003653727
2.254828048917712,9.325219530963,0.299952,0.1522903700663069,0.25234270307203244
2.2673195787185705,9.376880347283999,0.306856,0.15552475395051624,0.2544295265177883
2.2798111085194295,9.428541163604999,0.314713,0.15875913783472567,0.2631545768865804
2.2923059281622167,9.480215585619,0.322084,0.16199437354508323,0.26732504902809756
2.3047974579630757,9.53187640194,0.330623,0.1658832883084783,0.2730054269897028
2.317288987763934,9.583537218260998,0.340066,0.16992626816374,0.2906278370656353
2.3297805175647937,9.635198034582,0.348901,0.173969248019002,0.29738204519221834
2.3422720473656526,9.686858850903,0.359584,0.1751191442135157,0.306131424006002
2.35476686700844,9.738533272917,0.369969,0.1751191442135157,0.30410269738347706
2.367258396809299,9.790194089238,0.381023,0.17519020773980531,0.32264256342962955
2.379749926610158,9.841854905559,0.394261,0.1833612828157028,0.3366406650403419
2.392241456411017,9.89351572188,0.407558,0.1915323578916003,0.3496435015603619
2.4047329862118754,9.945176538200998,0.422289,0.1997034329674975,0.35978585026611315
2.417224516012735,9.996837354522,0.438176,0.20787450804339527,0.35844043520352276
2.4297193356555216,10.048511776536,0.455203,0.21604773510114034,0.37378035986467806
2.442210865456381,10.100172592857,0.475056,0.22421881017703785,0.4113340632923879
2.45470239525724,10.151833409178,0.496802,0.23238988525293536,0.4299955452378347
2.467193925058099,10.203494225499,0.520775,0.24056096032883287,0.44766912913622775
2.479685454858958,10.25515504182,0.548977,0.24873203540473035,0.4532806727297076
2.4921802745017447,10.306829463834,0.580866,0.25607633243870104,0.4760981364200095
2.5046718043026037,10.358490280155,0.620219,0.2632417367360266,0.49971303497590536
2.5171633341034627,10.410151096476,0.666408,0.2704071410333521,0.5356499828798258
2.5296548639043217,10.461811912797,0.720545,0.279329669418165,0.5804108519043458
2.5421463937051807,10.513472729117998,0.798627,0.2917734058887109,0.6364703716048601
2.55463792350604,10.565133545439,0.909925,0.3042171423592577,0.7175116923137824
2.5671327431488273,10.616807967453001,1.11055,0.31666415608460285,0.8782425346143616
2.579624272949686,10.668468783774,1.35037,0.3382666048927709,1.0339554945397957
2.592115802750545,10.720129600095,1.29949,0.361948873333084,0.994870341060588
2.604607332551404,10.771790416416,1.3172,0.38563114177339713,1.0379219888254112
2.617098862352263,10.823451232737,1.21857,0.4093134102137102,0.9938572690083897
2.6295936819950496,10.875125654750999,1.12797,0.4325606303462879,0.9175014410589032
2.642085211795909,10.926786471071999,1.15138,0.44907663315927215,0.9678962234299946
2.654576741596768,10.978447287393,0.90644,0.46559263597225636,0.7763532435593877
2.667068271397627,11.030108103714,0.806666,0.4825511322836342,0.7040040657369424
2.679559801198486,11.081768920035,0.741968,0.5128304707741058,0.6720859522965078
2.692051330999345,11.133429736356,0.69862,0.5431098092645772,0.6420506906286658
2.704546150642132,11.18510415837,0.659778,0.573397122297712,0.6207348011411901
2.7170376804429908,11.236764974690999,0.632219,0.6036764607881824,0.6254763093943482
2.7295292102438498,11.288425791012,0.607293,0.6272931562070168,0.6247721500008858
2.742020740044709,11.340086607333,0.58362,0.6439271304686655,0.607463095054675
2.754512269845568,11.391747423654,0.566095,0.6605611047303139,0.5990041585151703
2.767007089488355,11.443421845667999,0.549824,0.666787157375278,0.5779957577428733
2.779498619289214,11.495082661988999,0.534446,0.6712655350611065,0.5586934705649286
2.7919901490900734,11.54674347831,0.519856,0.6757439127469351,0.576205586420012
2.804481678890932,11.598404294630999,0.50741,0.6802222904327634,0.5739505192661496
2.816973208691791,11.650065110952,0.496094,0.6847006681185918,0.5605533089372158
2.82946473849265,11.701725927273,0.48688,0.685029423569887,0.5603029971745025
2.8419595581354375,11.753400349287,0.477194,0.6741590315830859,0.5271843137380888
2.854451087936296,11.805061165607999,0.467358,0.6632915017321426,0.5351363714376794
2.866942617737155,11.856721981928999,0.459464,0.6524239718811989,0.5245686017423612
2.8794341475380145,11.90838279825,0.452566,0.6399747460042721,0.5054750974980715
2.891925677338873,11.960043614571,0.446261,0.6225759913168012,0.487383465700655
2.9044204969816603,12.011718036585,0.440003,0.6051726543921192,0.501063863288913
2.916912026782519,12.063378852905998,0.433762,0.5877738997046483,0.48459202722871725
2.9294035565833783,12.115039669227,0.428254,0.5703751450171762,0.4594797773048835
2.9418950863842372,12.166700485547999,0.423251,0.5502030495309035,0.4511160721625075
2.9543866161850962,12.218361301868999,0.41886,0.5279335211478218,0.4520233540238345
2.9668781459859552,12.270022118189999,0.414799,0.5056639927647401,0.4368738215488582
2.9793729656287424,12.321696540204,0.41068,0.4833885993491632,0.4437452364352508
2.991864495429601,12.373357356524998,0.406646,0.46688381141681434,0.4223053683427633
3.00435602523046,12.425018172845999,0.404006,0.4536522409814124,0.41400704545273503
3.0168475550313194,12.476678989167,0.400534,0.4404206705460099,0.4067292951185297
3.029339084832178,12.528339805487999,0.39744,0.42656043282627154,0.40091360213217664
3.0418339044749656,12.580014227502,0.394564,0.41254107808138873,0.40374226078659237
3.054325434275824,12.631675043822998,0.392171,0.3985254145831483,0.38583862345589753
3.0668169640766836,12.683335860144,0.390056,0.3845097510849068,0.3772196005130989
3.079308493877542,12.734996676464998,0.388023,0.3704940875866663,0.3940996934501346
3.091800023678401,12.786657492785999,0.386917,0.35649254357751403,0.3880276101553301
3.1042915534792606,12.838318309107,0.385375,0.35649254357751403,0.37455013685157723
3.1167863731220473,12.889992731121,0.384068,0.35649254357751403,0.3744768988423611
3.1292779029229063,12.941653547442,0.382988,0.3562579106278986,0.37004590776042295
3.1417694327237653,12.993314363762998,0.381767,0.35392915423126786,0.3803148698675793
3.1542609625246247,13.044975180084,0.381259,0.351600397834637,0.3766854266671833
3.1667524923254833,13.096635996404999,0.380268,0.34927164143800626,0.36783776258562517
3.1792473119682705,13.148310418419,0.379847,0.3469422717265488,0.3758172098843413
3.1917388417691295,13.19997123474,0.380143,0.34461351532991796,0.37417666922529175
3.2042303715699885,13.251632051061,0.380173,0.3422847589332872,0.3682379344325024
3.2167219013708475,13.303292867382,0.380459,0.3399560025366564,0.3598762553229599
3.2292134311717064,13.354953683703,0.380291,0.33772977812606586,0.3694407312348275
3.2417049609725654,13.406614500023998,0.380492,0.33772977812606586,0.3620453318018083
3.254199780615353,13.458288922038001,0.381748,0.33772977812606586,0.36829522365933737
3.266691310416211,13.509949738358998,0.38281,0.33772977812606586,0.3771894683250052
3.2791828402170706,13.56161055468,0.384623,0.33757521047894823,0.36412924577995825
3.2916842395437134,13.613312188079998,0.386198,0.3370694387035336,0.3823847770359147
3.304152740451076,13.664877764549999,0.387829,0.33656499790647537,0.3784757014931278
3.3166541397777194,13.71657939795,0.389971,0.33605922613106076,0.37838482710639115
3.3291555391043626,13.768281031349998,0.392158,0.33555345435564615,0.37278814540102334
3.3416569384310058,13.819982664749999,0.395035,0.33504768258023154,0.36741845926964856
3.3541254393383686,13.87154824122,0.397285,0.33454324178317324,0.3849089942307471
3.366626838665012,13.92324987462,0.401042,0.3340374700077586,0.3808320858781772
3.3791282379916545,13.974951508019998,0.405399,0.33353169823234396,0.3818672317461105
3.3915967388990174,14.02651708449,0.40996,0.3330272574352857,0.38909925386901406
3.4040981382256605,14.07821871789,0.413943,0.3325214856598711,0.3898844680915767
3.4165995375523033,14.129920351289998,0.420438,0.3320157138844565,0.38517853178845163
3.429100936878947,14.181621984689999,0.429065,0.33150994210904183,0.4034924319246637
3.4415694377863093,14.23318756116,0.440931,0.3354863745049673,0.3989974185059914
3.4540708371129525,14.284889194559998,0.461186,0.3398022936551721,0.4316577300271499
3.4665722364395957,14.336590827959999,0.468805,0.34408466792316994,0.44232642069706135
3.4790407373469585,14.38815640443,0.475887,0.3473130890243429,0.4253514869720503
3.4915421366736017,14.43985803783,0.468879,0.3505500283869965,0.4459610539987083
3.5040435360002444,14.491559671229998,0.460328,0.35378696774965,0.417232905303596
3.516544935326888,14.543261304629999,0.454401,0.3576112036507552,0.41917301161703685
3.5290134362342505,14.5948268811,0.449085,0.36440787965322474,0.4176928118463285
3.5415148355608936,14.646528514499998,0.445626,0.37122248883775855,0.4270000868501645
3.554016234887537,14.698230147899999,0.440623,0.3780370980222926,0.4297871765212905
3.56651763421418,14.749931781299999,0.438939,0.3848517072068266,0.42452890015048483
3.578986135121543,14.80149735777,0.434846,0.3933458396943983,0.4245972550746097
3.5914875344481856,14.853198991169998,0.432906,0.4031382612957032,0.41439521230080684
3.6039889337748288,14.904900624569999,0.430484,0.41293068289700846,0.4197493867008875
3.6164574346821916,14.95646620104,0.429146,0.42269733496778394,0.4366134771281116
3.6289588340088343,15.008167834439998,0.429946,0.43248975656908883,0.4238798156980705
3.641460233335478,15.059869467839999,0.427369,0.44228217817039406,0.4244031731315444
3.653961632662121,15.11157110124,0.425601,0.45207459977169934,0.44502766825185525
3.666430133569484,15.16313667771,0.424808,0.4618412518424749,0.4484714825167343
3.6789315328961267,15.214838311109999,0.425304,0.4716336734437797,0.4506088725966244
3.69143293222277,15.266539944509999,0.42435,0.481426095045085,0.4348178676689137
3.7039014331301328,15.31810552098,0.423824,0.4927952638706423,0.4516104756997203
3.7164028324567755,15.369807154379998,0.425478,0.5042197557388312,0.4614191130269856
3.728904231783419,15.421508787779999,0.427054,0.5128489223395816,0.45890421176235857
3.7414056311100623,15.47321042118,0.430998,0.5128489223395816,0.44494823941264255
3.753874132017425,15.52477599765,0.434308,0.5128489223395816,0.4527067428245826
3.766375531344068,15.576477631049999,0.435346,0.5128489223395816,0.46014213283069866
3.778876930670711,15.628179264449999,0.437359,0.512892043467062,0.45223812320785217
3.791345431578074,15.67974484092,0.442181,0.5133811981793609,0.47729938244147396
3.8038468309047166,15.731446474319998,0.44815,0.5138716435373387,0.4599527366938635
3.81634823023136,15.783148107719999,0.45884,0.5143620888953165,0.4688151998497879
3.8288496295580035,15.83484974112,0.463521,0.5148525342532944,0.4658203614985611
3.841318130465366,15.88641531759,0.471444,0.5153416889655933,0.49169283062804453
3.853819529792009,15.938116950989999,0.482074,0.5158321343235711,0.4980151822663963
3.866320929118652,15.98981858439,0.494709,0.5163225796815489,0.5041381320642739
3.8787894300260146,16.041384160859998,0.509568,0.5168117343938479,0.4978792148222375
3.891290829352658,16.09308579426,0.52668,0.5173021797518257,0.5097504148646609
3.903792228679301,16.14478742766,0.519688,0.5177926251098035,0.5132470996545104
3.9162936280059446,16.19648906106,0.529443,0.5182830704677813,0.5256995131418561
3.928762128913307,16.24805463753,0.542424,0.5187722251800803,0.5233298306684068
3.9412635282399506,16.29975627093,0.567964,0.5211332961438138,0.5700487398855885
3.953764927566593,16.351457904329997,0.600926,0.5273759649146456,0.5913736153693069
3.9662334284739558,16.403023480799998,0.636066,0.5336022056097652,0.6172099582700181
3.978734827800599,16.4547251142,0.682787,0.5423777052046679,0.6300711409219958
3.991236227127242,16.5064267476,0.746721,0.5566103546160301,0.6930871288282233
4.003737626453885,16.558128381,0.827378,0.5708430040273924,0.7343182622698465
4.016206127361248,16.60969395747,1.42762,0.5850381990981984,1.1983167562407215
4.028707526687891,16.66139559087,2.07477,0.6115978991952822,1.6804499433958662
4.041208926014534,16.713097224269998,1.90697,0.6412600344457794,1.5189423758234797
4.053710325341177,16.764798857669998,1.84748,0.6709221696962788,1.4549693993273085
4.06617882624854,16.81636443414,1.55515,0.700506246696119,1.2648254873422575
4.078680225575183,16.86806606754,1.22781,0.7260186338122129,1.0737781986933326
4.091181624901827,16.91976770094,0.977517,0.7444180786104548,0.931749807231216
4.103650125809189,16.97133327741,0.947698,0.7627691038171227,0.8967358684665679
4.116151525135833,17.02303491081,0.957438,0.7838636500385524,0.8968069818639384
4.128652924462475,17.074736544209998,1.01549,0.8110539406848412,0.9497743871626775
4.141154323789118,17.126438177609998,1.07585,0.8382442313311319,1.0081842725179042
4.153622824696481,17.17800375408,1.16847,0.8653629685809852,1.0754844041013287
4.166124224023124,17.22970538748,1.1953,0.8925532592272759,1.0816507915378686
4.178625623349768,17.28140702088,1.20554,0.9304504273210444,1.093942736804827
4.1910941242571305,17.33297259735,1.23258,0.9801184442621672,1.1729684150409077
4.203595523583774,17.38467423075,1.27679,1.0299175113799155,1.1731629907420882
4.216096922910416,17.436375864149998,1.33298,1.0797165784976603,1.2387837548451601
4.228598322237059,17.488077497549998,1.44071,1.1663888478838764,1.3465460240307068
4.241066823144422,17.53964307402,1.57738,1.2683517488666178,1.5172239075046972
4.253568222471065,17.59134470742,1.60606,1.3705836812503684,1.5268831955015882
4.266069621797708,17.64304634082,1.63191,1.4728156136341195,1.6017711840249866
4.278538122705071,17.69461191729,1.67676,1.5788472479855074,1.599054934942825
4.291039522031714,17.74631355069,1.72279,1.6925595671075624,1.7240588442121592
4.3035409213583575,17.798015184089998,1.6795,1.8062718862296097,1.7385913657982641
4.316042320685001,17.84971681749,1.27716,1.9199842053516645,1.4396704199954846
4.3285108215923636,17.90128239396,1.10654,2.033397281528662,1.4025746453836232
4.341012220919007,17.95298402736,0.972372,2.07477,1.2851909308306768
4.35351362024565,18.00468566076,0.860084,1.9798386805311876,1.2244803086543505
4.365982121153013,18.05625123723,0.782903,1.885157180324135,1.1159336598071201
4.378483520479656,18.10795287063,0.69139,1.7902258608553228,1.0183716809354084
4.390984919806298,18.159654504029998,0.632329,1.6541538183411237,0.9497823435607627
4.403486319132941,18.21135613743,0.561696,1.4327471659356195,0.8189559310881562
4.415954820040304,18.2629217139,0.511557,1.2119231626153915,0.7179781052661455
4.428456219366947,18.3146233473,0.453099,0.9905165102098872,0.6316772020875101
4.440957618693591,18.3663249807,0.408905,0.8654345042149002,0.5591378794128066
4.4534261196009535,18.41789055717,0.365505,0.7578788344442925,0.49116975180154965
4.465927518927597,18.46959219057,0.32067,0.6500393766267971,0.41655396079827556
4.47842891825424,18.521293823969998,0.282981,0.5555649125496691,0.35545867984521107
4.490930317580883,18.57299545737,0.239837,0.517409280166058,0.329262446492856
4.503398818488246,18.62456103384,0.183267,0.4793540573413511,0.2662972253481207
4.515900217814889,18.67626266724,0.157148,0.44119842495774014,0.24768927465879467
4.528401617141532,18.72796430064,0.151585,0.40452908737151255,0.22421484826997015
4.540903016468175,18.77966593404,0.147134,0.38265184202392266,0.2220680689598621
4.553371517375538,18.83123151051,0.142994,0.3608321683746159,0.20822977266839424
4.5658729167021805,18.882933143909998,0.137528,0.3389549230270276,0.19641130585099817
4.578374316028824,18.93463477731,0.132959,0.317471072031716,0.18970909943378617
4.590842816936187,18.98620035378,0.128861,0.3001946564092221,0.17962780815808124
4.60334421626283,19.03790198718,0.126297,0.2828726565766426,0.1717511203006078
4.615845615589473,19.08960362058,0.122192,0.26555065674406303,0.16338598726289089
4.628347014916116,19.14130525398,0.117141,0.24863357891792828,0.16000123263075489
4.640815515823479,19.19287083045,0.114073,0.23496026601884284,0.15234849626389566
4.653316915150121,19.244572463849998,0.111747,0.22125087577701671,0.14423863160886996
4.665818314476765,19.29627409725,0.10813,0.20754148553518964,0.1358591447004261
4.678286815384127,19.34783967372,0.104334,0.1991847731453677,0.13549257770911832
4.690788214710771,19.39954130712,0.100698,0.19710388355509026,0.1271082263430144
4.7032896140374145,19.45124294052,0.0986859,0.19502299396481282,0.12548567029387314
4.715791013364058,19.50294457392,0.0962435,0.18754692585541,0.12412171183517681
4.7282595142714205,19.55451015039,0.0912727,0.1735571010836604,0.11392212435984868
4.740760913598063,19.60621178379,0.0891297,0.15953036384549563,0.1128410440158308
4.753262312924706,19.65791341719,0.0869148,0.1455036266073299,0.10327359332320898
4.765730813832069,19.70947899366,0.0846086,0.13151380183558034,0.0984663043931443
4.778232213158712,19.76118062706,0.0802332,0.11748706459741459,0.09162329027352611
4.790733612485355,19.81288226046,0.0770437,0.11117409034723628,0.0861831041199323
4.803235011811998,19.86458389386,0.0761093,0.10901613077213385,0.08580004659819922
4.815703512719361,19.91614947033,0.0716295,0.10686385003801852,0.08254233817684682
4.8282049120460035,19.96785110373,0.069023,0.09970959944111178,0.07969167600370956
4.840706311372647,20.01955273713,0.0662839,0.09088158299751115,0.07500997122044441
4.85317481228001,20.0711183136,0.0635314,0.08207679817613048,0.06751427653754948
4.865676211606653,20.122819947,0.0587131,0.07413605807628984,0.06519797368621763
4.878177610933296,20.1745215804,0.0576512,0.06965414203569255,0.06167684069507816
4.89067901025994,20.2262232138,0.0528404,0.06517222599509524,0.05517292839752159
4.903147511167302,20.27778879027,0.0488186,0.06070210447039423,0.05173131437011666
4.915648910493945,20.32949042367,0.0471994,0.0562227109455212,0.049699694668277894
4.928150309820588,20.38119205707,0.0407218,0.05190679179531615,0.0452670529773984
4.9406517091472315,20.43289369047,0.0359572,0.0475908726451111,0.03874135522243908
4.953120210054594,20.48445926694,0.030903,0.04335784092282226,0.03408069961049287
4.9656216093812375,20.53616090034,0.0227132,0.039667519173868605,0.028209441790096497
4.978123008707881,20.58786253374,0.0101898,0.035977197424914946,0.018370812254082176
4.990591509615244,20.63942811021,0.0,0.03229658704898483,0.009577551114765204
