frecuencia_THz,energia_meV,DOS_original,DOS_nueva
0.0,0.0,0.0,0.0
0.012492124793661198,0.05166327696125195,3.2476898664e-07,3.1761233178848336e-07
0.024984249587322396,0.1033265539225039,1.2990804354e-06,1.2886605624908718e-06
0.037476374381882976,0.15498983088747537,2.9229343463e-06,2.9127141922095753e-06
0.049968499175843964,0.20665310784996715,5.1963307193e-06,5.113285975009611e-06
0.06246062396980496,0.25831638481245894,8.1192695545e-06,8.021506445985153e-06
0.07495274876376595,0.30997966177495073,3.1048987539e-05,3.040232504730893e-05
0.08744487355472902,0.3616429387250441,4.3034503025e-05,4.2782814240418496e-05
0.09993699834869,0.4133062156875359,5.0758870886e-05,5.150507998567661e-05
0.11242912314265101,0.4649694926500277,6.9414372683e-05,7.094712448197864e-05
0.124921247936612,0.5166327696125195,0.00010259399114,9.965788184259641e-05
0.13741337273057297,0.5682960465750112,0.00011307061799,0.00011076041547567981
0.14990549752453397,0.619959323537503,0.00023165314837,0.0002302765628092405
0.16239762231849497,0.6716226004999949,0.00017639340558,0.00017676525301443406
0.17488974711245595,0.7232858774624866,0.00019726880097,0.00020148106913494114
0.18738187190641695,0.7749491544249785,0.00025060987185,0.00024337452162661693
0.19987399670037792,0.8266124313874702,0.00027592776941,0.000267831692708857
0.21236612149433892,0.878275708349962,0.00029596767922,0.0002904899538799081
0.22485824628829995,0.9299389853124539,0.00040113613944,0.0004071308319182834
0.237350371079263,0.9816022622625471,0.00037908356733,0.00037617010390110506
0.249842495873224,1.033265539225039,0.00040591603584,0.0004049170425640342
0.262334620667185,1.0849288161875308,0.0004334784743,0.0004260263859120771
0.27482674546114594,1.1365920931500224,0.00048782138005,0.0004907137068777119
0.287318870255107,1.1882553701125145,0.0005531523113,0.0005568139964180842
0.29981099503707626,1.2399186470254124,0.00060993815715,0.0006093374439471407
0.31230311984902476,1.2915819240622948,0.0006216193768,0.0006338992289758787
0.32479524463099413,1.343245200975193,0.00062925264187,0.0006170719863453963
0.33728736944294263,1.394908478012075,0.00066462297005,0.0006782180642197688
0.3497794942249119,1.4465717549249733,0.00071948764048,0.000715573817321793
0.36227161900688126,1.4982350318378714,0.00078767794064,0.0007732200515123723
0.37476374381882976,1.5498983088747538,0.00085711846456,0.0008385905256522653
0.387255868600799,1.6015615857876517,0.00089441928806,0.000884767572242487
0.3997479934127476,1.653224862824534,0.00090353237114,0.0009249089382753931
0.4122401181947169,1.7048881397374323,0.00092852000448,0.0009382875484409717
0.42473224297668616,1.7565514166503304,0.00097279834382,0.000945338968988926
0.4372243677886347,1.8082146936872125,0.0010207739883,0.001042999501326143
0.44971649257060403,1.8598779706001107,0.0010798469874,0.0010661703680656897
0.4622086173525733,1.911541247513009,0.0011711644298,0.0012061601625660671
0.47470074216452185,1.963204524549891,0.0012031847771,0.0012165959544893534
0.4871928669464911,2.014867801462789,0.0012379502412,0.0012165247225965558
0.49968499175843967,2.0665310784996715,0.0012807700963,0.0013000370033427434
0.512177116540409,2.11819435541257,0.0013222012719,0.0013004666272528522
0.5246692413223782,2.169857632325468,0.0013643736475,0.0013350274464120988
0.5371613661343269,2.2215209093623502,0.0014193609092,0.0014608104077619298
0.549653490916296,2.273184186275248,0.0014756955545,0.0015035445517529293
0.5621456157282446,2.3248474633121305,0.0015284387138,0.0014997837865854448
0.574637740510214,2.376510740225029,0.0015855761441,0.0015629443774736024
0.5871298652921831,2.4281740171379265,0.0016243237832,0.0016087764549489224
0.5996219901041318,2.4798372941748092,0.0016773638121,0.0016391963336304318
0.6121141148861011,2.531500571087707,0.0017499258285,0.001736727512425537
0.6246062396980495,2.5831638481245895,0.0018059085231,0.0017882889110746405
0.6370983644800189,2.6348271250374875,0.0018302878598,0.0018335609383547937
0.6495904892619883,2.686490401950386,0.0018638847714,0.0019054619656398441
0.6620826140739366,2.738153678987268,0.0019305747245,0.0019619899647205703
0.674574738855906,2.789816955900166,0.0020027959389,0.002006049874893153
0.6870668636678546,2.8414802329370485,0.0020679523171,0.0020226019396111976
0.6995589884498238,2.8931435098499465,0.002127019304,0.0021243159121593176
0.7120511132317932,2.944806786762845,0.0021728751291,0.002188107519758226
0.7245432380437417,2.996470063799727,0.0022156264343,0.0022737729302754186
0.7370353628257109,3.048133340712625,0.0022960011471,0.0022525851166625096
0.7495274876376595,3.0997966177495075,0.0023586647049,0.0023758206206465913
0.7620196124196288,3.1514598946624055,0.0023980391429,0.002408879456955646
0.774511737201598,3.2031231715753035,0.0024687901409,0.002527199902552549
0.7870038620135467,3.254786448612186,0.0025534229422,0.002604808285308587
0.7994959867955159,3.3064497255250838,0.00258089917,0.0025746003405045016
0.8119881115774852,3.358113002437982,0.0026293972874,0.0025722012998611126
0.8244802363894338,3.4097762794748645,0.0026850635743,0.002662595061790892
0.8369723611714031,3.4614395563877625,0.0027544198499,0.0027176454817788255
0.8494644859833516,3.513102833424645,0.00282546893,0.002896515277952237
0.8619566107653209,3.564766110337543,0.0029251928799,0.0028516423532273746
0.8744487355472902,3.616429387250441,0.0029723539737,0.0029671171061601224
0.8869408603592387,3.6680926642873235,0.002998396867,0.00293362835490158
0.8994329851412081,3.7197559412002215,0.0030684401435,0.0030362437822176827
0.9119251099531566,3.771419218237104,0.0031561722287,0.003213375487675102
0.9244172347351258,3.8230824951500018,0.0032463355079,0.0032059817883527877
0.9369093595170951,3.8747457720628997,0.003301930815,0.003206686999255893
0.9494014843290437,3.926409049099782,0.0033480607323,0.003441008756853372
0.961893609111013,3.9780723260126805,0.003401649732,0.003386348100797839
0.9743857339229616,4.029735603049563,0.0034812734596,0.0033931399872246825
0.9868778587049308,4.081398879962461,0.0035515036504,0.0034941244529360076
0.9993699834869,4.133062156875359,0.003617550543,0.0035305912695495676
1.0118621082988486,4.1847254339122415,0.0037004119331,0.0038053757052205
1.024354233080818,4.23638871082514,0.0037704531465,0.0036795394703725923
1.0368463578927665,4.288051987862022,0.0038463084915,0.0038290825578586214
1.0493384826747358,4.33971526477492,0.0039147810603,0.0040063707657589966
1.061830607456705,4.391378541687818,0.0039653563555,0.003918605946589603
1.0743227322686537,4.4430418187247005,0.0040330146138,0.003949834242140007
1.0868148570506229,4.494705095637598,0.0041229461894,0.004151220029314449
1.099306981832592,4.546368372550496,0.004210118453,0.0041868738654355225
1.1117991066445407,4.598031649587378,0.0042729087237,0.004332704321782361
1.12429123142651,4.649694926500278,0.0043221256104,0.004288638932600784
1.1367833562384584,4.701358203537159,0.00442452514,0.004296634010649372
1.149275481020428,4.753021480450058,0.0045110383232,0.004428474108660924
1.1617676058023971,4.804684757362955,0.0046093140161,0.00447607869580639
1.1742597306143456,4.856348034399838,0.0046776623789,0.004569272347904335
1.186751855396315,4.908011311312736,0.0047219742198,0.004684828658213734
1.1992439802082635,4.9596745883496185,0.0047894206955,0.004930084770471334
1.2117361049902327,5.011337865262516,0.0048995873844,0.005041213131651777
1.2242282297722022,5.063001142175414,0.0049863442114,0.004954287490931021
1.2367203545841505,5.114664419212296,0.0050555156774,0.005051708686671259
1.24921247936612,5.166327696125195,0.0051498479777,0.005005638160749011
1.2617046041780686,5.2179909731620775,0.0052233872652,0.005173226652167134
1.2741967289600378,5.269654250074975,0.0053183538289,0.00530549017204601
1.286688853742007,5.321317526987873,0.0053939686551,0.0055429283313836765
1.2991809785539556,5.372980804024755,0.0054568495331,0.005511852222385202
1.3116731033359248,5.424644080937654,0.0055418208789,0.005659180277073834
1.3241652281478733,5.476307357974536,0.0056457296295,0.005567887775353602
1.336657352929843,5.527970634887435,0.0057237248358,0.005579795030223738
1.349149477711812,5.579633911800332,0.0058404003686,0.005981907049049923
1.3616416025237605,5.631297188837215,0.0059128860277,0.005745102177251013
1.37413372730573,5.682960465750113,0.0060033995125,0.006016063164257712
1.386625852087699,5.73462374266301,0.0061056651234,0.006032338880865382
1.3991179768996476,5.786287019699893,0.0061915432096,0.006127929957580781
1.4116101016816172,5.837950296612791,0.0062663022104,0.0061441090472375325
1.4241022264935654,5.889613573649673,0.0063551759517,0.00626445474758263
1.4365943512755348,5.941276850562572,0.0064560883153,0.0063405052317773705
1.4490864760575042,5.99294012747547,0.006548285667,0.006433740926144166
1.4615786008694527,6.044603404512352,0.0066595094236,0.006711634604149497
1.4740707256514218,6.09626668142525,0.0067525703364,0.006702381991808473
1.4865628504633706,6.147929958462132,0.0068522126877,0.006723977218930634
1.4990549752453397,6.199593235375031,0.0069485140964,0.007068137791874797
1.511547100027309,6.251256512287929,0.007040456457,0.007246802273125908
1.5240392248392576,6.302919789324811,0.0071384598221,0.007124669934550252
1.536531349621227,6.354583066237709,0.0072121523955,0.007249933823375243
1.5490234744331755,6.406246343274591,0.0073463675336,0.007563621902181136
1.5615155992151448,6.45790962018749,0.007459320423,0.007516001241015706
1.574007723997114,6.509572897100387,0.0075624553684,0.007561539421750057
1.5864998488090625,6.56123617413727,0.0076532649042,0.007625123190847057
1.5989919735910318,6.6128994510501675,0.0077666104991,0.007759060377471139
1.6114840984029803,6.66456272808705,0.00787527832,0.00779374166929044
1.6239762231849497,6.716226004999949,0.0080027559814,0.008053068654141292
1.636468347966919,6.767889281912847,0.0080989595643,0.007935771290918658
1.6489604727788676,6.819552558949729,0.008189432261,0.008068207606399265
1.6614525975608367,6.8712158358626265,0.008316225278,0.008292684336728485
1.6739447223727855,6.922879112899509,0.0084340659848,0.00842774909061244
1.6864368471547546,6.974542389812407,0.0085435315144,0.008669958633950519
1.6989289719367238,7.026205666725305,0.0086736523886,0.008468003022112173
1.7114210967486725,7.077868943762187,0.008795391285,0.009048849437952316
1.7239132215306419,7.129532220675086,0.008917567752,0.008818988855348823
1.736405346312611,7.181195497587984,0.0090262545608,0.008958040915163099
1.7488974711245597,7.232858774624867,0.0091442018488,0.009414556605397991
1.7613895959065289,7.284522051537764,0.0092782496741,0.009473330465495101
1.7738817207184774,7.336185328574647,0.0094170238174,0.009199254045708594
1.7863738455004468,7.3878486054875445,0.0095458977311,0.0094708131296851
1.7988659702824161,7.439511882400443,0.009686234179,0.009600097668608117
1.8113580950943644,7.491175159437325,0.0098103767964,0.009965823517054316
1.823850219876334,7.542838436350223,0.0099340786079,0.009637455276427863
1.8363423446882825,7.594501713387106,0.010073288144,0.010041200704888105
1.8488344694702517,7.6461649903000035,0.010238925868,0.010540661004911484
1.861326594252221,7.697828267212902,0.010386183325,0.010654364604644036
1.8738187190641695,7.749491544249784,0.010520209858,0.010751914093957546
1.8863108438461387,7.801154821162682,0.010655713524,0.01044057658062975
1.8988029686580874,7.852818098199564,0.01081039323,0.01059440726716659
1.9112950934400565,7.9044813751124625,0.010966499905,0.010800246459230483
1.923787218222026,7.956144652025361,0.011122156227,0.010841598928734191
1.9362793430339746,8.007807929062244,0.011295697114,0.011014258469735484
1.9487714678159438,8.059471205975141,0.011472933035,0.011378478620657701
1.9612635926278923,8.111134483012023,0.011616309467,0.011854773655418413
1.9737557174098617,8.162797759924922,0.011780732314,0.01177586421031802
1.9862478421918308,8.21446103683782,0.011959062126,0.012262865425228328
1.9987399670037793,8.266124313874702,0.012140165195,0.012125684486101365
2.0112320917857485,8.3177875907876,0.012325348255,0.012023884394896829
2.0237242165677176,8.369450867700497,0.012545935832,0.012568665968366243
2.0362163413796663,8.42111414473738,0.012736703862,0.012537159045172965
2.048708466161636,8.47277742165028,0.012909786554,0.01323099396796316
2.061200590973584,8.52444069868716,0.01308962443,0.013404924244890608
2.073692715755554,8.57610397560006,0.01330744054,0.01344402810418421
2.086184840537523,8.627767252512959,0.01353210266,0.013676522483030801
2.0986769653494717,8.67943052954984,0.013757156757,0.01411060813313695
2.111169090131441,8.731093806462738,0.013994887641,0.013835486338517845
2.1236612149433896,8.78275708349962,0.014221588356,0.014395834794752862
2.1361533397253587,8.834420360412519,0.014436210092,0.014738322581730929
2.148645464507328,8.886083637325417,0.014691684,0.015067121701591918
2.1611375893192766,8.937746914362299,0.014972851267,0.015319062002411985
2.1736297141012457,8.989410191275196,0.015255330331,0.014800258647097398
2.1861218389131944,9.04107346831208,0.015499907303,0.01540970924179948
2.1986139636951636,9.092736745224977,0.015808400008,0.015610498500896325
2.2111060884771327,9.144400022137875,0.016090676811,0.015849382454302622
2.2235982132890815,9.196063299174757,0.016372502599,0.01604856227076906
2.2360903380710506,9.247726576087654,0.016733817166,0.01656988030775669
2.248582462882999,9.299389853124538,0.017084626023,0.017428900068253143
2.2610745876649685,9.351053130037435,0.01740897675,0.01763799688225185
2.273566712446938,9.402716406950335,0.017802832882,0.018034187071751574
2.2860588372588864,9.454379683987217,0.018166224408,0.01834910818977678
2.298550962040856,9.506042960900116,0.018539210706,0.01885213176404194
2.311043086822825,9.557706237813013,0.019015180779,0.019451919400577243
2.3235352116347734,9.609369514849895,0.019474900336,0.019669080790329963
2.336027336416743,9.661032791762793,0.019930349777,0.019573254433529357
2.3485194612286913,9.712696068799676,0.020479784394,0.01993596272938337
2.3610115860106604,9.764359345712574,0.020977119081,0.020567017537376303
2.37350371079263,9.816022622625471,0.021578625252,0.02139019673168232
2.3859958356045783,9.867685899662353,0.02223386219,0.02237654562817233
2.3984879603865474,9.91934917657525,0.022896688745,0.022540373038912036
2.410980085198496,9.971012453612135,0.02365888414,0.02350279663742885
2.4234722099804653,10.022675730525032,0.024424605727,0.02509282947455392
2.435964334762435,10.074339007437931,0.025321795629,0.024762538045420758
2.448456459574383,10.126002284474811,0.026310879325,0.02596854197425747
2.4609485843563528,10.177665561387713,0.027405154457,0.027140625935878758
2.473440709168301,10.229328838424593,0.028622633944,0.027940745938464306
2.4859328339502706,10.280992115337492,0.030046778404,0.03057702584575513
2.49842495873224,10.33265539225039,0.031781304833,0.03236458844339732
2.5109170835441885,10.384318669287273,0.033732178896,0.03338279128923746
2.5234092083261577,10.43598194620017,0.036257027197,0.03671346807274285
2.5359013331381064,10.487645223237053,0.039384411399,0.03973661082759666
2.5483934579200755,10.53930850014995,0.043792288539,0.045012564865878305
2.5608855827020447,10.590971777062848,0.050707934318,0.05140384263891135
2.5733777075139934,10.642635054099731,0.071260844376,0.072700758339404
2.5858698322959626,10.694298331012629,0.064715096202,0.06352095141171024
2.5983619571079113,10.74596160804951,0.063529318472,0.061861907173632914
2.6108540818898804,10.797624884962408,0.063230500275,0.06425272087394363
2.6233462066718496,10.849288161875307,0.055420222036,0.0562261988126365
2.6358383314837983,10.90095143891219,0.051191145931,0.05013504376520059
2.648330456265768,10.952614715825089,0.044278685091,0.04431876800573537
2.660822581047737,11.004277992737986,0.037621394495,0.036896190557462315
2.673314705859686,11.05594126977487,0.034464073702,0.03537313201926422
2.685806830641655,11.107604546687767,0.032131985436,0.032676870110034444
2.698298955453603,11.15926782372465,0.030382086788,0.030994410237307122
2.710791080235573,11.210931100637547,0.028946410479,0.028621736704926928
2.723283205017542,11.262594377550444,0.027871967829,0.028068849670885163
2.7357753298294902,11.314257654587328,0.026789281105,0.027261507635552754
2.74826745461146,11.365920931500225,0.025948119894,0.025232774970055896
2.760759579423408,11.417584208537107,0.025225165937,0.02519838458093512
2.7732517042053773,11.469247485450005,0.024578066429,0.024739198250496034
2.785743828987347,11.520910762362904,0.02394589053,0.023395998560146944
2.798235953799295,11.572574039399786,0.023391599828,0.02301702445855429
2.8107280785812643,11.624237316312684,0.022891157312,0.023304016413757313
2.823220203393213,11.675900593349565,0.022491093616,0.023163071281156612
2.835712328175182,11.727563870262465,0.022122200089,0.022028268925751313
2.8482044529571517,11.779227147175364,0.02170698635,0.021728413806583816
2.8606965777691005,11.830890424212246,0.02134931062,0.02165497685951726
2.8731887025510696,11.882553701125143,0.021065509819,0.020553019429287576
2.8856808273630183,11.934216978162027,0.0208305638,0.020784756005944992
2.8981729521449875,11.985880255074925,0.020592100083,0.020117134056886407
2.9106650769269566,12.037543531987822,0.020352461257,0.020016924482317844
2.9231572017389054,12.089206809024704,0.020120921812,0.019890193372957662
2.9356493265208745,12.140870085937602,0.019933925489,0.020430839777797975
2.9481414513028437,12.1925333628505,0.019777864854,0.020370813679567563
2.9606335761147924,12.244196639887383,0.019628591708,0.019945148185679454
2.9731257008967615,12.29585991680028,0.019496110362,0.018973587163965962
2.9856178257087103,12.347523193837162,0.019348241334,0.0198672028188707
2.9981099503707624,12.399186470254124,0.019235761855,0.01953725802681074
3.0106020751527316,12.450849747167021,0.019146961452,0.01911830719988691
3.023094199934701,12.50251302407992,0.019048027112,0.018705437549161465
3.035586325016463,12.55417630223266,0.01895637853,0.018549993275228296
3.048078449798432,12.605839579145558,0.01888181613,0.018640248001699097
3.0605705745804017,12.657502856058457,0.018834058457,0.018899899337161158
3.073062699362371,12.709166132971355,0.01876840222,0.01889881812578347
3.08555482414434,12.760829409884254,0.018741639078,0.01840056436651794
3.098046948926309,12.812492686797151,0.018718344046,0.018621380003171012
3.1105390737082783,12.864155963710049,0.018701638567,0.01917541276633621
3.123031198490248,12.915819240622946,0.018676715955,0.018256865779865294
3.1355233232722175,12.967482517535846,0.018675840806,0.018888821771832254
3.1480154480541866,13.019145794448743,0.018667635173,0.019008738386809172
3.160507572836156,13.070809071361642,0.018682169002,0.019065075364799046
3.172999697618125,13.12247234827454,0.018696525349,0.018209023399106596
3.185491822400094,13.174135625187438,0.018730164729,0.018444874569226076
3.1979839471820637,13.225798902100335,0.018769473589,0.01886758632460521
3.2104760719640333,13.277462179013234,0.018827446153,0.018906759817278226
3.2229681967460024,13.329125455926134,0.018874755151,0.018692658315221253
3.2354603215279716,13.380788732839031,0.018903229872,0.01908355293817701
3.2479524463099407,13.432452009751929,0.018956689692,0.018780360310780224
3.26044457109191,13.484115286664826,0.01904909869,0.01960078385445911
3.2729366958738795,13.535778563577724,0.019168136217,0.018803737387157744
3.285428820655849,13.587441840490623,0.019277355625,0.019219957519002445
3.297920945437818,13.639105117403522,0.019396694599,0.0194257121981647
3.3104130702197874,13.69076839431642,0.019520750842,0.020097527436505332
3.3229051950017565,13.742431671229317,0.019639173544,0.019631273513492854
3.3353973197837257,13.794094948142215,0.019787328514,0.020330192898254055
3.347889444865488,13.845758226294956,0.019926944172,0.02040966346917106
3.360381569647457,13.897421503207854,0.020110104258,0.019639396089881057
3.372873694429426,13.949084780120751,0.020323791337,0.020523261573525645
3.3853658192113953,14.000748057033649,0.020558556995,0.02033355122838568
3.3978579439933645,14.052411333946546,0.02076486619,0.021090818123787537
3.410350068775334,14.104074610859447,0.021014261179,0.021181562068442426
3.4228421935573037,14.155737887772345,0.021359076766,0.02193582717750547
3.435334318339273,14.207401164685242,0.021767360808,0.02219097405034277
3.447826443121242,14.25906444159814,0.022436889011,0.02293099784291974
3.460318567903211,14.310727718511037,0.023054777354,0.02364762840965227
3.4728106926851803,14.362390995423935,0.023444966763,0.022927790114245332
3.48530281746715,14.414054272336836,0.023844352604,0.023456008671499093
3.4977949422491195,14.465717549249733,0.023440390485,0.02413963102983161
3.5102870670310886,14.517380826162631,0.02336755394,0.02304998946351909
3.5227791918130578,14.569044103075528,0.023180646365,0.023587821589757436
3.535271316595027,14.620707379988426,0.023136115005,0.02254781910648352
3.547763441376996,14.672370656901325,0.023122330912,0.022461796899792073
3.5602555661589657,14.724033933814225,0.023073954263,0.02332658992868222
3.5727476909409353,14.775697210727122,0.023124370582,0.023812835077342363
3.5852398157229044,14.82736048764002,0.02312484552,0.023494706686568338
3.5977319405048735,14.879023764552917,0.023094421499,0.0231434149918676
3.6102240652868427,14.930687041465815,0.02317298241,0.02256458459872168
3.622716190068812,14.982350318378714,0.023173835892,0.02356658600159899
3.6352083148507814,15.034013595291613,0.023228925392,0.02297376669680388
3.6477004396327506,15.08567687220451,0.02333623648,0.023607820210120145
3.66019256441472,15.137340149117408,0.023328606841,0.023167358368659175
3.6726846894964815,15.189003427270148,0.023443841657,0.023488643956035796
3.685176814278451,15.240666704183047,0.023465605141,0.02406272586610938
3.6976689390604203,15.292329981095945,0.023477509064,0.023296608191856492
3.7101610638423894,15.343993258008842,0.023576120875,0.023895834787583035
3.722653188624359,15.39565653492174,0.023772361792,0.023772122023534615
3.735145313406328,15.447319811834639,0.023873566377,0.023210325763779332
3.7476374381882973,15.498983088747536,0.024081649408,0.0243716399222232
3.760129562970267,15.550646365660436,0.024135319549,0.024794124344100298
3.772621687752236,15.602309642573333,0.024251186007,0.024552211634864846
3.785113812534205,15.65397291948623,0.024441502226,0.02424401034851069
3.797605937316175,15.705636196399128,0.024684217714,0.025331193887548342
3.810098062098144,15.757299473312028,0.025044473605,0.024392483246356806
3.822590186880113,15.808962750224925,0.025239901259,0.0247200494434713
3.8350823116620827,15.860626027137824,0.025571947144,0.025466484807795384
3.847574436444052,15.912289304050722,0.025876633514,0.02555636162136982
3.8600665612260205,15.963952580963618,0.026319022827,0.026470257050473903
3.8725586860079906,16.01561585787652,0.026880931393,0.027655622634987394
3.88505081078996,16.067279134789416,0.027459470986,0.0267171284977821
3.897542935571929,16.118942411702314,0.02746293602,0.026996471336942843
3.9100350603538985,16.17060568861521,0.027760471407,0.028264967449112385
3.922527185135867,16.22226896552811,0.028233277557,0.02768588017376301
3.9350193099178368,16.27393224244101,0.028873446156,0.029123136140894092
3.9475114346998064,16.325595519353907,0.030069190403,0.029224607608508882
3.9600035594817755,16.377258796266805,0.031122916953,0.0320184774731748
3.972495684263745,16.428922073179702,0.032550742933,0.03277538993513466
3.9849878093455064,16.480585351332444,0.034388880669,0.0348541896599731
3.997479934127476,16.53224862824534,0.03660604516,0.0355108085591655
4.009972058909445,16.58391190515824,0.042872187299,0.04249464016147932
4.022464183691414,16.63557518207114,0.068973695928,0.06738675052124696
4.034956308473383,16.687238458984034,0.071217640048,0.07041315889057866
4.047448433255353,16.738901735896935,0.068216340007,0.07001914800631506
4.059940558037323,16.790565012809832,0.060868592814,0.0598777589995508
4.072432682819292,16.84222828972273,0.057230046557,0.0562995151563498
4.084924807601261,16.893891566635627,0.047742126718,0.04643828414334571
4.09741693238323,16.945554843548525,0.045333948954,0.046222424825845966
4.1099090571652,16.997218120461426,0.045861002231,0.044732149709373656
4.122401181947168,17.04888139737432,0.047558162345,0.04797141768029103
4.134893306729138,17.10054467428722,0.050277153806,0.04955551345229463
4.147385431511108,17.15220795120012,0.053837561404,0.05399376527914159
4.159877556293076,17.203871228113016,0.057771306136,0.05833213439167375
4.172369681075046,17.255534505025917,0.059457843139,0.05949406083381162
4.184861805857015,17.30719778193881,0.061769610824,0.060256575097232624
4.197353930638984,17.358861058851712,0.064566473867,0.06569045956345176
4.209846055420954,17.410524335764606,0.068078050106,0.06662784147596629
4.222338180202923,17.462187612677507,0.073402611209,0.07485581385014492
4.234830304984893,17.513850889590405,0.081019349054,0.08128893430673263
4.247322429766862,17.565514166503302,0.086963903395,0.08592652050110454
4.259814554548831,17.617177443416203,0.08984333925,0.08896463985181104
4.2723066793308,17.668840720329097,0.093394070567,0.09290206384214396
4.28479880411277,17.720503997241998,0.098970317472,0.1016089235963804
4.297290928894739,17.772167274154896,0.10370830758,0.10620684391788289
4.309783053976501,17.823830552307637,0.086254578923,0.08678833570644609
4.32227517875847,17.87549382922053,0.072904249826,0.07220174728441
4.334767303540439,17.927157106133432,0.065065076721,0.06470476849754611
4.347259428322409,17.978820383046333,0.059071925342,0.06008798549116461
4.359751553104378,18.030483659959227,0.054370400625,0.05471073869881367
4.372243677886347,18.082146936872128,0.049980672439,0.049545383916683575
4.384735802668316,18.133810213785022,0.045875543612,0.04701332961906919
4.3972279274502855,18.185473490697923,0.042766492716,0.0434423772122504
4.409720052232255,18.23713676761082,0.039342311282,0.039706708657962234
4.422212177014224,18.288800044523718,0.036492274909,0.03700358424805781
4.434704301796194,18.34046332143662,0.033640788921,0.03318391843967824
4.447196426578163,18.392126598349513,0.030775342766,0.030485320547662665
4.4596885513601325,18.443789875262414,0.028349894044,0.028006911657514663
4.472180676142101,18.49545315217531,0.025555496933,0.025474066010580283
4.484672800924071,18.54711642908821,0.022881183192,0.023343914688979773
4.49716492570604,18.59877970600111,0.019229217587,0.019384388438588307
4.509657050488009,18.650442982914004,0.014332557665,0.014025593416817236
4.522149175269979,18.702106259826905,0.013920935409,0.013904973322205269
4.534641300051947,18.7537695367398,0.013597196262,0.013485394295988863
4.547133424833917,18.8054328136527,0.013307593649,0.013151644640344958
4.559625549615887,18.857096090565598,0.01293508967,0.013212309660240333
4.572117674397855,18.908759367478496,0.012595856232,0.012332139546824496
4.584609799179825,18.960422644391397,0.012283495997,0.012208003386219139
4.5971019239617945,19.01208592130429,0.011999022066,0.011671629747800841
4.609594048743764,19.06374919821719,0.011852805608,0.011885878430447363
4.622086173525733,19.115412475130086,0.011432031851,0.01173750652017311
4.634578298607495,19.16707575328283,0.011110784862,0.011362464888054848
4.647070423389463,19.218739030195724,0.010928728031,0.010778431576293523
4.659562548171434,19.270402307108625,0.010704997034,0.01099065320810779
4.6720546729534025,19.322065584021523,0.010428241531,0.010211908485186437
4.684546797735372,19.37372886093442,0.010103361904,0.010150050586342515
4.697038922517342,19.42539213784732,0.0098182809859,0.00960730337005477
4.70953104729931,19.477055414760216,0.0097554399579,0.009487709162912807
4.72202317208128,19.528718691673117,0.0093801470327,0.009609411932203486
4.734515296863249,19.58038196858601,0.0091001693103,0.008914684949181231
4.747007421645218,19.63204524549891,0.0089037930971,0.009169792933770656
4.759499546427188,19.683708522411813,0.0087163178488,0.008662979609421964
4.771991671209157,19.735371799324707,0.0084326614099,0.00830550677596691
4.784483795991126,19.787035076237608,0.0080418524889,0.008084211105901464
4.796975920773095,19.8386983531505,0.0079759840106,0.007945010609357801
4.809468045555065,19.890361630063403,0.0077096123094,0.007736761769831384
4.821960170337034,19.9420249069763,0.0073435990645,0.007240139965174627
4.834452295119004,19.993688183889198,0.0070764214736,0.007112940215425692
4.846944419900973,20.0453514608021,0.0069367302259,0.006855886720436356
4.859436544682942,20.097014737714993,0.0064550089685,0.006356530884179881
4.8719286694649115,20.148678014627894,0.0062951887894,0.006408035065618501
4.88442079424688,20.200341291540788,0.0059731805694,0.006033473707138237
4.89691291902885,20.25200456845369,0.0055228579843,0.005602957883196376
4.909405043810819,20.30366784536659,0.0053279975701,0.005365875300553265
4.921897168592788,20.355331122279484,0.0046443769896,0.004505355054257786
4.934389293374758,20.406994399192385,0.0043621600484,0.004398745109442964
4.9468814184565195,20.458657677345123,0.003914146758,0.003947154964891849
4.959373543238489,20.510320954258024,0.0033411476241,0.0033648913343193206
4.971865668020458,20.561984231170918,0.0020605448968,0.0020696015803868617
4.984357792802427,20.61364750808382,0.0,0.0
